<?xml version="1.0"?>
<COLLADA xmlns="http://www.collada.org/2005/11/COLLADASchema" version="1.4.1">
  <asset>
    <contributor>
      <author>Assimp</author>
      <authoring_tool>Assimp Exporter</authoring_tool>
    </contributor>
    <created>2018-06-27T23:53:24</created>
    <modified>2018-06-27T23:53:24</modified>
    <unit name="meter" meter="0.01" />
    <up_axis>Y_UP</up_axis>
  </asset>
  <library_effects>
    <effect id="teeth-fx" name="teeth">
      <profile_COMMON>
        <technique sid="standard">
          <phong>
            <diffuse>
              <color sid="diffuse">0.6   0.6   0.6   1</color>
            </diffuse>
          </phong>
        </technique>
      </profile_COMMON>
    </effect>
    <effect id="body-fx" name="body">
      <profile_COMMON>
        <technique sid="standard">
          <phong>
            <diffuse>
              <color sid="diffuse">0.6   0.6   0.6   1</color>
            </diffuse>
          </phong>
        </technique>
      </profile_COMMON>
    </effect>
    <effect id="eyes-fx" name="eyes">
      <profile_COMMON>
        <technique sid="standard">
          <phong>
            <diffuse>
              <color sid="diffuse">0.6   0.6   0.6   1</color>
            </diffuse>
          </phong>
        </technique>
      </profile_COMMON>
    </effect>
  </library_effects>
  <library_materials>
    <material id="teeth" name="teeth">
      <instance_effect url="#teeth-fx"/>
    </material>
    <material id="body" name="body">
      <instance_effect url="#body-fx"/>
    </material>
    <material id="eyes" name="eyes">
      <instance_effect url="#eyes-fx"/>
    </material>
  </library_materials>
  <library_geometries>
    <geometry id="meshId0" name="meshId0_name" >
      <mesh>
        <source id="meshId0-positions" name="meshId0-positions">
          <float_array id="meshId0-positions-array" count="5541"> 0.0361571 0.097029 -0.965085 0.0281833 0.0913765 -0.96146 0.027331 0.0902886 -0.965552 0.0322455 0.091996 -0.970462 0.0184637 0.0922359 -0.963997 0.021867 0.0902233 -0.96702 0.027331 0.0902886 -0.965552 0.0281833 0.0913765 -0.96146 0.0329647 0.103763 -0.974934 0.0312008 0.09572 -0.97685 0.0248189 0.0962336 -0.97739 0.0217419 0.104653 -0.980755 0.0135041 0.0974698 -0.974858 0.0201224 0.0917347 -0.97342 0.0217419 0.104653 -0.980755 0.0248189 0.0962336 -0.97739 0.027331 0.0902886 -0.965552 0.0323138 0.0679576 -0.981204 0.0324791 0.0772223 -0.977064 0.0322455 0.091996 -0.970462 0.027331 0.0902886 -0.965552 0.021867 0.0902233 -0.96702 0.0287819 0.0730275 -0.978694 0.0323138 0.0679576 -0.981204 0.0201224 0.0917347 -0.97342 0.0288231 0.0739294 -0.982793 0.0312008 0.09572 -0.97685 0.0326469 0.0793364 -0.980878 0.0329609 0.0699782 -0.984557 0.0248189 0.0962336 -0.97739 0.0248189 0.0962336 -0.97739 0.0329609 0.0699782 -0.984557 0.0324791 0.0772223 -0.977064 0.0323138 0.0679576 -0.981204 0.0329609 0.0699782 -0.984557 0.0326469 0.0793364 -0.980878 0.0287819 0.0730275 -0.978694 0.0288231 0.0739294 -0.982793 0.0329609 0.0699782 -0.984557 0.0323138 0.0679576 -0.981204 0.0269757 0.109912 -0.966291 0.0185993 0.115223 -0.958671 0.0185993 0.115223 -0.958671 0.0120285 0.103755 -0.962717 0.0102918 0.110379 -0.971039 0.0167106 0.120506 -0.971126 0.0167106 0.120506 -0.971126 0.0259621 0.114939 -0.975568 0.0329647 0.103763 -0.974934 0.0259621 0.114939 -0.975568 0.0167106 0.120506 -0.971126 0.0387975 0.0873813 -0.930815 0.0244281 0.0853778 -0.928902 0.0255245 0.0813247 -0.933656 0.0346179 0.0822635 -0.934348 0.0244281 0.0853778 -0.928902 0.0187639 0.08701 -0.936213 0.022854 0.0834749 -0.937494 0.0255245 0.0813247 -0.933656 0.0383881 0.0909221 -0.942136 0.0349789 0.0838367 -0.941432 0.0300306 0.084354 -0.945779 0.0304827 0.0910659 -0.95063 0.0197456 0.0891194 -0.945869 0.0237667 0.084226 -0.943597 0.0304827 0.0910659 -0.95063 0.0300306 0.084354 -0.945779 0.0255245 0.0813247 -0.933656 0.0296887 0.0643525 -0.93996 0.0320306 0.0700666 -0.938938 0.0346179 0.0822635 -0.934348 0.0255245 0.0813247 -0.933656 0.022854 0.0834749 -0.937494 0.0276019 0.0674111 -0.941824 0.0296887 0.0643525 -0.93996 0.0237667 0.084226 -0.943597 0.0283809 0.0670935 -0.945037 0.0349789 0.0838367 -0.941432 0.0342977 0.0703252 -0.942887 0.0300306 0.084354 -0.945779 0.0305001 0.0657625 -0.944327 0.0300306 0.084354 -0.945779 0.0305001 0.0657625 -0.944327 0.0296887 0.0643525 -0.93996 0.0305001 0.0657625 -0.944327 0.0342977 0.0703252 -0.942887 0.0320306 0.0700666 -0.938938 0.0296887 0.0643525 -0.93996 0.0276019 0.0674111 -0.941824 0.0283809 0.0670935 -0.945037 0.0305001 0.0657625 -0.944327 0.0299121 0.0964975 -0.937312 0.0205848 0.101975 -0.935407 0.0205848 0.101975 -0.935407 0.0141256 0.0925512 -0.940362 0.0177112 0.0964582 -0.949378 0.0255311 0.104203 -0.947894 0.0255311 0.104203 -0.947894 0.034178 0.0989995 -0.946585 0.0383881 0.0909221 -0.942136 0.034178 0.0989995 -0.946585 0.0255311 0.104203 -0.947894 0.0436146 0.0891107 -0.904212 0.0298116 0.0838188 -0.901435 0.0335775 0.0822794 -0.906801 0.0414346 0.0836049 -0.907384 0.0239993 0.0837833 -0.908811 0.0307342 0.0800422 -0.910673 0.0335775 0.0822794 -0.906801 0.0298116 0.0838188 -0.901435 0.0436542 0.0913655 -0.917095 0.0411124 0.0843423 -0.914419 0.0366504 0.0823247 -0.918628 0.0373954 0.0863892 -0.92633 0.0248956 0.0856853 -0.919753 0.0309274 0.0802343 -0.916676 0.0373954 0.0863892 -0.92633 0.0366504 0.0823247 -0.918628 0.0335775 0.0822794 -0.906801 0.0385206 0.0653163 -0.909857 0.0404421 0.0703421 -0.910315 0.0414346 0.0836049 -0.907384 0.0335775 0.0822794 -0.906801 0.0307342 0.0800422 -0.910673 0.0351769 0.0698002 -0.911443 0.0385206 0.0653163 -0.909857 0.0309274 0.0802343 -0.916676 0.0364895 0.0702474 -0.912979 0.0402281 0.0713727 -0.912152 0.0411124 0.0843423 -0.914419 0.0366504 0.0823247 -0.918628 0.0402218 0.0652432 -0.912654 0.0366504 0.0823247 -0.918628 0.0402218 0.0652432 -0.912654 0.0402218 0.0652432 -0.912654 0.0402281 0.0713727 -0.912152 0.0404421 0.0703421 -0.910315 0.0385206 0.0653163 -0.909857 0.0402218 0.0652432 -0.912654 0.0385206 0.0653163 -0.909857 0.0351769 0.0698002 -0.911443 0.0364895 0.0702474 -0.912979 0.033205 0.095846 -0.911321 0.0229884 0.0995692 -0.909775 0.0229884 0.0995692 -0.909775 0.0184874 0.0887389 -0.913962 0.0213339 0.0925678 -0.92327 0.0275191 0.101753 -0.922427 0.0275191 0.101753 -0.922427 0.0369896 0.0984103 -0.920785 0.0434145 0.0849901 -0.887303 0.0415551 0.0784563 -0.894635 0.0402648 0.0813362 -0.898921 0.0429411 0.0900543 -0.898463 0.0427201 0.0789238 -0.882655 0.0397165 0.0750656 -0.893131 0.0415551 0.0784563 -0.894635 0.0434145 0.0849901 -0.887303 0.0340767 0.0810265 -0.899789 0.0290008 0.0854416 -0.901146 0.0293161 0.0776008 -0.896293 0.0277218 0.0828955 -0.893028 0.0282157 0.0730946 -0.887046 0.0326292 0.071611 -0.893449 0.0277218 0.0828955 -0.893028 0.0293161 0.0776008 -0.896293 0.0415551 0.0784563 -0.894635 0.0402929 0.0662143 -0.903686 0.0400702 0.0720551 -0.902633 0.0402648 0.0813362 -0.898921 0.0415551 0.0784563 -0.894635 0.0397165 0.0750656 -0.893131 0.0398512 0.0686405 -0.900134 0.0402929 0.0662143 -0.903686 0.0326292 0.071611 -0.893449 0.0379149 0.0687303 -0.900305 0.0382472 0.0728828 -0.901944 0.0340767 0.0810265 -0.899789 0.0293161 0.0776008 -0.896293 0.0367003 0.0694165 -0.902339 0.0293161 0.0776008 -0.896293 0.0367003 0.0694165 -0.902339 0.0402929 0.0662143 -0.903686 0.0367003 0.0694165 -0.902339 0.0382472 0.0728828 -0.901944 0.0400702 0.0720551 -0.902633 0.0402929 0.0662143 -0.903686 0.0398512 0.0686405 -0.900134 0.0379149 0.0687303 -0.900305 0.0367003 0.0694165 -0.902339 0.0394275 0.0933557 -0.88683 0.0381512 0.0909893 -0.876089 0.0381512 0.0909893 -0.876089 0.0379671 0.0814566 -0.875413 0.0284407 0.0857237 -0.876084 0.0287427 0.096517 -0.878682 0.0287427 0.096517 -0.878682 0.0296844 0.0967627 -0.888812 0.0414078 0.0702118 -0.881913 0.0442523 0.0653186 -0.875205 0.0418884 0.0626516 -0.878304 0.0394691 0.0652934 -0.882722 0.0442523 0.0653186 -0.875205 0.0439306 0.0594793 -0.87106 0.0407333 0.0593224 -0.875648 0.0418884 0.0626516 -0.878304 0.0304449 0.0697666 -0.885434 0.0340292 0.0649747 -0.883817 0.0244559 0.0675198 -0.877492 0.0317729 0.0616973 -0.881447 0.0248362 0.0624952 -0.869474 0.0334591 0.0583872 -0.877614 0.0244559 0.0675198 -0.877492 0.0317729 0.0616973 -0.881447 0.0418884 0.0626516 -0.878304 0.0384864 0.0504122 -0.887138 0.0369948 0.0560542 -0.886765 0.0394691 0.0652934 -0.882722 0.0418884 0.0626516 -0.878304 0.0407333 0.0593224 -0.875648 0.0372259 0.0528192 -0.882834 0.0384864 0.0504122 -0.887138 0.0334591 0.0583872 -0.877614 0.035719 0.0560122 -0.880593 0.0351172 0.0589518 -0.884109 0.0340292 0.0649747 -0.883817 0.0345493 0.057817 -0.882646 0.0317729 0.0616973 -0.881447 0.0317729 0.0616973 -0.881447 0.0345493 0.057817 -0.882646 0.0384864 0.0504122 -0.887138 0.0345493 0.057817 -0.882646 0.0351172 0.0589518 -0.884109 0.0369948 0.0560542 -0.886765 0.0345493 0.057817 -0.882646 0.0384864 0.0504122 -0.887138 0.0372259 0.0528192 -0.882834 0.035719 0.0560122 -0.880593 0.0357544 0.0773674 -0.87051 0.0380453 0.0773238 -0.859769 0.0380453 0.0773238 -0.859769 0.034294 0.0654683 -0.859092 0.0247676 0.0697354 -0.859763 0.0250696 0.0805287 -0.862362 0.0250696 0.0805287 -0.862362 0.0260113 0.0807744 -0.872491 0.0496554 0.0431291 -0.852756 0.0472491 0.0425663 -0.858506 0.0488085 0.0469455 -0.861829 0.0534083 0.0504627 -0.858775 0.0371868 0.0425095 -0.8548 0.0425653 0.0416001 -0.859788 0.0472491 0.0425663 -0.858506 0.0496554 0.0431291 -0.852756 0.0470133 0.0576259 -0.864908 0.0470891 0.0495818 -0.866166 0.0424332 0.0498135 -0.867421 0.0389914 0.0548444 -0.86956 0.0307268 0.0497967 -0.861442 0.0389745 0.0448364 -0.864199 0.0389914 0.0548444 -0.86956 0.0424332 0.0498135 -0.867421 0.0472491 0.0425663 -0.858506 0.0539483 0.028608 -0.878244 0.054931 0.0330351 -0.873568 0.0488085 0.0469455 -0.861829 0.0472491 0.0425663 -0.858506 0.0425653 0.0416001 -0.859788 0.0506112 0.0313639 -0.87521 0.0539483 0.028608 -0.878244 0.0389745 0.0448364 -0.864199 0.0505781 0.0318351 -0.87926 0.0541811 0.0359533 -0.876724 0.0470891 0.0495818 -0.866166 0.0424332 0.0498135 -0.867421 0.0540851 0.0295796 -0.882598 0.0424332 0.0498135 -0.867421 0.0540851 0.0295796 -0.882598 0.0541811 0.0359533 -0.876724 0.054931 0.0330351 -0.873568 0.0539483 0.028608 -0.878244 0.0540851 0.0295796 -0.882598 0.0539483 0.028608 -0.878244 0.0506112 0.0313639 -0.87521 0.0505781 0.0318351 -0.87926 0.0540851 0.0295796 -0.882598 0.0466949 0.0710171 -0.845644 0.0384988 0.0634063 -0.845081 0.0384988 0.0634063 -0.845081 0.0325095 0.0523216 -0.850765 0.0286107 0.0603267 -0.856837 0.033833 0.0710258 -0.855415 0.033833 0.0710258 -0.855415 0.0426373 0.0678974 -0.854986 0.0428607 0.0393051 -0.846568 0.0522236 0.0452769 -0.847148 0.0524391 0.0410525 -0.842384 0.0475445 0.0378076 -0.8434 0.0558812 0.0498273 -0.841232 0.0541324 0.0420411 -0.838869 0.0524391 0.0410525 -0.842384 0.0522236 0.0452769 -0.847148 0.0455325 0.036788 -0.837499 0.0409121 0.0373987 -0.836142 0.0447747 0.0397866 -0.830682 0.049066 0.0378336 -0.833993 0.0556654 0.0447273 -0.830631 0.0548452 0.0410489 -0.837017 0.0447747 0.0397866 -0.830682 0.049066 0.0378336 -0.833993 0.0524391 0.0410525 -0.842384 0.0601116 0.0276207 -0.843106 0.0563492 0.0305203 -0.842851 0.0475445 0.0378076 -0.8434 0.0524391 0.0410525 -0.842384 0.0541324 0.0420411 -0.838869 0.0582812 0.0321628 -0.84149 0.0601116 0.0276207 -0.843106 0.0548452 0.0410489 -0.837017 0.0588692 0.0316734 -0.840088 0.0552784 0.0293185 -0.841897 0.0455325 0.036788 -0.837499 0.049066 0.0378336 -0.833993 0.0608578 0.0259846 -0.841915 0.049066 0.0378336 -0.833993 0.0608578 0.0259846 -0.841915 0.0608578 0.0259846 -0.841915 0.0552784 0.0293185 -0.841897 0.0563492 0.0305203 -0.842851 0.0601116 0.0276207 -0.843106 0.0608578 0.0259846 -0.841915 0.0601116 0.0276207 -0.843106 0.0582812 0.0321628 -0.84149 0.0588692 0.0316734 -0.840088 0.0428644 0.0543872 -0.843915 0.0468574 0.0644963 -0.842335 0.0468574 0.0644963 -0.842335 0.0561278 0.0596932 -0.835548 0.0486378 0.0586325 -0.828324 0.0384713 0.060541 -0.832366 0.0384713 0.060541 -0.832366 0.0356744 0.0517732 -0.836709 0.055036 0.0421387 -0.81774 0.0520424 0.0358168 -0.814598 0.045658 0.0354334 -0.816522 0.0438525 0.0411141 -0.819486 0.055036 0.0421387 -0.81774 0.0586242 0.0390172 -0.809514 0.0537242 0.0345282 -0.811086 0.0520424 0.0358168 -0.814598 0.0414327 0.0343706 -0.812282 0.037761 0.0388674 -0.81112 0.0423396 0.0379459 -0.802471 0.0456599 0.0351126 -0.807527 0.0517409 0.0343404 -0.802823 0.0521193 0.0341009 -0.80812 0.0423396 0.0379459 -0.802471 0.0456599 0.0351126 -0.807527 0.0520424 0.0358168 -0.814598 0.0481955 0.0234849 -0.817287 0.0470323 0.0262619 -0.817079 0.045658 0.0354334 -0.816522 0.0520424 0.0358168 -0.814598 0.0537242 0.0345282 -0.811086 0.0502602 0.0264856 -0.815132 0.0481955 0.0234849 -0.817287 0.0521193 0.0341009 -0.80812 0.0495364 0.0249593 -0.813871 0.0414327 0.0343706 -0.812282 0.0451459 0.0252571 -0.815882 0.0456599 0.0351126 -0.807527 0.0467291 0.0214092 -0.816027 0.0456599 0.0351126 -0.807527 0.0467291 0.0214092 -0.816027 0.0467291 0.0214092 -0.816027 0.0451459 0.0252571 -0.815882 0.0470323 0.0262619 -0.817079 0.0481955 0.0234849 -0.817287 0.0467291 0.0214092 -0.816027 0.0481955 0.0234849 -0.817287 0.0502602 0.0264856 -0.815132 0.0495364 0.0249593 -0.813871 0.0524904 0.0533339 -0.813833 0.0614921 0.0583042 -0.809973 0.0614921 0.0583042 -0.809973 0.0641809 0.0481159 -0.803336 0.0564178 0.0515508 -0.797224 0.0507057 0.0598936 -0.801819 0.0507057 0.0598936 -0.801819 0.0439916 0.055397 -0.808004 0.059336 0.0357752 -0.802391 0.0557583 0.0330671 -0.801321 0.050116 0.0338081 -0.802421 0.0483633 0.0365353 -0.803725 0.059336 0.0357752 -0.802391 0.0638216 0.0342573 -0.796412 0.0579702 0.0310004 -0.798517 0.0557583 0.0330671 -0.801321 0.041499 0.035862 -0.798116 0.046875 0.0326099 -0.799496 0.0503474 0.0290104 -0.795811 0.0483843 0.0301268 -0.793085 0.0560158 0.0286581 -0.792606 0.0560442 0.0294789 -0.796342 0.0483843 0.0301268 -0.793085 0.0503474 0.0290104 -0.795811 0.050116 0.0338081 -0.802421 0.0557583 0.0330671 -0.801321 0.0540638 0.0198353 -0.805419 0.0521087 0.0198421 -0.80602 0.0557583 0.0330671 -0.801321 0.0579702 0.0310004 -0.798517 0.0550243 0.022191 -0.803119 0.0540638 0.0198353 -0.805419 0.0560442 0.0294789 -0.796342 0.0539874 0.0208023 -0.802584 0.0504914 0.0223594 -0.803711 0.046875 0.0326099 -0.799496 0.0503474 0.0290104 -0.795811 0.0526292 0.0170079 -0.804653 0.0503474 0.0290104 -0.795811 0.0526292 0.0170079 -0.804653 0.0526292 0.0170079 -0.804653 0.0504914 0.0223594 -0.803711 0.0521087 0.0198421 -0.80602 0.0540638 0.0198353 -0.805419 0.0526292 0.0170079 -0.804653 0.0540638 0.0198353 -0.805419 0.0550243 0.022191 -0.803119 0.0539874 0.0208023 -0.802584 0.0572248 0.0480881 -0.797102 0.066356 0.0526121 -0.793004 0.066356 0.0526121 -0.793004 0.0697527 0.0429655 -0.790196 0.0626977 0.0467997 -0.785897 0.056559 0.0548757 -0.787844 0.056559 0.0548757 -0.787844 0.0494382 0.0506279 -0.793292 0.0428664 0.029262 -0.788924 0.0546136 0.0324455 -0.790461 0.0557853 0.0276796 -0.790616 0.0478483 0.0245516 -0.78913 0.0546136 0.0324455 -0.790461 0.067725 0.0298872 -0.78915 0.0647511 0.0259615 -0.787981 0.0557853 0.0276796 -0.790616 0.0479952 0.0206664 -0.78415 0.044889 0.0228312 -0.779189 0.0566966 0.0196602 -0.780293 0.0566317 0.019774 -0.775178 0.0678351 0.0218129 -0.780141 0.0642374 0.0211798 -0.78419 0.0566317 0.019774 -0.775178 0.0566966 0.0196602 -0.780293 0.0557853 0.0276796 -0.790616 0.0547294 0.0154721 -0.798612 0.0530671 0.0179237 -0.795471 0.0478483 0.0245516 -0.78913 0.0557853 0.0276796 -0.790616 0.0647511 0.0259615 -0.787981 0.0591504 0.0193217 -0.794214 0.0547294 0.0154721 -0.798612 0.0642374 0.0211798 -0.78419 0.0582309 0.016007 -0.793517 0.0479952 0.0206664 -0.78415 0.052333 0.015905 -0.793781 0.0566966 0.0196602 -0.780293 0.0547844 0.0129208 -0.799222 0.0566966 0.0196602 -0.780293 0.0547844 0.0129208 -0.799222 0.052333 0.015905 -0.793781 0.0530671 0.0179237 -0.795471 0.0547294 0.0154721 -0.798612 0.0547844 0.0129208 -0.799222 0.0547294 0.0154721 -0.798612 0.0591504 0.0193217 -0.794214 0.0582309 0.016007 -0.793517 0.0547844 0.0129208 -0.799222 0.0524846 0.0394607 -0.779178 0.0609272 0.0458487 -0.776254 0.0609272 0.0458487 -0.776254 0.0745954 0.0343614 -0.781245 0.0702907 0.0301572 -0.769893 0.0561408 0.0384034 -0.765909 0.0561408 0.0384034 -0.765909 0.0482299 0.0344744 -0.770963 -0.0177539 0.0958232 -0.971516 -0.0228747 0.0916915 -0.969277 -0.0285174 0.0956432 -0.975177 -0.0274069 0.100741 -0.979013 -0.0175101 0.0942033 -0.96083 -0.0235089 0.0901979 -0.963743 -0.0228747 0.0916915 -0.969277 -0.0177539 0.0958232 -0.971516 -0.0380839 0.10091 -0.970708 -0.0362898 0.0935228 -0.968951 -0.038507 0.101196 -0.959361 -0.0378787 0.092115 -0.963154 -0.0284544 0.09167 -0.952145 -0.0281112 0.0898143 -0.958232 -0.038507 0.101196 -0.959361 -0.0378787 0.092115 -0.963154 -0.0228747 0.0916915 -0.969277 -0.0368124 0.0688133 -0.967939 -0.0362503 0.0755877 -0.971216 -0.0285174 0.0956432 -0.975177 -0.0228747 0.0916915 -0.969277 -0.0235089 0.0901979 -0.963743 -0.0348377 0.0730025 -0.965077 -0.0368124 0.0688133 -0.967939 -0.0281112 0.0898143 -0.958232 -0.0371784 0.078182 -0.962943 -0.0383116 0.0795347 -0.969096 -0.0362898 0.0935228 -0.968951 -0.0378787 0.092115 -0.963154 -0.0392587 0.0754949 -0.966036 -0.0378787 0.092115 -0.963154 -0.0392587 0.0754949 -0.966036 -0.0368124 0.0688133 -0.967939 -0.0392587 0.0754949 -0.966036 -0.0383116 0.0795347 -0.969096 -0.0362503 0.0755877 -0.971216 -0.0368124 0.0688133 -0.967939 -0.0348377 0.0730025 -0.965077 -0.0371784 0.078182 -0.962943 -0.0392587 0.0754949 -0.966036 -0.0237192 0.110093 -0.969348 -0.0138108 0.115927 -0.964426 -0.0138108 0.115927 -0.964426 -0.014944 0.104758 -0.956362 -0.0223258 0.111351 -0.952097 -0.0249671 0.121134 -0.958507 -0.0249671 0.121134 -0.958507 -0.0321998 0.115041 -0.965354 -0.0265491 0.0905 -0.950509 -0.0177266 0.090408 -0.944334 -0.023253 0.0844286 -0.940499 -0.0275847 0.0857418 -0.942565 -0.0177266 0.090408 -0.944334 -0.0175567 0.0896543 -0.933793 -0.0219082 0.0847148 -0.936111 -0.023253 0.0844286 -0.940499 -0.0333664 0.0875575 -0.940502 -0.0359235 0.0916758 -0.944131 -0.0357421 0.0867313 -0.935401 -0.0399037 0.0908531 -0.933077 -0.0275234 0.084947 -0.924723 -0.0272204 0.0818111 -0.929179 -0.0399037 0.0908531 -0.933077 -0.0357421 0.0867313 -0.935401 -0.023253 0.0844286 -0.940499 -0.0295668 0.0630129 -0.934471 -0.0292491 0.0724341 -0.937197 -0.0275847 0.0857418 -0.942565 -0.023253 0.0844286 -0.940499 -0.0219082 0.0847148 -0.936111 -0.0280289 0.0656199 -0.932302 -0.0295668 0.0630129 -0.934471 -0.0272204 0.0818111 -0.929179 -0.0295409 0.0718268 -0.930615 -0.03123 0.0734259 -0.936454 -0.0333664 0.0875575 -0.940502 -0.0357421 0.0867313 -0.935401 -0.0328035 0.0693906 -0.934048 -0.0357421 0.0867313 -0.935401 -0.0328035 0.0693906 -0.934048 -0.0328035 0.0693906 -0.934048 -0.0295668 0.0630129 -0.934471 -0.0280289 0.0656199 -0.932302 -0.0295409 0.0718268 -0.930615 -0.0264775 0.104163 -0.944437 -0.0189938 0.113143 -0.93999 -0.0189938 0.113143 -0.93999 -0.018606 0.103727 -0.929879 -0.027845 0.108868 -0.927791 -0.0317728 0.116302 -0.936339 -0.0317728 0.116302 -0.936339 -0.0363521 0.107411 -0.942363 -0.0247225 0.0876345 -0.922185 -0.0317437 0.0786596 -0.920719 -0.0342593 0.0822615 -0.92296 -0.0347084 0.0857546 -0.928309 -0.0241481 0.0852964 -0.912045 -0.0304598 0.0775181 -0.916453 -0.0317437 0.0786596 -0.920719 -0.0247225 0.0876345 -0.922185 -0.0403352 0.0828132 -0.919963 -0.0411153 0.0884267 -0.921603 -0.0409337 0.0814969 -0.911344 -0.044768 0.0852198 -0.909281 -0.0344951 0.0814646 -0.90484 -0.0327805 0.0792664 -0.90793 -0.044768 0.0852198 -0.909281 -0.0409337 0.0814969 -0.911344 -0.0317437 0.0786596 -0.920719 -0.038627 0.0658054 -0.920207 -0.0375308 0.073353 -0.921644 -0.0342593 0.0822615 -0.92296 -0.0317437 0.0786596 -0.920719 -0.0304598 0.0775181 -0.916453 -0.0371549 0.0659699 -0.918503 -0.038627 0.0658054 -0.920207 -0.0327805 0.0792664 -0.90793 -0.0390642 0.0656586 -0.917128 -0.039616 0.074717 -0.920651 -0.0403352 0.0828132 -0.919963 -0.0409337 0.0814969 -0.911344 -0.0405401 0.0669011 -0.919229 -0.0409337 0.0814969 -0.911344 -0.0405401 0.0669011 -0.919229 -0.0390642 0.0656586 -0.917128 -0.0405401 0.0669011 -0.919229 -0.038627 0.0658054 -0.920207 -0.0371549 0.0659699 -0.918503 -0.0306045 0.0927961 -0.926383 -0.0250592 0.0961415 -0.915488 -0.0250592 0.0961415 -0.915488 -0.0256656 0.0841627 -0.908619 -0.0256656 0.0841627 -0.908619 -0.0344659 0.0892437 -0.90503 -0.0344951 0.0814646 -0.90484 -0.0241481 0.0852964 -0.912045 -0.037543 0.100844 -0.902378 -0.037543 0.100844 -0.902378 -0.0392591 0.0981369 -0.923393 -0.0309206 0.0788034 -0.899778 -0.0283915 0.0745158 -0.891567 -0.0317069 0.0711774 -0.893102 -0.0349884 0.0748608 -0.898782 -0.0317776 0.0675774 -0.886581 -0.0359038 0.0653897 -0.891386 -0.0317069 0.0711774 -0.893102 -0.0283915 0.0745158 -0.891567 -0.0419299 0.0782638 -0.898364 -0.0405451 0.0743589 -0.897534 -0.0438157 0.0757128 -0.890667 -0.0411309 0.0710077 -0.893909 -0.0411334 0.0704445 -0.886159 -0.0397472 0.0659336 -0.8917 -0.0438157 0.0757128 -0.890667 -0.0411309 0.0710077 -0.893909 -0.0317069 0.0711774 -0.893102 -0.0395073 0.0493382 -0.901987 -0.0388017 0.0552968 -0.902186 -0.0349884 0.0748608 -0.898782 -0.0317069 0.0711774 -0.893102 -0.0359038 0.0653897 -0.891386 -0.0391047 0.0527316 -0.898802 -0.0395073 0.0493382 -0.901987 -0.0397472 0.0659336 -0.8917 -0.0404349 0.0542571 -0.898497 -0.0402577 0.0570946 -0.901319 -0.0405451 0.0743589 -0.897534 -0.0411309 0.0710077 -0.893909 -0.0411247 0.0548504 -0.900139 -0.0411309 0.0710077 -0.893909 -0.0411247 0.0548504 -0.900139 -0.0395073 0.0493382 -0.901987 -0.0411247 0.0548504 -0.900139 -0.0402577 0.0570946 -0.901319 -0.0388017 0.0552968 -0.902186 -0.0395073 0.0493382 -0.901987 -0.0391047 0.0527316 -0.898802 -0.0404349 0.0542571 -0.898497 -0.0411247 0.0548504 -0.900139 -0.0305907 0.0806661 -0.895347 -0.0260575 0.0825723 -0.884617 -0.0260575 0.0825723 -0.884617 -0.0317315 0.070026 -0.88109 -0.0402771 0.0770136 -0.881176 -0.0385456 0.0881238 -0.886066 -0.0385456 0.0881238 -0.886066 -0.0397894 0.082625 -0.89724 -0.0289719 0.0604982 -0.876256 -0.0325058 0.058055 -0.878616 -0.0326674 0.0613771 -0.883622 -0.0302488 0.065443 -0.884122 -0.0289719 0.0604982 -0.876256 -0.0325142 0.0543757 -0.871411 -0.0359241 0.0551936 -0.875962 -0.0325058 0.058055 -0.878616 -0.0417224 0.0676849 -0.881476 -0.0407495 0.062698 -0.882281 -0.0410506 0.0608051 -0.876923 -0.0446327 0.0637769 -0.874704 -0.0444428 0.0580165 -0.871683 -0.0399535 0.0567303 -0.876049 -0.0446327 0.0637769 -0.874704 -0.0410506 0.0608051 -0.876923 -0.0325058 0.058055 -0.878616 -0.0391114 0.0478667 -0.886667 -0.0380255 0.0491586 -0.887246 -0.0326674 0.0613771 -0.883622 -0.0325058 0.058055 -0.878616 -0.0359241 0.0551936 -0.875962 -0.0378078 0.0502121 -0.883505 -0.0391114 0.0478667 -0.886667 -0.0399535 0.0567303 -0.876049 -0.0394551 0.0520746 -0.882007 -0.0393173 0.0510472 -0.88664 -0.0407495 0.062698 -0.882281 -0.0410506 0.0608051 -0.876923 -0.0400449 0.0505031 -0.885221 -0.0410506 0.0608051 -0.876923 -0.0400449 0.0505031 -0.885221 -0.0391114 0.0478667 -0.886667 -0.0400449 0.0505031 -0.885221 -0.0393173 0.0510472 -0.88664 -0.0380255 0.0491586 -0.887246 -0.0394551 0.0520746 -0.882007 -0.0400449 0.0505031 -0.885221 -0.0311294 0.0647819 -0.879755 -0.0270046 0.0646277 -0.869528 -0.0270046 0.0646277 -0.869528 -0.0327473 0.0550742 -0.866458 -0.0410895 0.0613405 -0.86021 -0.0391796 0.0707636 -0.870004 -0.0391796 0.0707636 -0.870004 -0.0319534 0.0702793 -0.878213 -0.0415517 0.0580354 -0.870572 -0.0366093 0.050991 -0.868986 -0.0406624 0.0491839 -0.869065 -0.0451621 0.0523232 -0.870564 -0.0372487 0.0434259 -0.862698 -0.0395399 0.0437208 -0.864998 -0.0488739 0.0505812 -0.866772 -0.0499449 0.0542575 -0.865017 -0.0499449 0.0542575 -0.865017 -0.0488739 0.0505812 -0.866772 -0.0483911 0.0440327 -0.860365 -0.0509412 0.0442823 -0.856878 -0.0423084 0.0414758 -0.857213 -0.0444219 0.0417112 -0.859912 -0.0444219 0.0417112 -0.859912 -0.0423084 0.0414758 -0.857213 -0.0406624 0.0491839 -0.869065 -0.0534206 0.0342277 -0.885327 -0.0524343 0.0390461 -0.88213 -0.0451621 0.0523232 -0.870564 -0.0395399 0.0437208 -0.864998 -0.0516618 0.0346815 -0.880575 -0.0444219 0.0417112 -0.859912 -0.0524047 0.0340644 -0.877733 -0.0534246 0.0397649 -0.879839 -0.0488739 0.0505812 -0.866772 -0.0483911 0.0440327 -0.860365 -0.0488739 0.0505812 -0.866772 -0.0534246 0.0397649 -0.879839 -0.0546941 0.0343649 -0.88134 -0.0524047 0.0340644 -0.877733 -0.0444219 0.0417112 -0.859912 -0.0546941 0.0343649 -0.88134 -0.0534246 0.0397649 -0.879839 -0.0524343 0.0390461 -0.88213 -0.0534206 0.0342277 -0.885327 -0.0516618 0.0346815 -0.880575 -0.0524047 0.0340644 -0.877733 -0.031242 0.0619019 -0.862347 -0.0298952 0.053712 -0.859936 -0.034069 0.0445946 -0.860355 -0.0415804 0.0449982 -0.854239 -0.0415804 0.0449982 -0.854239 -0.0408523 0.057093 -0.852361 -0.0392671 0.0655402 -0.856265 -0.0392671 0.0655402 -0.856265 -0.0408523 0.057093 -0.852361 -0.0442623 0.0418826 -0.845332 -0.0431144 0.0358669 -0.837836 -0.0463602 0.0356336 -0.839035 -0.0497733 0.0378263 -0.844927 -0.0431144 0.0358669 -0.837836 -0.0485218 0.0377165 -0.830519 -0.0498779 0.037074 -0.833168 -0.0463602 0.0356336 -0.839035 -0.0531319 0.0399838 -0.842959 -0.0549038 0.0443024 -0.843589 -0.0551105 0.0396424 -0.837898 -0.0563152 0.0421516 -0.834793 -0.0533375 0.0395507 -0.83032 -0.0534183 0.038094 -0.834399 -0.0563152 0.0421516 -0.834793 -0.0551105 0.0396424 -0.837898 -0.0463602 0.0356336 -0.839035 -0.0575282 0.0222123 -0.850004 -0.0558723 0.0259243 -0.849725 -0.0497733 0.0378263 -0.844927 -0.0463602 0.0356336 -0.839035 -0.0498779 0.037074 -0.833168 -0.0556805 0.026629 -0.845357 -0.0575282 0.0222123 -0.850004 -0.0534183 0.038094 -0.834399 -0.0565005 0.0279351 -0.84446 -0.0569108 0.0280819 -0.848677 -0.0531319 0.0399838 -0.842959 -0.0551105 0.0396424 -0.837898 -0.0580048 0.0271108 -0.84665 -0.0551105 0.0396424 -0.837898 -0.0580048 0.0271108 -0.84665 -0.0580048 0.0271108 -0.84665 -0.0569108 0.0280819 -0.848677 -0.0558723 0.0259243 -0.849725 -0.0575282 0.0222123 -0.850004 -0.0575282 0.0222123 -0.850004 -0.0556805 0.026629 -0.845357 -0.0565005 0.0279351 -0.84446 -0.0580048 0.0271108 -0.84665 -0.0339715 0.053319 -0.830039 -0.0385106 0.053319 -0.840907 -0.0339715 0.053319 -0.830039 -0.0498389 0.0409244 -0.824779 -0.0540636 0.0430817 -0.827329 -0.0446881 0.053319 -0.830304 -0.0446881 0.053319 -0.830304 -0.0461583 0.053319 -0.841211 -0.0396064 0.0365476 -0.812838 -0.042095 0.0344305 -0.815175 -0.0454969 0.0361816 -0.819573 -0.0437379 0.0396161 -0.820612 -0.0396064 0.0365476 -0.812838 -0.0453722 0.0361577 -0.804851 -0.0457959 0.0354648 -0.808988 -0.042095 0.0344305 -0.815175 -0.0506129 0.0371155 -0.819436 -0.0520211 0.0400498 -0.821265 -0.0535188 0.0362689 -0.815116 -0.0570068 0.0386935 -0.813755 -0.05347 0.0370895 -0.806862 -0.0515385 0.0354667 -0.809966 -0.0570068 0.0386935 -0.813755 -0.0535188 0.0362689 -0.815116 -0.042095 0.0344305 -0.815175 -0.0469635 0.017388 -0.824658 -0.046877 0.0211699 -0.824409 -0.0454969 0.0361816 -0.819573 -0.042095 0.0344305 -0.815175 -0.0457959 0.0354648 -0.808988 -0.0466676 0.0250507 -0.818159 -0.0469635 0.017388 -0.824658 -0.0515385 0.0354667 -0.809966 -0.0483985 0.0248922 -0.818768 -0.0485542 0.0232174 -0.823335 -0.0506129 0.0371155 -0.819436 -0.0490608 0.022944 -0.8211 -0.0535188 0.0362689 -0.815116 -0.0535188 0.0362689 -0.815116 -0.0490608 0.022944 -0.8211 -0.0490608 0.022944 -0.8211 -0.0485542 0.0232174 -0.823335 -0.046877 0.0211699 -0.824409 -0.0469635 0.017388 -0.824658 -0.0469635 0.017388 -0.824658 -0.0466676 0.0250507 -0.818159 -0.0483985 0.0248922 -0.818768 -0.0490608 0.022944 -0.8211 -0.0378512 0.0493458 -0.820137 -0.040917 0.0411376 -0.804427 -0.040917 0.0411376 -0.804427 -0.0521428 0.0400008 -0.800981 -0.0559396 0.040476 -0.80477 -0.0530789 0.045762 -0.808616 -0.0530789 0.045762 -0.808616 -0.0511597 0.0432737 -0.819217 -0.0439314 0.035829 -0.799529 -0.0469748 0.0320139 -0.798965 -0.0505556 0.0342411 -0.802314 -0.0497637 0.0353069 -0.803953 -0.0504822 0.0297441 -0.79176 -0.0512255 0.0295629 -0.795988 -0.0469748 0.0320139 -0.798965 -0.0439314 0.035829 -0.799529 -0.055808 0.0347251 -0.802739 -0.0584527 0.0366706 -0.80392 -0.0585925 0.032213 -0.799755 -0.0604396 0.0339559 -0.798269 -0.0574115 0.030205 -0.793532 -0.0555022 0.0300703 -0.796796 -0.0604396 0.0339559 -0.798269 -0.0585925 0.032213 -0.799755 -0.0469748 0.0320139 -0.798965 -0.0517952 0.0209247 -0.808107 -0.0512667 0.0237242 -0.807905 -0.0505556 0.0342411 -0.802314 -0.0469748 0.0320139 -0.798965 -0.0512255 0.0295629 -0.795988 -0.0516444 0.0226202 -0.804111 -0.0517952 0.0209247 -0.808107 -0.0555022 0.0300703 -0.796796 -0.0538874 0.0234727 -0.803781 -0.0535394 0.0257723 -0.807155 -0.055808 0.0347251 -0.802739 -0.0585925 0.032213 -0.799755 -0.0545995 0.0238985 -0.805928 -0.0585925 0.032213 -0.799755 -0.0545995 0.0238985 -0.805928 -0.0517952 0.0209247 -0.808107 -0.0545995 0.0238985 -0.805928 -0.0535394 0.0257723 -0.807155 -0.0512667 0.0237242 -0.807905 -0.0517952 0.0209247 -0.808107 -0.0516444 0.0226202 -0.804111 -0.0538874 0.0234727 -0.803781 -0.0545995 0.0238985 -0.805928 -0.0472762 0.0353329 -0.799014 -0.0459312 0.0331691 -0.789966 -0.0459312 0.0331691 -0.789966 -0.0569373 0.0299205 -0.788239 -0.0607547 0.0312863 -0.791316 -0.0581177 0.0371412 -0.793449 -0.0581177 0.0371412 -0.793449 -0.0563181 0.0391743 -0.801636 -0.0502911 0.0334719 -0.791045 -0.0431336 0.0245673 -0.781177 -0.0476218 0.0219045 -0.78477 -0.0551519 0.0277887 -0.790821 -0.0431336 0.0245673 -0.781177 -0.0547638 0.0183881 -0.775701 -0.0547538 0.0183862 -0.779168 -0.0476218 0.0219045 -0.78477 -0.0618173 0.0264971 -0.789324 -0.0648204 0.0299385 -0.790794 -0.0641389 0.021756 -0.784113 -0.0677465 0.0218766 -0.782617 -0.0634384 0.0155735 -0.775573 -0.062023 0.0165353 -0.779226 -0.0677465 0.0218766 -0.782617 -0.0641389 0.021756 -0.784113 -0.0476218 0.0219045 -0.78477 -0.0555128 0.0103317 -0.793582 -0.0551115 0.0150718 -0.79132 -0.0551519 0.0277887 -0.790821 -0.0476218 0.0219045 -0.78477 -0.0547538 0.0183862 -0.779168 -0.0551762 0.0123538 -0.787764 -0.0555128 0.0103317 -0.793582 -0.062023 0.0165353 -0.779226 -0.0588373 0.0140912 -0.786602 -0.0582048 0.0166782 -0.791172 -0.0618173 0.0264971 -0.789324 -0.0605067 0.0159436 -0.788769 -0.0641389 0.021756 -0.784113 -0.0641389 0.021756 -0.784113 -0.0605067 0.0159436 -0.788769 -0.0555128 0.0103317 -0.793582 -0.0605067 0.0159436 -0.788769 -0.0582048 0.0166782 -0.791172 -0.0551115 0.0150718 -0.79132 -0.0555128 0.0103317 -0.793582 -0.0551762 0.0123538 -0.787764 -0.0588373 0.0140912 -0.786602 -0.0605067 0.0159436 -0.788769 -0.0473594 0.0306814 -0.787906 -0.041603 0.0320215 -0.772607 -0.041603 0.0320215 -0.772607 -0.0555779 0.0269643 -0.768916 -0.0665435 0.0256425 -0.772533 -0.0634384 0.0155735 -0.775573 -0.0665435 0.0256425 -0.772533 -0.0627669 0.036761 -0.778014 -0.0627669 0.036761 -0.778014 -0.0633406 0.0354732 -0.792248 -0.0627669 0.036761 -0.778014 0.0439846 -0.0447674 -0.899781 0.0400785 -0.0408372 -0.907185 0.0367336 -0.0395985 -0.903564 0.0412825 -0.0404058 -0.898826 0.0277209 -0.0386479 -0.905431 0.0308237 -0.0367432 -0.901857 0.0367336 -0.0395985 -0.903564 0.0400785 -0.0408372 -0.907185 0.0380943 -0.0415046 -0.892997 0.0386803 -0.0454601 -0.890777 0.0319997 -0.0413882 -0.892681 0.0298063 -0.0436378 -0.891653 0.0255192 -0.0427926 -0.89613 0.0286371 -0.0408465 -0.895997 0.0298063 -0.0436378 -0.891653 0.0319997 -0.0413882 -0.892681 0.0367336 -0.0395985 -0.903564 0.0363914 -0.0249232 -0.893659 0.0383981 -0.03011 -0.895127 0.0412825 -0.0404058 -0.898826 0.0367336 -0.0395985 -0.903564 0.0308237 -0.0367432 -0.901857 0.0341091 -0.0261746 -0.894626 0.0363914 -0.0249232 -0.893659 0.0286371 -0.0408465 -0.895997 0.0341326 -0.0268574 -0.892827 0.0380943 -0.0415046 -0.892997 0.0377987 -0.029143 -0.893128 0.0319997 -0.0413882 -0.892681 0.035761 -0.0259737 -0.892489 0.0319997 -0.0413882 -0.892681 0.035761 -0.0259737 -0.892489 0.0383981 -0.03011 -0.895127 0.0363914 -0.0249232 -0.893659 0.035761 -0.0259737 -0.892489 0.0377987 -0.029143 -0.893128 0.0341091 -0.0261746 -0.894626 0.0341326 -0.0268574 -0.892827 0.035761 -0.0259737 -0.892489 0.0363914 -0.0249232 -0.893659 0.0436412 -0.0489762 -0.900526 0.034962 -0.051216 -0.905465 0.034962 -0.051216 -0.905465 0.0265612 -0.0442484 -0.905997 0.0198627 -0.0481168 -0.899521 0.031656 -0.0527753 -0.892789 0.031656 -0.0527753 -0.892789 0.039674 -0.0480651 -0.889509 0.0361854 -0.0460667 -0.962859 0.0315438 -0.0450227 -0.969963 0.0310527 -0.041849 -0.965776 0.0336026 -0.0414816 -0.962209 0.0315438 -0.0450227 -0.969963 0.0228793 -0.0450498 -0.967627 0.0257827 -0.0428693 -0.965463 0.0310527 -0.041849 -0.965776 0.034745 -0.0468299 -0.951603 0.0340732 -0.0407876 -0.95768 0.0291476 -0.0388072 -0.954395 0.0280507 -0.0439797 -0.949794 0.0196718 -0.0457543 -0.959029 0.0235049 -0.0402363 -0.959174 0.0280507 -0.0439797 -0.949794 0.0291476 -0.0388072 -0.954395 0.0310527 -0.041849 -0.965776 0.0326653 -0.0210434 -0.959966 0.0339006 -0.0251387 -0.959206 0.0336026 -0.0414816 -0.962209 0.0310527 -0.041849 -0.965776 0.0257827 -0.0428693 -0.965463 0.0294457 -0.0240955 -0.960954 0.0326653 -0.0210434 -0.959966 0.0235049 -0.0402363 -0.959174 0.0293049 -0.0255611 -0.957621 0.0340732 -0.0407876 -0.95768 0.0338078 -0.0242057 -0.956538 0.0291476 -0.0388072 -0.954395 0.0330279 -0.0209498 -0.956969 0.0291476 -0.0388072 -0.954395 0.0330279 -0.0209498 -0.956969 0.0326653 -0.0210434 -0.959966 0.0330279 -0.0209498 -0.956969 0.0338078 -0.0242057 -0.956538 0.0339006 -0.0251387 -0.959206 0.0293049 -0.0255611 -0.957621 0.0330279 -0.0209498 -0.956969 0.0326653 -0.0210434 -0.959966 0.0294457 -0.0240955 -0.960954 0.0355071 -0.0513006 -0.963801 0.0292623 -0.057079 -0.969446 0.0292623 -0.057079 -0.969446 0.021153 -0.0478287 -0.969678 0.0187886 -0.0513176 -0.9603 0.0259403 -0.0587635 -0.956786 0.0259403 -0.0587635 -0.956786 0.033519 -0.0533702 -0.954018 0.0361735 -0.0478516 -0.936603 0.0361804 -0.035342 -0.939764 0.0346994 -0.0338134 -0.934219 0.0375527 -0.0388847 -0.930006 0.0361735 -0.0478516 -0.936603 0.030677 -0.0463372 -0.948254 0.0313781 -0.037305 -0.94397 0.0361804 -0.035342 -0.939764 0.0298917 -0.0327284 -0.93219 0.0254893 -0.0374526 -0.928565 0.0240478 -0.0340027 -0.935956 0.0191715 -0.0377198 -0.936759 0.0224542 -0.0441241 -0.946788 0.0248579 -0.0360758 -0.942456 0.0191715 -0.0377198 -0.936759 0.0240478 -0.0340027 -0.935956 0.0361804 -0.035342 -0.939764 0.0323243 -0.0177959 -0.941522 0.0321648 -0.0200741 -0.939621 0.0346994 -0.0338134 -0.934219 0.0361804 -0.035342 -0.939764 0.0313781 -0.037305 -0.94397 0.0303454 -0.0228914 -0.942795 0.0323243 -0.0177959 -0.941522 0.0248579 -0.0360758 -0.942456 0.028274 -0.0213379 -0.942857 0.0299168 -0.0198196 -0.939262 0.0298917 -0.0327284 -0.93219 0.0240478 -0.0340027 -0.935956 0.0294758 -0.017469 -0.941192 0.0240478 -0.0340027 -0.935956 0.0294758 -0.017469 -0.941192 0.0294758 -0.017469 -0.941192 0.0299168 -0.0198196 -0.939262 0.0321648 -0.0200741 -0.939621 0.0323243 -0.0177959 -0.941522 0.0323243 -0.0177959 -0.941522 0.0303454 -0.0228914 -0.942795 0.028274 -0.0213379 -0.942857 0.0294758 -0.017469 -0.941192 0.0367262 -0.0448622 -0.928095 0.0316582 -0.0497654 -0.933228 0.0316582 -0.0497654 -0.933228 0.0317877 -0.0470646 -0.945893 0.0225044 -0.0478592 -0.941628 0.0184743 -0.0458783 -0.932147 0.0184743 -0.0458783 -0.932147 0.0256935 -0.0431557 -0.926511 0.0317351 -0.0366918 -0.926496 0.0240543 -0.0332863 -0.91898 0.0298084 -0.0280412 -0.919063 0.0344143 -0.0296956 -0.922579 0.0256331 -0.0371798 -0.908894 0.031529 -0.0315948 -0.915047 0.0298084 -0.0280412 -0.919063 0.0240543 -0.0332863 -0.91898 0.0395146 -0.031728 -0.921444 0.040919 -0.0383197 -0.923586 0.0416801 -0.0419934 -0.914862 0.0406966 -0.0330886 -0.916853 0.0342978 -0.0425996 -0.90771 0.0357155 -0.0326738 -0.914042 0.0416801 -0.0419934 -0.914862 0.0406966 -0.0330886 -0.916853 0.0298084 -0.0280412 -0.919063 0.0386774 -0.0147315 -0.911153 0.0403485 -0.0161708 -0.914316 0.0344143 -0.0296956 -0.922579 0.0298084 -0.0280412 -0.919063 0.031529 -0.0315948 -0.915047 0.0376402 -0.0187219 -0.911063 0.0386774 -0.0147315 -0.911153 0.0357155 -0.0326738 -0.914042 0.03951 -0.0211831 -0.911105 0.0416415 -0.0182458 -0.913435 0.0395146 -0.031728 -0.921444 0.0406966 -0.0330886 -0.916853 0.043246 -0.0133822 -0.909866 0.0406966 -0.0330886 -0.916853 0.043246 -0.0133822 -0.909866 0.0386774 -0.0147315 -0.911153 0.043246 -0.0133822 -0.909866 0.0416415 -0.0182458 -0.913435 0.0403485 -0.0161708 -0.914316 0.043246 -0.0133822 -0.909866 0.0386774 -0.0147315 -0.911153 0.0376402 -0.0187219 -0.911063 0.03951 -0.0211831 -0.911105 0.0195879 -0.0450714 -0.923775 0.0301162 -0.0416716 -0.927889 0.0195879 -0.0450714 -0.923775 0.0219866 -0.0452327 -0.909317 0.0326791 -0.0475794 -0.909103 0.0341671 -0.0511662 -0.91816 0.0341671 -0.0511662 -0.91816 0.0398945 -0.0449038 -0.923296 0.040919 -0.0383197 -0.923586 0.0398945 -0.0449038 -0.923296 0.0341671 -0.0511662 -0.91816 0.0321658 -0.0496681 -0.867062 0.0423251 -0.0450897 -0.863247 0.0422505 -0.042043 -0.869631 0.034647 -0.0426332 -0.870195 0.0485235 -0.045794 -0.873919 0.0451039 -0.041959 -0.87538 0.0422505 -0.042043 -0.869631 0.0423251 -0.0450897 -0.863247 0.0311393 -0.0439551 -0.8765 0.0285607 -0.047332 -0.877594 0.0342214 -0.0447229 -0.885099 0.0361746 -0.0418605 -0.882268 0.0430295 -0.0451999 -0.883759 0.0416601 -0.0422501 -0.880685 0.0342214 -0.0447229 -0.885099 0.0361746 -0.0418605 -0.882268 0.0422505 -0.042043 -0.869631 0.0384414 -0.0271301 -0.877078 0.036625 -0.0306223 -0.874774 0.034647 -0.0426332 -0.870195 0.0422505 -0.042043 -0.869631 0.0451039 -0.041959 -0.87538 0.0402814 -0.028271 -0.877169 0.0384414 -0.0271301 -0.877078 0.0416601 -0.0422501 -0.880685 0.0386014 -0.0288159 -0.878586 0.0352651 -0.0311339 -0.876642 0.0311393 -0.0439551 -0.8765 0.0361746 -0.0418605 -0.882268 0.0374092 -0.0294782 -0.878731 0.0361746 -0.0418605 -0.882268 0.0374092 -0.0294782 -0.878731 0.0384414 -0.0271301 -0.877078 0.0374092 -0.0294782 -0.878731 0.0352651 -0.0311339 -0.876642 0.036625 -0.0306223 -0.874774 0.0384414 -0.0271301 -0.877078 0.0402814 -0.028271 -0.877169 0.0386014 -0.0288159 -0.878586 0.0374092 -0.0294782 -0.878731 0.0318319 -0.0538297 -0.868041 0.0404564 -0.0574015 -0.872235 0.0404564 -0.0574015 -0.872235 0.0474166 -0.0529139 -0.876126 0.042237 -0.0497099 -0.884446 0.0332608 -0.0539326 -0.882734 0.0332608 -0.0539326 -0.882734 0.026641 -0.0539174 -0.877822 0.0250092 -0.045389 -0.840364 0.0368554 -0.0348601 -0.842097 0.0343335 -0.0328128 -0.846141 0.0297253 -0.0362596 -0.845354 0.0447077 -0.0371665 -0.853678 0.0363982 -0.0357073 -0.852609 0.0343335 -0.0328128 -0.846141 0.0368554 -0.0348601 -0.842097 0.0274348 -0.0411927 -0.850504 0.0268738 -0.0472491 -0.848928 0.0291731 -0.0391508 -0.856054 0.0304942 -0.0439858 -0.85703 0.0397424 -0.0404436 -0.858917 0.0344424 -0.0379653 -0.855814 0.0304942 -0.0439858 -0.85703 0.0291731 -0.0391508 -0.856054 0.0343335 -0.0328128 -0.846141 0.0271965 -0.0245862 -0.850501 0.0275034 -0.0274394 -0.849021 0.0297253 -0.0362596 -0.845354 0.0343335 -0.0328128 -0.846141 0.0363982 -0.0357073 -0.852609 0.0295767 -0.0261465 -0.851374 0.0271965 -0.0245862 -0.850501 0.0344424 -0.0379653 -0.855814 0.0299717 -0.028569 -0.852734 0.0274348 -0.0411927 -0.850504 0.0262023 -0.0285051 -0.850652 0.0291731 -0.0391508 -0.856054 0.027138 -0.0266928 -0.852332 0.0291731 -0.0391508 -0.856054 0.027138 -0.0266928 -0.852332 0.0271965 -0.0245862 -0.850501 0.027138 -0.0266928 -0.852332 0.0262023 -0.0285051 -0.850652 0.0275034 -0.0274394 -0.849021 0.0299717 -0.028569 -0.852734 0.027138 -0.0266928 -0.852332 0.0271965 -0.0245862 -0.850501 0.0295767 -0.0261465 -0.851374 0.0340739 -0.0514356 -0.842284 0.0412322 -0.0522948 -0.849548 0.0412322 -0.0522948 -0.849548 0.0445869 -0.0437684 -0.855502 0.0360778 -0.0448062 -0.860897 0.0397424 -0.0404436 -0.858917 0.0360778 -0.0448062 -0.860897 0.0300357 -0.0515409 -0.856484 0.0300357 -0.0515409 -0.856484 0.025645 -0.0494428 -0.849489 0.0300357 -0.0515409 -0.856484 0.0334361 -0.0288599 -0.8334 0.0367861 -0.0259844 -0.834906 0.0381936 -0.0284872 -0.8397 0.037387 -0.0310427 -0.840114 0.0334361 -0.0288599 -0.8334 0.0391322 -0.0258384 -0.8275 0.0397007 -0.0236111 -0.830313 0.0367861 -0.0259844 -0.834906 0.0447954 -0.0296369 -0.844076 0.0417653 -0.0259327 -0.842208 0.0525706 -0.0235603 -0.840458 0.0466526 -0.0212876 -0.839359 0.0500827 -0.0217357 -0.82812 0.0467865 -0.0204021 -0.832266 0.0525706 -0.0235603 -0.840458 0.0466526 -0.0212876 -0.839359 0.0367861 -0.0259844 -0.834906 0.0380779 -0.0143927 -0.837566 0.0379625 -0.0161005 -0.839557 0.0381936 -0.0284872 -0.8397 0.0367861 -0.0259844 -0.834906 0.0397007 -0.0236111 -0.830313 0.0391897 -0.0142682 -0.836687 0.0380779 -0.0143927 -0.837566 0.0467865 -0.0204021 -0.832266 0.0420053 -0.0135474 -0.837359 0.0417653 -0.0259327 -0.842208 0.0399845 -0.0142449 -0.84137 0.0466526 -0.0212876 -0.839359 0.0396551 -0.00998545 -0.840401 0.0466526 -0.0212876 -0.839359 0.0396551 -0.00998545 -0.840401 0.0396551 -0.00998545 -0.840401 0.0399845 -0.0142449 -0.84137 0.0379625 -0.0161005 -0.839557 0.0380779 -0.0143927 -0.837566 0.0396551 -0.00998545 -0.840401 0.0380779 -0.0143927 -0.837566 0.0391897 -0.0142682 -0.836687 0.0420053 -0.0135474 -0.837359 0.0379548 -0.0341629 -0.839583 0.0366202 -0.0373632 -0.832849 0.0366202 -0.0373632 -0.832849 0.0395129 -0.0299419 -0.825095 0.0490434 -0.0310986 -0.828365 0.0491652 -0.0367123 -0.836881 0.0491652 -0.0367123 -0.836881 0.0467902 -0.0331167 -0.844203 0.0516019 -0.0308888 -0.807425 0.0574186 -0.024431 -0.812186 0.0517878 -0.0173513 -0.811538 0.0485903 -0.0191644 -0.806789 0.0574186 -0.024431 -0.812186 0.0533864 -0.0225004 -0.821586 0.0517464 -0.0185527 -0.819272 0.0517878 -0.0173513 -0.811538 0.0430885 -0.0229244 -0.80563 0.0380294 -0.0279779 -0.806749 0.0364608 -0.033239 -0.81823 0.0372471 -0.0247254 -0.815239 0.0407125 -0.0249966 -0.825593 0.0425701 -0.0215949 -0.822223 0.0364608 -0.033239 -0.81823 0.0372471 -0.0247254 -0.815239 0.0517878 -0.0173513 -0.811538 0.0459186 -0.0123432 -0.811216 0.0458833 -0.015512 -0.808159 0.0485903 -0.0191644 -0.806789 0.0517878 -0.0173513 -0.811538 0.0517464 -0.0185527 -0.819272 0.046342 -0.0133526 -0.81477 0.0459186 -0.0123432 -0.811216 0.0425701 -0.0215949 -0.822223 0.0416757 -0.0156697 -0.816365 0.0430885 -0.0229244 -0.80563 0.0421658 -0.0159014 -0.808067 0.0372471 -0.0247254 -0.815239 0.0403904 -0.0129177 -0.810909 0.0372471 -0.0247254 -0.815239 0.0403904 -0.0129177 -0.810909 0.0403904 -0.0129177 -0.810909 0.0421658 -0.0159014 -0.808067 0.0458833 -0.015512 -0.808159 0.0459186 -0.0123432 -0.811216 0.0403904 -0.0129177 -0.810909 0.0459186 -0.0123432 -0.811216 0.046342 -0.0133526 -0.81477 0.0416757 -0.0156697 -0.816365 0.0534283 -0.0334972 -0.807873 0.056209 -0.0322451 -0.812043 0.056209 -0.0322451 -0.812043 0.0542585 -0.0270693 -0.823464 0.0498818 -0.0343256 -0.823523 0.0492538 -0.041081 -0.815906 0.0492538 -0.041081 -0.815906 0.0450555 -0.0389245 -0.808842 0.0240035 -0.0462456 -0.996829 0.0242005 -0.0397423 -0.992258 0.0281942 -0.0406934 -0.989187 0.0305621 -0.0473352 -0.989521 0.0240035 -0.0462456 -0.996829 0.0174185 -0.0435495 -0.997637 0.0183569 -0.0395136 -0.993029 0.0242005 -0.0397423 -0.992258 0.029013 -0.0413314 -0.984942 0.0300193 -0.0473163 -0.981463 0.0222322 -0.0419825 -0.981849 0.0196287 -0.0464172 -0.97789 0.0108777 -0.0442378 -0.987238 0.0164774 -0.0407393 -0.986903 0.0196287 -0.0464172 -0.97789 0.0222322 -0.0419825 -0.981849 0.0242005 -0.0397423 -0.992258 0.0244143 -0.0261019 -0.985735 0.0267175 -0.0316895 -0.986289 0.0281942 -0.0406934 -0.989187 0.0242005 -0.0397423 -0.992258 0.0183569 -0.0395136 -0.993029 0.0216741 -0.0302709 -0.987724 0.0244143 -0.0261019 -0.985735 0.0164774 -0.0407393 -0.986903 0.021032 -0.0311827 -0.983356 0.029013 -0.0413314 -0.984942 0.0265203 -0.0301416 -0.984117 0.0222322 -0.0419825 -0.981849 0.0248516 -0.0261008 -0.982595 0.0222322 -0.0419825 -0.981849 0.0248516 -0.0261008 -0.982595 0.021032 -0.0311827 -0.983356 0.0164774 -0.0407393 -0.986903 0.0244143 -0.0261019 -0.985735 0.0248516 -0.0261008 -0.982595 0.0265203 -0.0301416 -0.984117 0.0267175 -0.0316895 -0.986289 0.021032 -0.0311827 -0.983356 0.0248516 -0.0261008 -0.982595 0.0244143 -0.0261019 -0.985735 0.0216741 -0.0302709 -0.987724 0.0282582 -0.0528646 -0.990222 0.0229635 -0.0524166 -0.992604 0.0135138 -0.0492736 -0.996803 0.0229635 -0.0524166 -0.992604 0.0114224 -0.0526121 -0.986963 0.0189061 -0.0595799 -0.982926 0.0189061 -0.0595799 -0.982926 0.0265267 -0.0549393 -0.979984 -0.0149772 -0.0412999 -0.994621 -0.0243412 -0.0450206 -0.995753 -0.0242334 -0.0404728 -0.992901 -0.020431 -0.0385181 -0.992913 -0.0243412 -0.0450206 -0.995753 -0.0303232 -0.0457569 -0.990596 -0.0289703 -0.0416694 -0.989712 -0.0242334 -0.0404728 -0.992901 -0.0171155 -0.0409143 -0.985542 -0.0147119 -0.0454408 -0.985024 -0.0226732 -0.0415685 -0.982264 -0.0260291 -0.045016 -0.979917 -0.0302821 -0.0440495 -0.984701 -0.0285981 -0.041505 -0.984363 -0.0260291 -0.045016 -0.979917 -0.0226732 -0.0415685 -0.982264 -0.0242334 -0.0404728 -0.992901 -0.0221898 -0.0292927 -0.98718 -0.0201392 -0.032153 -0.987684 -0.020431 -0.0385181 -0.992913 -0.0242334 -0.0404728 -0.992901 -0.0289703 -0.0416694 -0.989712 -0.0259702 -0.0305751 -0.986508 -0.0221898 -0.0292927 -0.98718 -0.0285981 -0.041505 -0.984363 -0.026266 -0.0328564 -0.983452 -0.0171155 -0.0409143 -0.985542 -0.0200649 -0.0312174 -0.984292 -0.0226732 -0.0415685 -0.982264 -0.0238969 -0.0255466 -0.983483 -0.0226732 -0.0415685 -0.982264 -0.0238969 -0.0255466 -0.983483 -0.026266 -0.0328564 -0.983452 -0.0285981 -0.041505 -0.984363 -0.0200649 -0.0312174 -0.984292 -0.0201392 -0.032153 -0.987684 -0.0221898 -0.0292927 -0.98718 -0.0238969 -0.0255466 -0.983483 -0.0238969 -0.0255466 -0.983483 -0.0221898 -0.0292927 -0.98718 -0.0259702 -0.0305751 -0.986508 -0.026266 -0.0328564 -0.983452 -0.016928 -0.0495421 -0.99091 -0.0222078 -0.0513316 -0.993223 -0.0222078 -0.0513316 -0.993223 -0.0256643 -0.0492566 -0.99033 -0.0287483 -0.0523307 -0.979021 -0.0302821 -0.0440495 -0.984701 -0.0287483 -0.0523307 -0.979021 -0.0273914 -0.0551201 -0.981612 -0.0273914 -0.0551201 -0.981612 -0.0197013 -0.0515959 -0.979239 -0.0147119 -0.0454408 -0.985024 -0.0197013 -0.0515959 -0.979239 -0.0273914 -0.0551201 -0.981612 -0.0273914 -0.0551201 -0.981612 -0.0223371 -0.0419176 -0.960465 -0.022629 -0.0447999 -0.967039 -0.0255982 -0.0409542 -0.965515 -0.0243854 -0.0393978 -0.962149 -0.0316234 -0.0487784 -0.969519 -0.0308029 -0.0427791 -0.964251 -0.0255982 -0.0409542 -0.965515 -0.022629 -0.0447999 -0.967039 -0.0272649 -0.0390145 -0.956956 -0.0276888 -0.0410666 -0.952746 -0.0306615 -0.0380329 -0.956853 -0.032186 -0.0421752 -0.953053 -0.0385056 -0.0454139 -0.959366 -0.0338957 -0.0410497 -0.959333 -0.032186 -0.0421752 -0.953053 -0.0306615 -0.0380329 -0.956853 -0.0255982 -0.0409542 -0.965515 -0.0321564 -0.0167237 -0.972225 -0.0301088 -0.0198135 -0.96953 -0.0243854 -0.0393978 -0.962149 -0.0255982 -0.0409542 -0.965515 -0.0308029 -0.0427791 -0.964251 -0.0333319 -0.0219108 -0.970706 -0.0321564 -0.0167237 -0.972225 -0.0338957 -0.0410497 -0.959333 -0.0342232 -0.0223529 -0.968053 -0.0272649 -0.0390145 -0.956956 -0.0313699 -0.0196161 -0.968184 -0.0332466 -0.0198269 -0.967893 -0.0306615 -0.0380329 -0.956853 -0.0306615 -0.0380329 -0.956853 -0.0332466 -0.0198269 -0.967893 -0.0321564 -0.0167237 -0.972225 -0.0332466 -0.0198269 -0.967893 -0.0313699 -0.0196161 -0.968184 -0.0301088 -0.0198135 -0.96953 -0.0321564 -0.0167237 -0.972225 -0.0333319 -0.0219108 -0.970706 -0.0342232 -0.0223529 -0.968053 -0.0332466 -0.0198269 -0.967893 -0.0210919 -0.046927 -0.957629 -0.023572 -0.0575869 -0.959726 -0.023572 -0.0575869 -0.959726 -0.0331885 -0.051934 -0.966642 -0.0355521 -0.0508787 -0.959785 -0.0303089 -0.0544258 -0.948826 -0.0303089 -0.0544258 -0.948826 -0.0255799 -0.0449986 -0.94866 -0.0422092 -0.0375647 -0.941371 -0.0399085 -0.0349821 -0.931552 -0.0365838 -0.0361051 -0.933961 -0.0369644 -0.0386539 -0.939356 -0.0291918 -0.0301928 -0.926465 -0.0300448 -0.0329256 -0.931649 -0.0365838 -0.0361051 -0.933961 -0.0399085 -0.0349821 -0.931552 -0.0317273 -0.0391191 -0.945198 -0.0290667 -0.0414605 -0.947643 -0.022908 -0.0360204 -0.942006 -0.0194619 -0.0385203 -0.940172 -0.0201937 -0.0345496 -0.930395 -0.0224534 -0.0335278 -0.933883 -0.0194619 -0.0385203 -0.940172 -0.022908 -0.0360204 -0.942006 -0.0365838 -0.0361051 -0.933961 -0.034264 -0.0187565 -0.947435 -0.0337681 -0.0205243 -0.947986 -0.0369644 -0.0386539 -0.939356 -0.0365838 -0.0361051 -0.933961 -0.0300448 -0.0329256 -0.931649 -0.0311105 -0.0239619 -0.942808 -0.034264 -0.0187565 -0.947435 -0.0224534 -0.0335278 -0.933883 -0.0292846 -0.0229734 -0.944056 -0.0317687 -0.0210965 -0.948947 -0.0317273 -0.0391191 -0.945198 -0.022908 -0.0360204 -0.942006 -0.030933 -0.0189234 -0.948395 -0.022908 -0.0360204 -0.942006 -0.030933 -0.0189234 -0.948395 -0.030933 -0.0189234 -0.948395 -0.0317687 -0.0210965 -0.948947 -0.0337681 -0.0205243 -0.947986 -0.034264 -0.0187565 -0.947435 -0.034264 -0.0187565 -0.947435 -0.0311105 -0.0239619 -0.942808 -0.0292846 -0.0229734 -0.944056 -0.030933 -0.0189234 -0.948395 -0.0424424 -0.0445545 -0.938688 -0.0390906 -0.0465546 -0.92855 -0.0390906 -0.0465546 -0.92855 -0.0318386 -0.0375864 -0.925086 -0.024645 -0.0429614 -0.930021 -0.0289324 -0.0509887 -0.935708 -0.0289324 -0.0509887 -0.935708 -0.0325417 -0.0469012 -0.943547 -0.0267358 -0.0392967 -0.910261 -0.0300097 -0.0332656 -0.914405 -0.0357804 -0.0339794 -0.913009 -0.0347163 -0.0387637 -0.90872 -0.0235986 -0.0339493 -0.918768 -0.0295962 -0.0288464 -0.919698 -0.0300097 -0.0332656 -0.914405 -0.0267358 -0.0392967 -0.910261 -0.043696 -0.0357221 -0.918887 -0.0407853 -0.0321842 -0.917719 -0.0352616 -0.0477852 -0.929063 -0.0383407 -0.0307115 -0.921778 -0.0307426 -0.0426574 -0.93064 -0.0328837 -0.0298781 -0.92235 -0.0295962 -0.0288464 -0.919698 -0.0235986 -0.0339493 -0.918768 -0.0383407 -0.0307115 -0.921778 -0.0352616 -0.0477852 -0.929063 -0.0300097 -0.0332656 -0.914405 -0.0459695 -0.011818 -0.916799 -0.0468519 -0.0135769 -0.916079 -0.0357804 -0.0339794 -0.913009 -0.0300097 -0.0332656 -0.914405 -0.0295962 -0.0288464 -0.919698 -0.0417541 -0.0145674 -0.918079 -0.0459695 -0.011818 -0.916799 -0.0328837 -0.0298781 -0.92235 -0.0412985 -0.0165748 -0.919143 -0.0462838 -0.0146697 -0.917768 -0.0407853 -0.0321842 -0.917719 -0.0445439 -0.0144161 -0.918646 -0.0383407 -0.0307115 -0.921778 -0.0383407 -0.0307115 -0.921778 -0.0445439 -0.0144161 -0.918646 -0.0459695 -0.011818 -0.916799 -0.0445439 -0.0144161 -0.918646 -0.0462838 -0.0146697 -0.917768 -0.0468519 -0.0135769 -0.916079 -0.0417541 -0.0145674 -0.918079 -0.0412985 -0.0165748 -0.919143 -0.0445439 -0.0144161 -0.918646 -0.0459695 -0.011818 -0.916799 -0.0389035 -0.0442074 -0.907947 -0.0293454 -0.0409187 -0.909078 -0.0199088 -0.0518294 -0.917175 -0.0267358 -0.0392967 -0.910261 -0.0293454 -0.0409187 -0.909078 -0.0312135 -0.0381812 -0.923665 -0.0336565 -0.0511742 -0.917649 -0.0336565 -0.0511742 -0.917649 -0.040648 -0.0458108 -0.91397 -0.0323063 -0.0396481 -0.909334 -0.0344967 -0.0371177 -0.904336 -0.0286501 -0.0376086 -0.901554 -0.0248561 -0.0402928 -0.901641 -0.0323063 -0.0396481 -0.909334 -0.0414703 -0.0409649 -0.903872 -0.0405127 -0.0363696 -0.901035 -0.0344967 -0.0371177 -0.904336 -0.0287595 -0.0412205 -0.894861 -0.0263353 -0.0441665 -0.893695 -0.0349371 -0.0419056 -0.89251 -0.0340775 -0.0441763 -0.890482 -0.0421562 -0.0436797 -0.894505 -0.0397705 -0.0395997 -0.895116 -0.0340775 -0.0441763 -0.890482 -0.0349371 -0.0419056 -0.89251 -0.0344967 -0.0371177 -0.904336 -0.035815 -0.0250138 -0.894389 -0.0330039 -0.0294529 -0.89673 -0.0286501 -0.0376086 -0.901554 -0.0344967 -0.0371177 -0.904336 -0.0405127 -0.0363696 -0.901035 -0.0378349 -0.0268996 -0.894662 -0.035815 -0.0250138 -0.894389 -0.0397705 -0.0395997 -0.895116 -0.0370458 -0.0274857 -0.893007 -0.0287595 -0.0412205 -0.894861 -0.0331803 -0.0286316 -0.894588 -0.0349371 -0.0419056 -0.89251 -0.0357147 -0.0261608 -0.893147 -0.0349371 -0.0419056 -0.89251 -0.0357147 -0.0261608 -0.893147 -0.035815 -0.0250138 -0.894389 -0.0357147 -0.0261608 -0.893147 -0.0331803 -0.0286316 -0.894588 -0.0330039 -0.0294529 -0.89673 -0.0378349 -0.0268996 -0.894662 -0.0370458 -0.0274857 -0.893007 -0.0357147 -0.0261608 -0.893147 -0.035815 -0.0250138 -0.894389 -0.0246571 -0.0461918 -0.904649 -0.0334526 -0.0509944 -0.906725 -0.0334526 -0.0509944 -0.906725 -0.0431893 -0.0467535 -0.904153 -0.0414351 -0.0497415 -0.894636 -0.0319521 -0.053007 -0.893774 -0.0319521 -0.053007 -0.893774 -0.0255016 -0.0474472 -0.893485 -0.0354803 -0.0449845 -0.864882 -0.0363019 -0.0406662 -0.870846 -0.0424238 -0.0396507 -0.871655 -0.0460028 -0.0444174 -0.867411 -0.0354803 -0.0449845 -0.864882 -0.0304023 -0.0450133 -0.875968 -0.031992 -0.0411859 -0.875686 -0.0363019 -0.0406662 -0.870846 -0.0446495 -0.0401245 -0.876829 -0.0486677 -0.0457717 -0.877815 -0.0403733 -0.0414734 -0.881922 -0.0416325 -0.0449699 -0.885129 -0.034656 -0.0440607 -0.883449 -0.0354703 -0.0410505 -0.881571 -0.0416325 -0.0449699 -0.885129 -0.0403733 -0.0414734 -0.881922 -0.0363019 -0.0406662 -0.870846 -0.0379566 -0.0268774 -0.876858 -0.039894 -0.0295224 -0.875304 -0.0424238 -0.0396507 -0.871655 -0.0363019 -0.0406662 -0.870846 -0.031992 -0.0411859 -0.875686 -0.0359495 -0.0297083 -0.877507 -0.0379566 -0.0268774 -0.876858 -0.0354703 -0.0410505 -0.881571 -0.0374423 -0.0304699 -0.879006 -0.0410902 -0.0302781 -0.877185 -0.0446495 -0.0401245 -0.876829 -0.0403733 -0.0414734 -0.881922 -0.0392189 -0.0267635 -0.878216 -0.0403733 -0.0414734 -0.881922 -0.0392189 -0.0267635 -0.878216 -0.039894 -0.0295224 -0.875304 -0.0379566 -0.0268774 -0.876858 -0.0392189 -0.0267635 -0.878216 -0.0410902 -0.0302781 -0.877185 -0.0392189 -0.0267635 -0.878216 -0.0379566 -0.0268774 -0.876858 -0.0359495 -0.0297083 -0.877507 -0.0374423 -0.0304699 -0.879006 -0.0453965 -0.0522694 -0.868262 -0.036772 -0.0558413 -0.872456 -0.036772 -0.0558413 -0.872456 -0.029069 -0.0492443 -0.876524 -0.0349914 -0.0481497 -0.884667 -0.0439676 -0.0523723 -0.882955 -0.0439676 -0.0523723 -0.882955 -0.0469336 -0.0529516 -0.877969 -0.0432367 -0.0343341 -0.849735 -0.0345368 -0.0327945 -0.844687 -0.0329827 -0.0335386 -0.846136 -0.0378976 -0.0345508 -0.849963 -0.0262194 -0.0394029 -0.844005 -0.026962 -0.0371511 -0.846457 -0.0329827 -0.0335386 -0.846136 -0.0345368 -0.0327945 -0.844687 -0.0359457 -0.0373712 -0.855093 -0.0389965 -0.0389573 -0.857158 -0.0306151 -0.0386774 -0.855889 -0.0316895 -0.0421914 -0.858169 -0.0226051 -0.0426506 -0.853234 -0.0273939 -0.0395611 -0.852199 -0.0316895 -0.0421914 -0.858169 -0.0306151 -0.0386774 -0.855889 -0.0329827 -0.0335386 -0.846136 -0.0275469 -0.0248714 -0.850072 -0.0316032 -0.0283399 -0.850167 -0.0378976 -0.0345508 -0.849963 -0.0329827 -0.0335386 -0.846136 -0.026962 -0.0371511 -0.846457 -0.0256744 -0.0265868 -0.850324 -0.0275469 -0.0248714 -0.850072 -0.0273939 -0.0395611 -0.852199 -0.0263885 -0.028902 -0.851849 -0.0359457 -0.0373712 -0.855093 -0.0305385 -0.0296815 -0.852764 -0.0306151 -0.0386774 -0.855889 -0.0273774 -0.0265943 -0.85231 -0.0306151 -0.0386774 -0.855889 -0.0273774 -0.0265943 -0.85231 -0.0316032 -0.0283399 -0.850167 -0.0275469 -0.0248714 -0.850072 -0.0273774 -0.0265943 -0.85231 -0.0305385 -0.0296815 -0.852764 -0.0275469 -0.0248714 -0.850072 -0.0256744 -0.0265868 -0.850324 -0.0263885 -0.028902 -0.851849 -0.0273774 -0.0265943 -0.85231 -0.0316102 -0.0522388 -0.827457 -0.0425603 -0.0471363 -0.842413 -0.0316102 -0.0522388 -0.827457 -0.0243746 -0.0436526 -0.839921 -0.0203608 -0.0486215 -0.851478 -0.0235152 -0.0546407 -0.85388 -0.0461509 -0.0457964 -0.857684 -0.0235152 -0.0546407 -0.85388 -0.0514391 -0.0286223 -0.841688 -0.0472996 -0.022341 -0.841036 -0.042336 -0.0258814 -0.842513 -0.0426444 -0.0315509 -0.843523 -0.0514391 -0.0286223 -0.841688 -0.0537932 -0.0241496 -0.833015 -0.0477872 -0.0202821 -0.835089 -0.0472996 -0.022341 -0.841036 -0.0380606 -0.0261985 -0.840413 -0.0345913 -0.0297931 -0.839836 -0.0357883 -0.0283913 -0.833496 -0.037484 -0.0234121 -0.834649 -0.0431253 -0.0230894 -0.826334 -0.0424081 -0.0217124 -0.83092 -0.0357883 -0.0283913 -0.833496 -0.037484 -0.0234121 -0.834649 -0.0472996 -0.022341 -0.841036 -0.0435931 -0.0156082 -0.840233 -0.0414425 -0.0172293 -0.841682 -0.042336 -0.0258814 -0.842513 -0.0472996 -0.022341 -0.841036 -0.0477872 -0.0202821 -0.835089 -0.0442836 -0.0160652 -0.837631 -0.0435931 -0.0156082 -0.840233 -0.0424081 -0.0217124 -0.83092 -0.0411703 -0.0146923 -0.836146 -0.0380606 -0.0261985 -0.840413 -0.0397459 -0.0161408 -0.841282 -0.037484 -0.0234121 -0.834649 -0.0394889 -0.0101023 -0.839851 -0.037484 -0.0234121 -0.834649 -0.0394889 -0.0101023 -0.839851 -0.0394889 -0.0101023 -0.839851 -0.0397459 -0.0161408 -0.841282 -0.0414425 -0.0172293 -0.841682 -0.0435931 -0.0156082 -0.840233 -0.0394889 -0.0101023 -0.839851 -0.0435931 -0.0156082 -0.840233 -0.0442836 -0.0160652 -0.837631 -0.0411703 -0.0146923 -0.836146 -0.0422571 -0.0345655 -0.841649 -0.0482267 -0.0379187 -0.838408 -0.0482267 -0.0379187 -0.838408 -0.0526322 -0.0305701 -0.831327 -0.0440504 -0.0314341 -0.825991 -0.0372056 -0.0368884 -0.831229 -0.0372056 -0.0368884 -0.831229 -0.0331325 -0.0332203 -0.837721 -0.0345913 -0.0297931 -0.839836 -0.0331325 -0.0332203 -0.837721 -0.0372056 -0.0368884 -0.831229 -0.0387533 -0.0342841 -0.797842 -0.0381657 -0.030184 -0.813387 -0.0380705 -0.022134 -0.812396 -0.0413476 -0.0221006 -0.806656 -0.0381657 -0.030184 -0.813387 -0.0397558 -0.0244999 -0.821712 -0.0398211 -0.0218066 -0.819027 -0.0380705 -0.022134 -0.812396 -0.0495348 -0.0197756 -0.805314 -0.0560847 -0.020921 -0.804055 -0.0524222 -0.0175726 -0.812956 -0.0555269 -0.0203461 -0.813789 -0.0499516 -0.0205738 -0.823188 -0.0482372 -0.0174741 -0.820329 -0.0555269 -0.0203461 -0.813789 -0.0524222 -0.0175726 -0.812956 -0.0380705 -0.022134 -0.812396 -0.0402082 -0.0137855 -0.809979 -0.0411997 -0.0176849 -0.807946 -0.0413476 -0.0221006 -0.806656 -0.0380705 -0.022134 -0.812396 -0.0398211 -0.0218066 -0.819027 -0.0400347 -0.0152394 -0.814279 -0.0402082 -0.0137855 -0.809979 -0.0482372 -0.0174741 -0.820329 -0.0445239 -0.0129784 -0.81491 -0.0453076 -0.0174445 -0.807246 -0.0495348 -0.0197756 -0.805314 -0.0437851 -0.0110641 -0.80905 -0.0524222 -0.0175726 -0.812956 -0.0524222 -0.0175726 -0.812956 -0.0437851 -0.0110641 -0.80905 -0.0437851 -0.0110641 -0.80905 -0.0453076 -0.0174445 -0.807246 -0.0411997 -0.0176849 -0.807946 -0.0402082 -0.0137855 -0.809979 -0.0445239 -0.0129784 -0.81491 -0.0437851 -0.0110641 -0.80905 -0.0402082 -0.0137855 -0.809979 -0.0400347 -0.0152394 -0.814279 -0.046729 -0.0354113 -0.807923 -0.042693 -0.0387181 -0.813415 -0.042693 -0.0387181 -0.813415 -0.0418361 -0.0313562 -0.821699 -0.0518675 -0.0323297 -0.822832 -0.0557395 -0.03783 -0.815165 -0.0557395 -0.03783 -0.815165 -0.0579978 -0.0318522 -0.80133 </float_array>
          <technique_common>
            <accessor count="1847" offset="0" source="#meshId0-positions-array" stride="3">
              <param name="X" type="float" />
              <param name="Y" type="float" />
              <param name="Z" type="float" />
            </accessor>
          </technique_common>
        </source>
        <source id="meshId0-normals" name="meshId0-normals">
          <float_array id="meshId0-normals-array" count="5541"> 0.845287 0.217083 0.488226 0.325306 -0.123586 0.937498 0.127303 -0.741391 0.658888 0.916055 -0.344614 0.205146 -0.544832 -0.455167 0.704259 -0.625696 -0.724585 0.288931 0.127303 -0.741391 0.658888 0.325306 -0.123586 0.937498 0.721505 0.326239 -0.610737 0.695689 0.00696892 -0.718309 -0.0443415 -0.0333555 -0.998459 -0.260582 0.0528914 -0.964002 -0.782105 -0.279788 -0.556804 -0.699145 -0.361536 -0.616836 -0.260582 0.0528914 -0.964002 -0.0443415 -0.0333555 -0.998459 0.127303 -0.741391 0.658888 -0.0270843 -0.553744 0.832247 0.695701 -0.278962 0.661951 0.916055 -0.344614 0.205146 0.127303 -0.741391 0.658888 -0.625696 -0.724585 0.288931 -0.657528 -0.590486 0.467957 -0.0270843 -0.553744 0.832247 -0.699145 -0.361536 -0.616836 -0.608189 0.0976806 -0.787759 0.695689 0.00696892 -0.718309 0.650957 0.255068 -0.714979 -0.156925 0.302078 -0.940278 -0.0443415 -0.0333555 -0.998459 -0.0443415 -0.0333555 -0.998459 -0.156925 0.302078 -0.940278 0.994596 -0.0319508 0.0987846 0.740645 -0.650355 -0.168771 0.861277 -0.498851 -0.0966941 0.994596 -0.0319508 0.0987846 -0.787937 -0.539545 -0.296726 -0.787937 -0.539545 -0.296726 0.861277 -0.498851 -0.0966941 0.740645 -0.650355 -0.168771 0.707872 0.520856 0.477101 -0.0234719 0.495591 0.868239 -0.0234719 0.495591 0.868239 -0.740783 -0.171461 0.649493 -0.923904 0.219511 -0.313396 -0.338847 0.83998 -0.423811 -0.338847 0.83998 -0.423811 0.429119 0.591166 -0.68292 0.721505 0.326239 -0.610737 0.429119 0.591166 -0.68292 -0.338847 0.83998 -0.423811 0.670469 0.32086 0.66897 -0.0343023 0.192204 0.980755 -0.236234 -0.645898 0.725954 0.655937 -0.55706 0.509343 -0.0343023 0.192204 0.980755 -0.856 -0.33179 0.396459 -0.860443 -0.508456 0.0333118 -0.236234 -0.645898 0.725954 0.934482 0.222304 -0.278072 0.834049 -0.338267 -0.435817 0.262028 -0.269479 -0.926673 0.190431 -0.256508 -0.947597 -0.389196 -0.47139 -0.791403 -0.57991 -0.438374 -0.686682 0.190431 -0.256508 -0.947597 0.262028 -0.269479 -0.926673 -0.236234 -0.645898 0.725954 -0.308869 -0.486574 0.817218 0.628623 -0.343771 0.697607 0.655937 -0.55706 0.509343 -0.236234 -0.645898 0.725954 -0.860443 -0.508456 0.0333118 -0.944707 -0.309502 0.108339 -0.308869 -0.486574 0.817218 -0.57991 -0.438374 -0.686682 -0.423836 -0.0672292 -0.903241 0.834049 -0.338267 -0.435817 0.814258 -0.0776728 -0.575283 0.262028 -0.269479 -0.926673 0.244354 0.0436842 -0.968702 0.262028 -0.269479 -0.926673 0.244354 0.0436842 -0.968702 0.621681 -0.771208 0.136934 0.501809 -0.859039 0.101189 0.817919 -0.539855 0.19891 0.817919 -0.539855 0.19891 0.621681 -0.771208 0.136934 -0.606085 -0.771464 -0.193662 -0.606085 -0.771463 -0.193662 0.501809 -0.859039 0.101189 0.456888 0.701624 0.546788 -0.269542 0.781966 0.562029 -0.269542 0.781966 0.562029 -0.986877 0.0843098 0.137716 -0.624752 0.265939 -0.73414 -0.00100644 0.78566 -0.618658 -0.00100644 0.78566 -0.618658 0.717159 0.549796 -0.428261 0.934482 0.222304 -0.278072 0.717159 0.549796 -0.428261 -0.00100644 0.78566 -0.618658 0.573837 0.538488 0.617043 -0.0777407 0.263065 0.961641 0.0911505 -0.672673 0.734305 0.774178 -0.464271 0.430233 -0.7718 -0.466113 0.432509 -0.632289 -0.756148 0.168676 0.0911505 -0.672673 0.734305 -0.0777407 0.263065 0.961641 0.859073 0.371425 -0.352189 0.92325 -0.32457 -0.205584 0.353693 -0.666571 -0.656189 0.243424 -0.290016 -0.925546 -0.306833 -0.548596 -0.77775 -0.472706 -0.713278 -0.517478 0.243424 -0.290016 -0.925546 0.353693 -0.666571 -0.656189 0.0911505 -0.672673 0.734305 0.0440412 -0.289343 0.956212 0.646431 -0.185319 0.740124 0.774178 -0.464271 0.430233 0.0911505 -0.672673 0.734305 -0.632289 -0.756148 0.168676 -0.836341 -0.450408 0.312517 0.0440412 -0.289343 0.956212 -0.472706 -0.713278 -0.517478 -0.579688 -0.506353 -0.638411 0.976964 -0.0733602 -0.200399 0.92325 -0.32457 -0.205584 0.353693 -0.666571 -0.656189 0.384961 -0.45665 -0.802044 0.353693 -0.666571 -0.656189 0.384961 -0.45665 -0.802044 0.427728 -0.818178 -0.384232 0.966505 -0.227419 0.118945 0.966505 -0.227419 0.118945 0.186934 -0.860411 -0.474076 0.427728 -0.818178 -0.384232 0.186934 -0.860411 -0.474076 -0.620129 -0.585788 -0.521816 -0.620129 -0.585788 -0.521816 0.318036 0.81487 0.484603 -0.406189 0.76215 0.50412 -0.406189 0.76215 0.50412 -0.987467 -0.0894029 0.130062 -0.61592 0.0586184 -0.785625 -0.140403 0.661562 -0.73663 -0.140403 0.661562 -0.73663 0.563209 0.657762 -0.500145 0.983009 0.113733 0.144074 0.967589 -0.213733 -0.134498 0.676876 -0.070223 -0.732739 0.501694 0.639801 -0.582201 0.48607 -0.70609 0.51495 0.580438 -0.740137 0.339542 0.967589 -0.213733 -0.134498 0.983009 0.113733 0.144074 -0.183674 -0.0624259 -0.981003 -0.470789 0.52407 -0.709724 -0.80062 -0.378089 -0.464818 -0.995963 -0.00733401 -0.0894638 -0.673784 -0.685252 0.276485 -0.217117 -0.94715 0.23615 -0.995963 -0.00733401 -0.0894638 -0.80062 -0.378089 -0.464818 0.967589 -0.213733 -0.134498 0.996008 -0.0781351 -0.0431686 0.85546 0.13943 -0.498746 0.676876 -0.070223 -0.732739 0.967589 -0.213733 -0.134498 0.580438 -0.740137 0.339542 0.615748 -0.587977 0.524535 0.996008 -0.0781351 -0.0431686 -0.217117 -0.94715 0.23615 -0.302654 -0.895029 0.327602 -0.27369 0.166612 -0.947277 -0.183674 -0.0624259 -0.981003 -0.80062 -0.378089 -0.464818 -0.675221 -0.448353 -0.58571 -0.80062 -0.378089 -0.464818 -0.675221 -0.448353 -0.58571 -0.399478 -0.466329 -0.789274 -0.370426 -0.288056 -0.883067 -0.234537 0.193388 -0.952677 -0.234537 0.193387 -0.952677 -0.399478 -0.466329 -0.789274 -0.288594 -0.954388 0.0765352 -0.288594 -0.954388 0.0765352 -0.370426 -0.288056 -0.883067 0.506596 0.849063 -0.149844 0.496044 0.51868 0.696356 0.496044 0.51868 0.696356 0.153332 -0.590467 0.792363 -0.80275 -0.283411 0.524662 -0.681214 0.626783 0.378274 -0.681214 0.626783 0.378274 -0.439817 0.851438 -0.285682 0.57848 0.688436 -0.437512 0.949403 0.263223 0.171313 0.879166 -0.257858 -0.400721 0.501654 0.0355185 -0.864339 0.949403 0.263223 0.171313 0.614455 -0.554356 0.561369 0.306854 -0.936994 0.16698 0.879166 -0.257858 -0.400721 -0.291673 0.566875 -0.770441 -0.261764 -0.17844 -0.948493 -0.958227 -0.10728 -0.265126 -0.645342 -0.570166 -0.508374 -0.727012 -0.652362 0.214191 -0.344517 -0.938489 0.023365 -0.958227 -0.10728 -0.265126 -0.645342 -0.570166 -0.508374 0.879166 -0.257858 -0.400721 0.931453 -0.222819 -0.287658 0.602514 0.161016 -0.781697 0.501654 0.0355185 -0.864339 0.879166 -0.257858 -0.400721 0.306854 -0.936994 0.16698 0.625172 -0.66662 0.405929 0.931453 -0.222819 -0.287658 -0.344517 -0.938489 0.023365 -0.338991 -0.762638 0.550879 -0.538715 0.0386189 -0.841603 -0.261764 -0.17844 -0.948493 -0.819735 -0.468502 -0.329456 -0.645342 -0.570166 -0.508374 -0.645342 -0.570166 -0.508374 -0.819735 -0.468502 -0.329456 -0.918469 -0.333931 -0.211905 -0.917286 -0.313917 -0.245034 -0.87769 -0.176631 -0.44549 -0.87769 -0.176631 -0.44549 -0.917286 -0.313917 -0.245034 -0.918469 -0.333931 -0.211905 -0.893133 -0.449737 0.0071594 -0.893133 -0.449737 0.0071594 0.496817 0.837964 -0.225809 0.595335 0.52843 0.605258 0.595335 0.52843 0.605258 0.221949 -0.469024 0.854842 -0.670821 -0.284961 0.684687 -0.644173 0.657592 0.390658 -0.644173 0.657592 0.390658 -0.45513 0.787398 -0.415765 0.411109 -0.390553 0.823686 0.334041 -0.867971 0.367481 0.965353 -0.255476 0.0531614 0.935808 0.0463544 0.349449 -0.37507 -0.660817 0.65011 -0.427706 -0.900358 0.0801471 0.334041 -0.867971 0.367481 0.411109 -0.390553 0.823686 0.539867 0.577631 -0.612279 0.674593 0.366862 -0.640575 -0.173753 0.138406 -0.975015 -0.206883 0.329203 -0.921317 -0.849252 -0.183723 -0.494992 -0.675207 -0.476597 -0.562984 -0.206883 0.329203 -0.921317 -0.173753 0.138406 -0.975015 0.334041 -0.867971 0.367481 0.261322 -0.681258 0.683812 0.768052 -0.238809 0.594194 0.965353 -0.255476 0.0531614 0.334041 -0.867971 0.367481 -0.427706 -0.900358 0.0801471 -0.534879 -0.805749 0.25431 0.261322 -0.681258 0.683812 -0.675207 -0.476597 -0.562984 -0.735336 0.114008 -0.668044 0.547887 0.663544 -0.50944 0.674593 0.366862 -0.640575 -0.173753 0.138406 -0.975015 -0.209943 0.545908 -0.811116 -0.173753 0.138406 -0.975015 -0.209943 0.545908 -0.811116 0.996041 -0.0475484 -0.0751061 0.996041 -0.0475484 -0.0751061 0.761343 -0.618656 -0.19396 0.765112 -0.614239 -0.193166 0.761343 -0.618656 -0.19396 -0.659377 -0.740266 -0.131252 -0.659377 -0.740267 -0.131252 0.765112 -0.614239 -0.193166 0.730468 0.407134 0.548324 0.0542703 0.103226 0.993176 0.0542703 0.103226 0.993176 -0.547081 -0.31722 0.774644 -0.954992 0.23648 -0.179074 -0.57362 0.790375 -0.215096 -0.57362 0.790375 -0.215096 0.375787 0.851196 -0.366401 -0.580958 -0.203276 -0.788142 0.318769 0.103919 -0.942119 0.59557 -0.363516 -0.716347 -0.127813 -0.721828 -0.680167 0.945874 0.195513 -0.259033 0.948715 -0.0700821 -0.308265 0.59557 -0.363516 -0.716347 0.318769 0.103919 -0.942119 -0.346981 -0.937069 0.0388081 -0.922808 -0.381848 0.05117 -0.343904 -0.286226 0.894318 0.140769 -0.680376 0.719217 0.355204 -0.193081 0.914631 0.804296 -0.315721 0.503417 -0.343904 -0.286226 0.894318 0.140769 -0.680376 0.719217 0.59557 -0.363516 -0.716347 0.0734618 -0.193466 -0.978353 -0.417774 -0.446663 -0.791174 -0.127813 -0.721828 -0.680167 0.59557 -0.363516 -0.716347 0.948715 -0.0700821 -0.308265 0.849241 0.440416 -0.291243 0.0734618 -0.193466 -0.978353 0.804296 -0.315721 0.503417 0.417588 -0.123361 0.900223 -0.56989 -0.814868 0.105904 -0.346981 -0.937069 0.0388081 0.140769 -0.680376 0.719217 -0.0978931 -0.590864 0.80081 0.140769 -0.680376 0.719217 -0.0978931 -0.590864 0.80081 0.528346 -0.094075 -0.843801 -0.374884 -0.520967 -0.766848 -0.374884 -0.520967 -0.766848 0.44426 -0.153611 -0.88263 0.528346 -0.094075 -0.843801 0.44426 -0.153611 -0.88263 0.905718 0.394031 -0.156249 0.905718 0.394031 -0.156249 -0.567539 0.184647 -0.802375 0.0239199 0.861187 -0.507725 0.0239199 0.861187 -0.507725 0.82255 0.560866 0.0940246 0.176793 0.300527 0.937245 -0.614591 0.49525 0.614008 -0.614591 0.49525 0.614008 -0.999768 -0.0215326 0.000306266 0.548376 -0.0116634 -0.836151 0.467589 -0.349232 -0.812033 -0.208545 -0.287016 -0.93495 -0.397796 0.295829 -0.868472 0.548376 -0.0116634 -0.836151 0.87409 -0.484561 0.0341706 0.772356 -0.578595 -0.262095 0.467589 -0.349232 -0.812033 -0.8161 -0.557613 -0.151818 -0.973421 0.225133 -0.0420403 -0.601418 -0.0477252 0.797508 -0.402153 -0.772486 0.491466 -0.0379406 -0.423641 0.905035 0.268986 -0.844645 0.46284 -0.601418 -0.0477252 0.797508 -0.402153 -0.772486 0.491466 0.467589 -0.349232 -0.812033 0.335768 0.0556826 -0.940297 -0.170365 0.0522148 -0.983997 -0.208545 -0.287016 -0.93495 0.467589 -0.349232 -0.812033 0.772356 -0.578595 -0.262095 0.910989 -0.209452 -0.355288 0.335768 0.0556826 -0.940297 0.268986 -0.844645 0.46284 0.169184 -0.565016 0.807548 -0.8161 -0.557613 -0.151818 -0.928001 -0.372384 -0.0119639 -0.402153 -0.772486 0.491466 -0.423372 -0.563475 0.709402 -0.402153 -0.772486 0.491466 -0.423372 -0.563475 0.709402 0.22766 -0.55637 -0.799139 -0.485385 -0.152903 -0.860826 -0.485385 -0.152903 -0.860826 0.354958 -0.593881 -0.722018 0.22766 -0.55637 -0.799139 0.354958 -0.593881 -0.722018 0.829179 -0.552146 -0.0871618 0.829179 -0.552146 -0.0871618 -0.174944 0.581049 -0.794844 0.700877 0.630388 -0.333742 0.700877 0.630388 -0.333742 0.957064 -0.130681 0.258748 0.179673 0.0458543 0.982657 -0.292781 0.680638 0.671573 -0.292781 0.680638 0.671573 -0.807596 0.588644 -0.0358755 0.440052 0.14049 -0.886914 0.449351 -0.176679 -0.87571 -0.224972 -0.149969 -0.962755 -0.231991 0.410314 -0.881943 0.440052 0.14049 -0.886914 0.857104 -0.511809 0.0585125 0.737866 -0.59549 -0.317718 0.449351 -0.176679 -0.87571 -0.917984 0.333063 0.215349 -0.766885 -0.547472 -0.334905 -0.418898 -0.83893 0.347449 -0.479107 -0.206619 0.853092 -0.0508578 -0.425892 0.903344 0.510432 -0.80924 0.290844 -0.479107 -0.206619 0.853092 -0.418898 -0.83893 0.347449 -0.224972 -0.149969 -0.962755 0.449351 -0.176679 -0.87571 0.370904 0.223078 -0.90148 0.0466193 0.231866 -0.97163 0.449351 -0.176679 -0.87571 0.737866 -0.59549 -0.317718 0.962325 -0.249744 -0.107513 0.370904 0.223078 -0.90148 0.510432 -0.80924 0.290844 0.499742 -0.570317 0.651918 -0.954266 -0.27522 -0.116752 -0.766885 -0.547472 -0.334905 -0.418898 -0.83893 0.347449 -0.355626 -0.675847 0.64557 -0.418898 -0.83893 0.347449 -0.355626 -0.675847 0.64557 0.00626747 -0.7054 -0.708781 -0.420109 -0.455612 -0.78481 -0.420109 -0.455612 -0.78481 0.583765 -0.750679 -0.309352 0.00626747 -0.7054 -0.708781 0.583765 -0.750679 -0.309352 0.861134 -0.473603 0.184794 0.861134 -0.473603 0.184794 -0.0420612 0.570807 -0.820006 0.65933 0.643158 -0.389399 0.65933 0.643158 -0.389399 0.947953 -0.254905 0.190809 0.139243 -0.115292 0.983524 -0.324959 0.509099 0.797007 -0.324959 0.509099 0.797007 -0.800843 0.546446 0.245045 -0.85315 0.446655 -0.269506 -0.0599494 0.659276 -0.749507 0.0549432 0.178336 -0.982434 -0.645302 -0.159745 -0.747038 -0.0599494 0.659276 -0.749507 0.556151 0.375978 -0.741172 0.551567 -0.224912 -0.803236 0.0549432 0.178336 -0.982434 -0.700808 -0.700595 -0.134296 -0.843375 -0.225601 0.487671 -0.131426 -0.985486 0.107444 -0.0754844 -0.674683 0.734238 0.493823 -0.753383 0.434227 0.523885 -0.84343 -0.119039 -0.0754844 -0.674683 0.734238 -0.131426 -0.985486 0.107444 0.0549432 0.178336 -0.982434 0.0681738 0.491439 -0.868239 -0.628869 0.317712 -0.709636 -0.645302 -0.159745 -0.747038 0.0549432 0.178336 -0.982434 0.551567 -0.224912 -0.803236 0.649065 0.163896 -0.742868 0.0681738 0.491439 -0.868239 0.523885 -0.84343 -0.119039 0.470085 -0.865616 0.172421 -0.700808 -0.700595 -0.134296 -0.835674 -0.532576 -0.134208 -0.131426 -0.985486 0.107444 -0.386618 -0.914045 0.122673 -0.131426 -0.985486 0.107444 -0.386618 -0.914045 0.122673 -0.881011 0.0502524 -0.47042 -0.881011 0.0502524 -0.47042 0.194976 -0.0314409 -0.980304 0.314646 -0.0388666 -0.948413 0.194976 -0.0314409 -0.980304 0.79153 -0.0644554 -0.607721 0.79153 -0.0644554 -0.607721 0.314646 -0.0388666 -0.948413 -0.65306 0.745859 -0.131178 0.268174 0.963344 0.00707874 0.268174 0.963344 0.00707874 0.844686 0.497742 -0.196872 0.621571 -0.148405 0.769172 0.0478365 0.191259 0.980373 0.0478365 0.191259 0.980373 -0.760158 0.0835804 0.64434 0.767333 -0.0256605 -0.640735 0.643724 -0.597468 -0.478175 -0.0169658 -0.439993 -0.897841 -0.00449018 0.381175 -0.924492 0.808238 -0.431658 0.400528 0.656544 -0.697664 0.286733 0.643724 -0.597468 -0.478175 0.767333 -0.0256605 -0.640735 -0.840549 0.352408 -0.411444 -0.823622 -0.0667546 -0.563198 -0.78734 0.133886 0.601805 -0.953786 -0.151266 0.259637 -0.285378 -0.256132 0.923556 -0.117524 -0.672328 0.730865 -0.78734 0.133886 0.601805 -0.953786 -0.151266 0.259637 0.643724 -0.597468 -0.478175 0.761057 -0.4891 -0.426115 0.378345 -0.321989 -0.867858 -0.0169658 -0.439993 -0.897841 0.643724 -0.597468 -0.478175 0.656544 -0.697664 0.286733 0.772095 -0.555876 0.308012 0.761057 -0.4891 -0.426115 -0.117524 -0.672328 0.730865 -0.328545 -0.0679682 0.942039 -0.815572 0.117664 -0.566567 -0.823622 -0.0667546 -0.563198 -0.953786 -0.151266 0.259637 -0.918517 0.264007 0.294325 -0.953786 -0.151266 0.259637 -0.918517 0.264007 0.294325 -0.915816 -0.395907 0.0673668 -0.906523 -0.407287 0.111056 -0.850269 -0.173428 -0.496957 -0.850269 -0.173428 -0.496957 -0.915816 -0.395907 0.0673668 -0.422614 -0.445731 0.789127 -0.422614 -0.445731 0.789127 -0.906523 -0.407287 0.111056 0.066585 0.605536 -0.793028 0.760431 0.581321 -0.289503 0.760431 0.581321 -0.289503 0.83468 -0.125022 0.536358 -0.0863548 0.247747 0.964969 -0.322655 0.810983 0.488058 -0.322655 0.810983 0.488058 -0.690957 0.683407 -0.235652 0.0077806 0.0339841 -0.999392 0.821173 0.00481261 -0.57066 0.495206 -0.626511 -0.601875 -0.205354 -0.608039 -0.766888 0.821173 0.00481261 -0.57066 0.848657 -0.132951 0.511963 0.839841 -0.519338 0.157974 0.495206 -0.626511 -0.601875 -0.591087 -0.532364 -0.605975 -0.896808 0.000739943 -0.44242 -0.848764 -0.526877 0.0447198 -0.851991 0.0383166 0.522152 -0.284636 -0.14412 0.94774 -0.0132792 -0.474493 0.880159 -0.851991 0.0383166 0.522152 -0.848764 -0.526877 0.0447198 0.495206 -0.626511 -0.601875 0.674272 -0.433097 -0.59815 -0.350942 -0.298018 -0.887708 -0.205354 -0.608039 -0.766888 0.495206 -0.626511 -0.601875 0.839841 -0.519338 0.157974 0.939087 -0.341796 0.0359359 0.674272 -0.433097 -0.59815 -0.0132792 -0.474493 0.880159 -0.072944 -0.105579 0.991732 -0.590096 -0.27812 -0.757916 -0.591087 -0.532364 -0.605975 -0.848764 -0.526877 0.0447198 -0.979171 -0.156 0.129955 -0.848764 -0.526877 0.0447198 -0.979171 -0.156 0.129955 -0.539729 -0.336146 0.771815 -0.539729 -0.336146 0.771815 -0.539729 -0.336146 0.771815 -0.539729 -0.336146 0.771815 0.0231391 0.362475 -0.931706 0.697989 0.649831 -0.300882 0.697989 0.649831 -0.300882 0.776468 0.154061 0.611034 -0.288707 0.316464 0.903603 -0.640488 0.688242 0.340732 -0.640488 0.688242 0.340732 -0.87313 0.319299 -0.368365 0.8361 -0.207231 -0.50793 0.521536 -0.58498 -0.621126 -0.238737 -0.557712 -0.794961 -0.0900171 -0.176838 -0.980115 0.975393 -0.152653 0.159079 0.862519 -0.500905 0.0718002 0.521536 -0.58498 -0.621126 0.8361 -0.207231 -0.50793 -0.822238 -0.27208 -0.499897 -0.918741 0.137034 -0.370319 -0.860134 -0.462499 0.21509 -0.958366 0.0567757 0.279841 0.307024 -0.447514 0.839921 0.41977 -0.522824 0.741922 -0.958366 0.0567757 0.279841 -0.860134 -0.462499 0.21509 0.521536 -0.58498 -0.621126 0.468128 -0.356927 -0.808369 -0.0301409 -0.151002 -0.988074 -0.238737 -0.557712 -0.794961 0.521536 -0.58498 -0.621126 0.862519 -0.500905 0.0718002 0.824925 -0.542292 0.159432 0.468128 -0.356927 -0.808369 0.41977 -0.522824 0.741922 -0.191367 -0.542122 0.818219 -0.819188 -0.000411428 -0.573525 -0.822238 -0.27208 -0.499897 -0.860134 -0.462499 0.21509 -0.915418 -0.283986 0.285241 -0.860134 -0.462499 0.21509 -0.915418 -0.283986 0.285241 -0.258637 -0.965433 -0.032345 -0.258637 -0.965433 -0.032345 -0.258637 -0.965433 -0.032345 -0.258637 -0.965433 -0.032345 0.352524 0.640685 -0.682092 0.68871 0.723048 0.0536737 0.68871 0.723048 0.0536737 0.645256 -0.202303 0.736695 0.645256 -0.202303 0.736695 0.396869 -0.0476369 0.916638 0.307024 -0.447514 0.839921 0.975393 -0.152653 0.159079 -0.202361 0.8086 0.552464 -0.202361 0.8086 0.552464 -0.447304 0.78248 -0.433179 0.51667 0.224003 -0.826362 0.954263 -0.217064 -0.205585 0.844723 -0.384419 -0.372378 0.431146 -0.156273 -0.888646 0.555161 -0.767877 0.319627 0.45834 -0.718984 0.522481 0.844723 -0.384419 -0.372378 0.954263 -0.217064 -0.205585 -0.74333 0.383749 -0.547902 -0.608471 -0.0264131 -0.793136 -0.992165 0.0940277 0.0822631 -0.969638 -0.175489 -0.170309 -0.75425 -0.477132 0.451055 -0.708386 -0.501011 0.497169 -0.992165 0.0940277 0.0822631 -0.969638 -0.175489 -0.170309 0.844723 -0.384419 -0.372378 0.956051 -0.244041 -0.162515 0.800847 -0.0598605 -0.59587 0.431146 -0.156273 -0.888646 0.844723 -0.384419 -0.372378 0.45834 -0.718984 0.522481 0.716461 -0.48483 0.50162 0.956051 -0.244041 -0.162515 -0.708386 -0.501011 0.497169 -0.650833 -0.346452 0.675564 -0.642352 0.164394 -0.748571 -0.608471 -0.0264131 -0.793136 -0.969638 -0.175489 -0.170309 -0.995866 -0.0528864 0.0738568 -0.969638 -0.175489 -0.170309 -0.995866 -0.0528864 0.0738568 -0.875153 -0.333619 -0.350438 -0.841849 -0.267051 -0.469013 -0.655005 -0.0488636 -0.754043 -0.655005 -0.0488636 -0.754043 -0.875153 -0.333619 -0.350438 -0.778031 -0.548742 0.305861 -0.778031 -0.548742 0.305861 -0.841849 -0.267051 -0.469013 0.486898 0.743325 -0.458692 0.606145 0.607407 0.513464 0.606145 0.607407 0.513464 0.371097 -0.263081 0.890548 -0.368739 0.120583 0.921679 -0.0802718 0.899092 0.430337 -0.0802718 0.899092 0.430337 -0.276265 0.854463 -0.439966 0.937774 -0.317716 -0.140128 0.766578 -0.619229 -0.170039 0.440001 -0.159636 -0.883694 0.427497 0.352306 -0.832542 0.937774 -0.317716 -0.140128 0.231127 -0.967919 0.0985601 0.152821 -0.987134 0.0470396 0.766578 -0.619229 -0.170039 -0.515937 0.725531 -0.455426 -0.568823 0.0257025 -0.822058 -0.881105 -0.290467 -0.373207 -0.901992 0.427901 0.0575494 -0.907083 -0.341397 0.24627 -0.60889 -0.791861 0.0470088 -0.901992 0.427901 0.0575494 -0.881105 -0.290467 -0.373207 0.766578 -0.619229 -0.170039 0.792775 -0.601234 0.100124 0.885221 -0.276098 -0.37437 0.440001 -0.159636 -0.883694 0.766578 -0.619229 -0.170039 0.152821 -0.987134 0.0470396 0.510048 -0.78482 0.352006 0.792775 -0.601234 0.100124 -0.60889 -0.791861 0.0470088 -0.637865 -0.621852 0.454343 -0.349433 0.293589 -0.889776 -0.568823 0.0257025 -0.822058 -0.881105 -0.290467 -0.373207 -0.980252 -0.0539643 -0.190246 -0.881105 -0.290467 -0.373207 -0.980252 -0.0539643 -0.190246 0.792775 -0.601234 0.100124 -0.717205 -0.624293 0.309637 -0.733599 -0.0866507 -0.674035 -0.733599 -0.0866507 -0.674035 -0.542638 -0.642944 0.540525 -0.717205 -0.624293 0.309637 0.734649 0.676952 -0.0450339 0.726337 0.309482 0.613722 0.726337 0.309482 0.613722 0.330182 -0.379428 0.8643 -0.181732 0.0890412 0.979308 -0.0266091 0.775895 0.630301 -0.0266091 0.775895 0.630301 0.398008 0.916379 0.0428897 -0.0470437 0.737487 -0.673721 0.64048 -0.115912 -0.759177 0.653389 -0.194422 -0.73163 -0.130999 0.460378 -0.878004 0.630725 -0.691576 -0.352006 0.672877 -0.692505 -0.26014 -0.956747 0.231513 -0.176171 -0.783081 0.619914 0.0498958 -0.783081 0.619914 0.0498958 -0.956747 0.231513 -0.176171 -0.931404 -0.313527 0.1849 -0.858276 0.0822244 0.506559 -0.375311 -0.65142 0.659389 -0.00923716 -0.976462 0.215494 -0.00923716 -0.976462 0.215494 -0.375311 -0.65142 0.659389 0.653389 -0.194422 -0.73163 0.807762 -0.167174 -0.565308 0.305883 0.532922 -0.788942 -0.130999 0.460378 -0.878004 0.672877 -0.692505 -0.26014 0.79261 -0.553125 -0.256558 -0.00923716 -0.976462 0.215494 0.00382242 -0.928898 0.370316 -0.926569 0.376006 0.00946793 -0.956747 0.231513 -0.176171 -0.931404 -0.313527 0.1849 -0.956747 0.231513 -0.176171 -0.926569 0.376006 0.00946793 -0.948999 -0.0374627 0.313046 0.00382242 -0.928898 0.370316 -0.00923716 -0.976462 0.215494 -0.749444 -0.478132 -0.457956 -0.837011 0.38492 -0.388907 -0.837011 0.38492 -0.388907 -0.881339 -0.0483308 -0.470005 0.167031 -0.984991 -0.0435164 0.167031 -0.984991 -0.0435164 0.482026 0.85538 -0.189673 0.963754 -0.0442446 0.263099 0.821056 -0.460266 0.337671 -0.015296 -0.337948 0.941041 -0.015296 -0.337948 0.941041 -0.292842 0.294799 0.909581 -0.285948 0.894007 0.344943 -0.285948 0.894007 0.344943 -0.292842 0.294799 0.909581 0.605429 -0.17032 -0.777462 0.768656 -0.639023 0.028576 0.348008 -0.932688 0.0947867 0.388348 -0.255062 -0.885511 0.768656 -0.639023 0.028576 0.433164 -0.723797 0.537109 -0.164303 -0.824321 0.541756 0.348008 -0.932688 0.0947867 -0.711936 0.175676 -0.679916 -0.68655 0.583692 -0.433535 -0.995059 -0.0964042 0.0237335 -0.897531 0.422422 0.126483 -0.862258 -0.304543 0.404679 -0.619764 -0.572161 0.537145 -0.897531 0.422422 0.126483 -0.995059 -0.0964042 0.0237335 0.348008 -0.932688 0.0947867 0.737197 -0.674648 0.0372913 0.827671 -0.226135 -0.513638 0.388348 -0.255062 -0.885511 0.348008 -0.932688 0.0947867 -0.164303 -0.824321 0.541756 -0.0981442 -0.722112 0.684779 0.737197 -0.674648 0.0372913 -0.619764 -0.572161 0.537145 -0.619026 -0.443536 0.648138 -0.535403 0.490695 -0.687432 -0.711936 0.175676 -0.679916 -0.995059 -0.0964042 0.0237335 -0.953488 0.28237 -0.10549 -0.995059 -0.0964042 0.0237335 -0.953488 0.28237 -0.10549 -0.892116 -0.422997 0.158753 -0.690552 0.227786 -0.686477 -0.690552 0.227786 -0.686477 -0.924284 -0.0677298 -0.375649 -0.924284 -0.0677298 -0.375649 -0.479167 -0.604955 0.635947 -0.479167 -0.604955 0.635947 -0.892116 -0.422997 0.158753 0.94789 0.0628371 0.312338 0.740411 0.315298 -0.593615 0.94789 0.0628371 0.312338 0.24019 -0.288673 0.92681 -0.682922 0.220466 0.696428 -0.372534 0.796525 0.476199 -0.372534 0.796525 0.476199 -0.389836 0.805275 -0.44672 0.977173 -0.2003 -0.0708031 0.694452 -0.696402 0.181 0.489458 -0.0563513 -0.870204 0.770194 0.0809198 -0.632656 0.977173 -0.2003 -0.0708031 0.321319 -0.700992 0.636682 0.0307988 -0.837523 0.545534 0.694452 -0.696402 0.181 -0.586681 -0.199904 -0.784757 -0.474104 0.237225 -0.847909 -0.814233 -0.579028 -0.0418374 -0.951695 0.0633306 -0.300442 -0.777502 -0.598817 0.19212 -0.393801 -0.789057 0.471498 -0.951695 0.0633306 -0.300442 -0.814233 -0.579028 -0.0418374 0.694452 -0.696402 0.181 0.930552 -0.361523 0.0580901 0.807764 0.0927468 -0.582165 0.489458 -0.0563513 -0.870204 0.694452 -0.696402 0.181 0.0307988 -0.837523 0.545534 0.0444154 -0.658421 0.751338 0.930552 -0.361523 0.0580901 -0.393801 -0.789057 0.471498 -0.49885 -0.619733 0.605871 -0.490633 0.151094 -0.858166 -0.586681 -0.199904 -0.784757 -0.950968 -0.244356 -0.189602 -0.814233 -0.579028 -0.0418374 -0.814233 -0.579028 -0.0418374 -0.950968 -0.244356 -0.189602 -0.508581 -0.695835 0.507109 -0.785426 -0.0749427 -0.614402 -0.785426 -0.0749427 -0.614402 -0.858849 -0.506127 -0.0788288 -0.858849 -0.506127 -0.0788288 -0.263898 -0.669508 0.694346 -0.263898 -0.669508 0.694346 -0.508581 -0.695835 0.507109 0.510658 0.852498 -0.111696 0.558356 0.750016 0.354563 0.558356 0.750016 0.354563 -0.252452 0.29116 0.922764 -0.759257 0.33497 0.557964 -0.278101 0.942898 0.183314 -0.278101 0.942898 0.183314 -0.185468 0.952599 -0.241158 0.973756 -0.0432623 0.223443 0.878672 -0.47742 -0.00242954 0.598226 -0.121446 -0.792071 0.363083 0.455069 -0.81307 0.42156 -0.87595 0.234519 0.515129 -0.781462 0.35208 0.878672 -0.47742 -0.00242954 0.973756 -0.0432623 0.223443 -0.400508 -0.0765141 -0.913093 -0.45542 0.672968 -0.582844 -0.823354 -0.473749 -0.312489 -0.985216 -0.0202559 -0.170113 -0.521007 -0.850291 -0.0745469 -0.487715 -0.828054 0.276513 -0.985216 -0.0202559 -0.170113 -0.823354 -0.473749 -0.312489 0.878672 -0.47742 -0.00242954 0.98446 -0.174589 -0.0188721 0.897071 0.124114 -0.424099 0.598226 -0.121446 -0.792071 0.878672 -0.47742 -0.00242954 0.515129 -0.781462 0.35208 0.762549 -0.529098 0.372256 0.98446 -0.174589 -0.0188721 -0.487715 -0.828054 0.276513 -0.553633 -0.674084 0.48898 -0.298081 0.356337 -0.885534 -0.400508 -0.0765141 -0.913093 -0.823354 -0.473749 -0.312489 -0.944674 -0.224696 -0.238963 -0.823354 -0.473749 -0.312489 -0.944674 -0.224696 -0.238963 -0.643065 -0.587915 -0.490737 -0.637766 -0.653538 -0.407605 -0.511565 -0.051311 -0.857711 -0.511565 -0.051311 -0.857711 -0.643065 -0.587915 -0.490737 -0.466472 -0.872611 0.144753 -0.466472 -0.872611 0.144753 -0.637766 -0.653538 -0.407605 0.191153 0.973954 0.121959 0.549765 0.389557 0.738921 0.549765 0.389557 0.738921 -0.278862 0.0715246 0.957664 -0.768453 0.0938849 0.632982 -0.178914 0.86839 0.462481 -0.178914 0.86839 0.462481 0.058429 0.997573 -0.0378835 0.312821 0.440166 -0.841663 0.722021 -0.689522 0.0569756 0.76259 -0.36744 -0.532395 0.280817 -0.0899478 -0.955537 0.722021 -0.689522 0.0569756 0.319943 -0.692505 0.646586 0.538616 -0.829701 0.146593 0.76259 -0.36744 -0.532395 -0.296132 -0.230271 -0.926974 -0.808334 0.424797 -0.407607 -0.645022 -0.524633 -0.555614 -0.986891 -0.0340225 -0.157761 -0.71114 -0.499919 0.494328 -0.316743 -0.944501 -0.0871252 -0.986891 -0.0340225 -0.157761 -0.645022 -0.524633 -0.555614 0.76259 -0.36744 -0.532395 0.949184 -0.203456 -0.240117 0.434137 0.195636 -0.879347 0.280817 -0.0899478 -0.955537 0.76259 -0.36744 -0.532395 0.538616 -0.829701 0.146593 0.798793 -0.554664 0.232978 0.949184 -0.203456 -0.240117 -0.316743 -0.944501 -0.0871252 -0.419117 -0.883139 0.210727 -0.350748 0.066576 -0.9341 -0.296132 -0.230271 -0.926974 -0.852623 -0.313563 -0.417987 -0.645022 -0.524633 -0.555614 -0.645022 -0.524633 -0.555614 -0.852623 -0.313563 -0.417987 -0.606881 -0.66666 -0.432735 -0.607337 -0.67658 -0.416391 -0.443384 -0.16824 -0.880401 -0.443384 -0.16824 -0.880401 -0.606881 -0.66666 -0.432735 -0.557145 -0.830344 -0.0108903 -0.557145 -0.830344 -0.0108903 -0.607337 -0.67658 -0.416391 0.442967 0.793442 -0.417409 0.563875 0.640166 0.521758 0.563875 0.640166 0.521758 0.0587729 0.183962 0.981175 -0.729413 0.250598 0.63652 -0.71114 -0.499919 0.494328 -0.729413 0.250598 0.63652 -0.239322 0.959995 0.145374 -0.239322 0.959995 0.145374 -0.123144 0.961743 -0.244716 -0.239322 0.959995 0.145374 0.938322 0.192271 -0.287373 0.400244 0.238254 -0.884896 0.414994 0.765716 -0.491385 0.846404 0.530083 -0.0511167 -0.398578 0.508014 -0.763582 -0.439102 0.822285 -0.36199 0.414994 0.765716 -0.491385 0.400244 0.238254 -0.884896 0.585842 0.233186 0.776153 0.369216 0.277867 0.886831 -0.114004 0.188768 0.975382 -0.449006 0.184065 0.874365 -0.814333 0.364318 0.451812 -0.731465 0.502182 0.461272 -0.449006 0.184065 0.874365 -0.114004 0.188768 0.975382 0.414994 0.765716 -0.491385 0.223802 0.535856 -0.814108 0.879513 0.353432 -0.318658 0.846404 0.530083 -0.0511167 0.414994 0.765716 -0.491385 -0.439102 0.822285 -0.36199 -0.506701 0.596052 -0.622877 0.223802 0.535856 -0.814108 -0.731465 0.502182 0.461272 -0.809854 0.171347 0.56105 0.585842 0.233186 0.776153 0.436927 0.0320413 0.898926 -0.114004 0.188768 0.975382 -0.0944218 -0.00808119 0.995499 -0.114004 0.188768 0.975382 -0.0944218 -0.00808119 0.995499 0.850777 0.334734 0.405132 0.568266 0.632827 0.525931 0.471514 0.69522 0.542535 0.850777 0.334734 0.405132 -0.5273 0.77018 0.358856 -0.5273 0.77018 0.358856 0.471514 0.69522 0.542535 0.568266 0.632827 0.525931 0.67986 -0.702817 -0.209375 0.0465551 -0.767363 -0.63952 0.0465551 -0.767363 -0.63952 -0.473597 -0.304407 -0.826464 -0.806943 -0.521305 -0.277641 -0.18327 -0.964228 0.191511 -0.18327 -0.964228 0.191511 0.454871 -0.65989 0.598028 0.961258 0.0770358 -0.264666 0.333438 0.330703 -0.882867 0.321617 0.422082 -0.84759 0.911224 0.250748 -0.326797 0.333438 0.330703 -0.882867 -0.477968 0.550768 -0.684252 -0.507718 0.591842 -0.626055 0.321617 0.422082 -0.84759 0.604167 -0.0791781 0.792914 0.843037 0.28861 0.453865 -0.222357 0.30565 0.925816 -0.286723 0.104745 0.95227 -0.826159 0.196838 0.527936 -0.836965 0.478609 0.265373 -0.286723 0.104745 0.95227 -0.222357 0.30565 0.925816 0.321617 0.422082 -0.84759 0.318206 0.212663 -0.923861 0.919078 0.0621208 -0.389149 0.911224 0.250748 -0.326797 0.321617 0.422082 -0.84759 -0.507718 0.591842 -0.626055 -0.448962 0.344852 -0.824324 0.318206 0.212663 -0.923861 -0.836965 0.478609 0.265373 -0.780379 0.23874 0.577938 0.843037 0.28861 0.453865 0.281805 -0.0389689 0.95868 -0.222357 0.30565 0.925816 -0.257744 0.0346392 0.965592 -0.222357 0.30565 0.925816 -0.257744 0.0346392 0.965592 -0.334647 0.933798 0.126622 0.0465026 0.994886 0.089665 0.965434 0.246445 -0.0848645 0.965434 0.246445 -0.0848645 -0.739345 0.657377 0.145686 0.0465026 0.994886 0.089665 -0.334647 0.933798 0.126622 -0.739345 0.657377 0.145686 0.857198 -0.462085 -0.227352 -0.00188314 -0.798797 -0.601598 -0.00188314 -0.798797 -0.601598 -0.65949 -0.169691 -0.73231 -0.873946 -0.446349 0.192332 -0.261696 -0.915178 0.306536 -0.261696 -0.915178 0.306536 0.573757 -0.624774 0.529585 0.933745 -0.170267 -0.314849 0.878394 0.197143 -0.435383 0.764624 0.415852 0.492359 0.779328 0.276597 0.562265 0.933745 -0.170267 -0.314849 0.372221 -0.0490542 -0.926847 0.427319 0.202705 -0.881084 0.878394 0.197143 -0.435383 -0.107989 0.544655 0.831678 -0.313551 0.470303 0.824925 -0.803024 0.547813 0.234636 -0.941035 0.338305 0.00155445 -0.638446 0.00353546 -0.769658 -0.535354 0.466162 -0.704335 -0.941035 0.338305 0.00155445 -0.803024 0.547813 0.234636 0.878394 0.197143 -0.435383 0.866535 0.220845 -0.447598 0.733946 0.37126 0.568761 0.764624 0.415852 0.492359 0.878394 0.197143 -0.435383 0.427319 0.202705 -0.881084 0.276455 0.0759025 -0.958025 0.866535 0.220845 -0.447598 -0.535354 0.466162 -0.704335 -0.904683 0.239481 -0.352417 -0.422462 0.434399 0.795502 -0.107989 0.544655 0.831678 -0.803024 0.547813 0.234636 -0.905555 0.313703 0.285589 -0.803024 0.547813 0.234636 -0.905555 0.313703 0.285589 0.205528 0.697517 -0.68646 0.176196 0.632582 0.754185 0.176196 0.632582 0.754185 0.239848 0.821297 -0.517634 0.239848 0.821297 -0.517634 0.0920659 0.29587 -0.950781 0.0920659 0.29587 -0.950781 0.205528 0.697517 -0.68646 0.437211 -0.44592 0.781027 0.120964 -0.943 0.310029 0.120964 -0.943 0.310029 0.193642 -0.957748 -0.212653 -0.453666 -0.88134 -0.132011 -0.650685 -0.663993 0.368405 -0.650685 -0.663993 0.368405 -0.237603 -0.249368 0.938808 -0.157508 0.375196 -0.913466 -0.810546 0.575038 -0.111114 -0.686005 0.682618 -0.251854 -0.0399385 0.52293 -0.851439 -0.605246 0.431137 0.669177 -0.343556 0.526464 0.777692 -0.686005 0.682618 -0.251854 -0.810546 0.575038 -0.111114 0.698514 0.289704 -0.654332 0.865885 0.0157192 -0.499995 0.850289 -0.151862 0.503932 0.932071 0.116121 0.343161 0.362679 -0.0238268 0.931609 0.315234 0.199345 0.927841 0.850289 -0.151862 0.503932 0.932071 0.116121 0.343161 -0.686005 0.682618 -0.251854 -0.671926 0.627198 -0.393875 -0.124269 0.601234 -0.789351 -0.0399385 0.52293 -0.851439 -0.686005 0.682618 -0.251854 -0.343556 0.526464 0.777692 -0.722652 0.136606 0.677579 -0.671926 0.627198 -0.393875 0.315234 0.199345 0.927841 0.249734 -0.316392 0.915166 0.7362 0.232355 -0.635627 0.698514 0.289704 -0.654332 0.932071 0.116121 0.343161 0.932599 -0.185151 0.309803 0.932071 0.116121 0.343161 0.932599 -0.185151 0.309803 0.147409 0.514496 0.844727 0.374074 0.872481 0.314396 0.37885 0.652929 -0.655863 0.37885 0.652929 -0.655863 0.374074 0.872481 0.314396 0.147409 0.514496 0.844727 -0.113676 -0.00726829 0.993491 -0.113676 -0.00726829 0.993491 -0.800438 -0.488426 -0.347475 -0.135366 -0.264697 -0.954783 -0.800438 -0.488426 -0.347475 -0.73782 -0.467416 0.486975 0.0305169 -0.809436 0.586415 0.109768 -0.990675 -0.0807121 0.109768 -0.990675 -0.0807121 0.601624 -0.620722 -0.502745 0.865885 0.0157192 -0.499995 0.601624 -0.620722 -0.502745 0.109768 -0.990675 -0.0807121 -0.396693 0.013842 0.917847 0.354521 0.0709366 0.932353 0.307243 0.621723 0.72046 -0.448519 0.563688 0.693604 0.95072 -0.0539464 0.305321 0.809117 0.58533 0.0521331 0.307243 0.621723 0.72046 0.354521 0.0709366 0.932353 -0.876479 0.479716 0.0407086 -0.941033 0.291327 -0.172003 -0.405415 0.278409 -0.870705 -0.413891 0.494688 -0.764184 0.526095 0.196734 -0.827357 0.515435 0.455694 -0.72572 -0.405415 0.278409 -0.870705 -0.413891 0.494688 -0.764184 0.307243 0.621723 0.72046 0.426442 0.337098 0.839353 -0.0990071 0.382624 0.918584 -0.448519 0.563688 0.693604 0.307243 0.621723 0.72046 0.809117 0.58533 0.0521331 0.865505 0.419071 0.274373 0.426442 0.337098 0.839353 0.515435 0.455694 -0.72572 0.520689 0.254065 -0.815067 -0.939987 0.306376 -0.150195 -0.876479 0.479716 0.0407086 -0.413891 0.494688 -0.764184 -0.317314 0.279913 -0.906069 -0.413891 0.494688 -0.764184 -0.317314 0.279913 -0.906069 -0.582351 0.805007 -0.113275 -0.667188 0.744127 -0.0336968 -0.740883 0.669995 0.0468891 -0.740883 0.669995 0.0468891 -0.582351 0.805007 -0.113275 -0.163837 0.903161 -0.396808 -0.163837 0.903161 -0.396808 -0.667188 0.744127 -0.0336968 -0.326557 -0.722661 0.609197 0.327005 -0.912342 0.246372 0.327005 -0.912342 0.246372 0.770212 -0.637727 -0.00880768 0.385484 -0.474497 -0.791362 -0.226066 -0.764237 -0.604017 -0.226066 -0.764237 -0.604017 -0.720696 -0.681629 -0.126412 0.0296732 0.274612 0.961097 0.581272 0.423274 0.694954 0.310684 0.817995 0.484108 -0.685348 0.433315 0.585266 0.960388 0.18714 0.206481 0.468771 0.843796 -0.26127 0.310684 0.817995 0.484108 0.581272 0.423274 0.694954 -0.990201 0.0669182 -0.122575 -0.99404 -0.0653841 0.0872356 -0.604969 0.15356 -0.781302 -0.682478 0.28602 -0.672619 0.215858 0.371553 -0.902969 0.0285434 0.549769 -0.834829 -0.682478 0.28602 -0.672619 -0.604969 0.15356 -0.781302 0.310684 0.817995 0.484108 0.577105 0.503238 0.643197 -0.273283 0.307302 0.911527 -0.685348 0.433315 0.585266 0.310684 0.817995 0.484108 0.468771 0.843796 -0.26127 0.753502 0.54062 0.374119 0.577105 0.503238 0.643197 0.0285434 0.549769 -0.834829 0.261337 0.404374 -0.876461 -0.990201 0.0669182 -0.122575 -0.998482 -0.0546976 -0.00644819 -0.604969 0.15356 -0.781302 -0.647805 0.0894284 -0.756539 -0.604969 0.15356 -0.781302 -0.647805 0.0894284 -0.756539 -0.677056 0.628718 -0.382505 -0.536203 0.671434 -0.511529 -0.941618 0.290891 0.169522 -0.941618 0.290891 0.169522 0.183051 0.577701 -0.795458 -0.536203 0.671434 -0.511529 -0.677056 0.628718 -0.382505 0.183051 0.577701 -0.795458 0.362334 -0.246884 0.898756 0.74412 -0.55909 0.365655 0.74412 -0.55909 0.365655 0.931176 -0.361104 -0.0501519 0.12458 -0.390024 -0.912338 0.215858 0.371553 -0.902969 0.12458 -0.390024 -0.912338 -0.187653 -0.835121 -0.517069 -0.187653 -0.835121 -0.517069 -0.608704 -0.791969 0.0475827 -0.187653 -0.835121 -0.517069 -0.982497 0.0526943 0.178669 -0.933263 0.352872 0.067098 -0.79419 0.162033 -0.585669 -0.76754 -0.088204 -0.634903 -0.982497 0.0526943 0.178669 -0.393803 0.339252 0.854299 -0.431014 0.674557 0.599332 -0.933263 0.352872 0.067098 0.438765 0.170855 -0.882209 -0.177863 0.255981 -0.950178 0.954692 0.217009 -0.203643 0.564718 0.648319 -0.510662 0.817233 0.290003 0.498024 0.273545 0.891773 0.360436 0.954692 0.217009 -0.203643 0.564718 0.648319 -0.510662 -0.933263 0.352872 0.067098 -0.925867 0.209535 0.314428 -0.878014 -0.00279477 -0.478627 -0.79419 0.162033 -0.585669 -0.933263 0.352872 0.067098 -0.431014 0.674557 0.599332 -0.353536 0.518827 0.778351 -0.925867 0.209535 0.314428 0.273545 0.891773 0.360436 0.569393 0.702145 0.427533 -0.177863 0.255981 -0.950178 0.436359 0.151387 -0.886946 0.564718 0.648319 -0.510662 0.822004 0.419699 -0.384919 0.564718 0.648319 -0.510662 0.822004 0.419699 -0.384919 -0.747205 0.664128 -0.0248901 -0.865139 0.269303 -0.423095 -0.865139 0.269303 -0.423095 -0.72815 0.685392 0.00588911 -0.747205 0.664128 -0.0248901 -0.72815 0.685392 0.00588911 -0.206681 0.836192 0.508003 -0.206681 0.836192 0.508003 -0.434644 -0.717666 -0.544095 -0.318261 -0.893604 0.316515 -0.318261 -0.893604 0.316515 -0.139112 -0.40383 0.904195 0.687145 -0.405055 0.603126 0.672194 -0.737412 0.0661737 0.672194 -0.737412 0.0661737 0.490195 -0.482556 -0.725844 0.330469 -0.0917393 0.939348 0.925963 0.297648 0.232377 0.754785 0.549773 0.35784 0.474448 0.115962 0.872612 0.925963 0.297648 0.232377 0.549484 0.392332 -0.737661 0.481433 0.716502 -0.504824 0.754785 0.549773 0.35784 -0.20278 -0.167291 0.964828 -0.767925 -0.30712 0.562111 -0.77712 -0.509789 -0.369053 -0.938525 0.345087 0.00926957 -0.536086 -0.032913 -0.843521 -0.4879 0.596393 -0.637392 -0.77712 -0.509789 -0.369053 -0.938525 0.345087 0.00926957 0.754785 0.549773 0.35784 0.63299 0.755578 0.1686 0.284678 0.505708 0.814381 0.474448 0.115962 0.872612 0.754785 0.549773 0.35784 0.481433 0.716502 -0.504824 0.311616 0.806955 -0.501716 0.63299 0.755578 0.1686 -0.4879 0.596393 -0.637392 -0.628248 0.498981 -0.596928 -0.20278 -0.167291 0.964828 -0.713422 0.135753 0.687459 -0.938525 0.345087 0.00926957 -0.96298 0.172703 0.206986 -0.938525 0.345087 0.00926957 -0.96298 0.172703 0.206986 -0.185965 0.978345 0.0908775 -0.0423947 0.686807 0.725602 -0.0423947 0.686807 0.725602 -0.191239 0.980063 0.0538978 -0.185965 0.978345 0.0908775 -0.191239 0.980063 0.0538978 -0.232152 0.892972 -0.385623 -0.232152 0.892972 -0.385623 0.460083 -0.456419 0.761581 0.916137 -0.400641 -0.0134005 0.916137 -0.400641 -0.0134005 0.593833 -0.0577287 -0.802515 0.136547 -0.550028 -0.823908 -0.0706824 -0.94048 -0.332418 -0.0706824 -0.94048 -0.332418 -0.449408 -0.783999 0.428228 0.386507 -0.061822 -0.920212 0.396104 0.470403 -0.788557 0.824853 0.296986 -0.481059 0.92467 -0.140071 -0.354071 0.386507 -0.061822 -0.920212 -0.448643 0.28036 -0.848598 -0.463646 0.722951 -0.512225 0.396104 0.470403 -0.788557 0.835912 0.282064 0.470841 0.574045 0.0386589 0.817911 0.125013 0.332976 0.934612 -0.358698 0.163836 0.918963 -0.878682 0.322436 0.35207 -0.674101 0.591065 0.442979 -0.358698 0.163836 0.918963 0.125013 0.332976 0.934612 0.396104 0.470403 -0.788557 0.284704 0.448884 -0.847022 0.809231 0.298911 -0.505765 0.824853 0.296986 -0.481059 0.396104 0.470403 -0.788557 -0.463646 0.722951 -0.512225 -0.500296 0.56645 -0.654858 0.284704 0.448884 -0.847022 -0.674101 0.591065 0.442979 -0.444946 -0.0555289 0.893834 0.835912 0.282064 0.470841 0.735247 0.085896 0.672335 0.125013 0.332976 0.934612 0.323676 -0.101013 0.940761 0.125013 0.332976 0.934612 0.323676 -0.101013 0.940761 -0.444946 -0.0555289 0.893834 -0.674101 0.591065 0.442979 -0.467679 0.883403 -0.0296063 -0.375425 0.925581 -0.0485403 0.889399 0.418511 -0.183899 0.889399 0.418511 -0.183899 -0.829891 0.554306 0.0634477 -0.375425 0.925581 -0.0485403 -0.467679 0.883403 -0.0296063 -0.829891 0.554306 0.0634477 0.622868 -0.704509 -0.340151 0.082555 -0.795646 -0.600111 -0.628873 -0.400413 -0.666474 0.082555 -0.795646 -0.600111 -0.85749 -0.483501 0.17589 -0.391634 -0.815202 0.426695 -0.391634 -0.815202 0.426695 0.269496 -0.55117 0.789673 0.834041 0.070727 -0.54715 -0.15925 -0.176048 -0.971415 -0.32617 0.454158 -0.829068 0.518685 0.608467 -0.600612 -0.15925 -0.176048 -0.971415 -0.883345 -0.308868 -0.352565 -0.764601 0.413522 -0.494354 -0.32617 0.454158 -0.829068 0.764367 0.36774 0.529631 0.860414 -0.0022263 0.509591 0.300942 0.0752843 0.950666 0.0158199 0.378767 0.925357 -0.87862 -0.0303039 0.476558 -0.611422 0.288301 0.736916 0.0158199 0.378767 0.925357 0.300942 0.0752843 0.950666 -0.32617 0.454158 -0.829068 -0.264715 0.462543 -0.846156 0.794579 0.352498 -0.494357 0.518685 0.608467 -0.600612 -0.32617 0.454158 -0.829068 -0.764601 0.413522 -0.494354 -0.682685 0.404164 -0.608763 -0.264715 0.462543 -0.846156 -0.611422 0.288301 0.736916 -0.206622 -0.0124568 0.978341 0.764367 0.36774 0.529631 0.560372 0.0385241 0.827344 0.300942 0.0752843 0.950666 0.309298 -0.0675767 0.948561 0.300942 0.0752843 0.950666 0.309298 -0.0675767 0.948561 -0.206622 -0.0124568 0.978341 -0.611422 0.288301 0.736916 0.786016 0.581142 -0.21084 0.786016 0.581142 -0.21084 0.207582 0.878237 -0.430823 -0.458123 0.766919 -0.449398 -0.458123 0.766919 -0.449398 0.207582 0.878237 -0.430823 -0.763623 0.533564 -0.363578 -0.763623 0.533564 -0.363578 0.644008 -0.688674 -0.333141 0.142171 -0.831336 -0.537278 0.142171 -0.831336 -0.537278 -0.785341 -0.513944 -0.34511 -0.756637 -0.180881 0.628317 -0.87862 -0.0303039 0.476558 -0.756637 -0.180881 0.628317 -0.137172 -0.402872 0.904919 -0.137172 -0.402872 0.904919 0.440865 -0.36206 0.82131 0.860414 -0.0022263 0.509591 0.440865 -0.36206 0.82131 -0.137172 -0.402872 0.904919 -0.137172 -0.402872 0.904919 0.95046 0.309294 -0.0310282 0.628641 -0.18196 -0.756109 0.30428 0.0828247 -0.948975 0.907485 0.416593 0.0540435 -0.021748 -0.335194 -0.941898 -0.555606 0.132795 -0.820772 0.30428 0.0828247 -0.948975 0.628641 -0.18196 -0.756109 0.521198 0.594128 0.61267 0.250135 0.675033 0.694092 -0.411142 0.550203 0.7268 -0.717406 0.257383 0.647366 -0.988915 0.0974738 0.11201 -0.929179 0.349828 -0.119354 -0.717406 0.257383 0.647366 -0.411142 0.550203 0.7268 0.30428 0.0828247 -0.948975 0.408064 -0.162007 -0.898464 0.961798 0.256274 -0.0962738 0.907485 0.416593 0.0540435 0.30428 0.0828247 -0.948975 -0.555606 0.132795 -0.820772 -0.326606 -0.304571 -0.894743 0.408064 -0.162007 -0.898464 -0.929179 0.349828 -0.119354 -0.995278 0.0200996 0.0949665 0.521198 0.594128 0.61267 0.547904 0.491005 0.677286 -0.219715 0.482053 0.848145 -0.411142 0.550203 0.7268 -0.411142 0.550203 0.7268 -0.219715 0.482053 0.848145 -0.64469 0.764084 -0.023439 -0.785966 0.612708 -0.0827413 0.0941315 0.977559 0.188461 0.0941315 0.977559 0.188461 -0.64469 0.764084 -0.023439 -0.944132 0.277856 -0.177231 -0.944132 0.277856 -0.177231 -0.785966 0.612708 -0.0827413 0.967214 -0.0896234 0.237622 0.40779 -0.91297 -0.013892 0.40779 -0.91297 -0.013892 -0.279604 -0.802673 -0.526818 -0.794003 -0.599808 0.0989465 -0.0455411 -0.724124 0.688164 -0.0455411 -0.724124 0.688164 0.586619 0.0934989 0.804448 -0.884405 0.131313 -0.447867 -0.800525 0.446649 0.399581 -0.420828 0.906444 -0.0355349 -0.666023 0.390812 -0.635357 0.0143432 0.50362 0.863806 0.00445989 0.95271 0.303848 -0.420828 0.906444 -0.0355349 -0.800525 0.446649 0.399581 0.026399 0.204745 -0.978459 0.264333 -0.433081 -0.861724 0.745533 0.433732 -0.506022 0.874706 -0.371479 -0.311278 0.87217 -0.00638781 0.489161 0.479562 0.862652 0.160787 0.874706 -0.371479 -0.311278 0.745533 0.433732 -0.506022 -0.420828 0.906444 -0.0355349 -0.852792 0.480928 0.203603 -0.846853 -0.0757568 -0.526403 -0.666023 0.390812 -0.635357 -0.420828 0.906444 -0.0355349 0.00445989 0.95271 0.303848 0.00928033 0.751421 0.659757 -0.852792 0.480928 0.203603 0.479562 0.862652 0.160787 0.577044 0.726657 0.372812 0.174871 -0.198281 -0.96442 0.026399 0.204745 -0.978459 0.745533 0.433732 -0.506022 0.790906 0.127482 -0.598512 0.745533 0.433732 -0.506022 0.790906 0.127482 -0.598512 0.0715869 0.869438 0.488828 -0.317709 0.251803 -0.914142 -0.317709 0.251803 -0.914142 0.0604314 0.886287 0.459176 0.0604314 0.886287 0.459176 0.14157 0.732908 0.665434 0.14157 0.732909 0.665434 0.0715869 0.869438 0.488828 -0.823451 -0.516303 -0.235285 -0.506999 -0.615591 0.603324 -0.506999 -0.615591 0.603324 -0.107085 -0.107544 0.988416 0.607758 -0.514668 0.60477 0.263587 -0.960888 0.084943 0.263587 -0.960888 0.084943 -0.0721661 -0.777381 -0.624877 0.637644 0.188231 0.74698 0.377676 0.532404 0.757566 -0.217695 0.349836 0.911166 -0.426536 0.543047 0.723303 0.808222 -0.147721 -0.570049 0.679989 0.647241 -0.344522 0.377676 0.532404 0.757566 0.637644 0.188231 0.74698 -0.968825 0.109867 -0.222054 -0.987226 0.127048 -0.0961437 -0.194944 -0.637215 -0.745623 -0.503225 0.287264 -0.815012 0.199263 -0.568504 -0.798184 0.25715 0.46753 -0.845748 0.679989 0.647241 -0.344522 0.808222 -0.147721 -0.570049 -0.503225 0.287264 -0.815012 -0.194944 -0.637215 -0.745623 0.377676 0.532404 0.757566 0.335068 0.320355 0.88606 -0.181503 0.103697 0.977908 -0.217695 0.349836 0.911166 0.377676 0.532404 0.757566 0.679989 0.647241 -0.344522 0.696903 0.561334 0.446352 0.335068 0.320355 0.88606 0.25715 0.46753 -0.845748 0.336276 0.415342 -0.845227 -0.951048 -0.297078 -0.08516 -0.987226 0.127048 -0.0961437 -0.521865 -0.052026 -0.85144 -0.503225 0.287264 -0.815012 -0.503225 0.287264 -0.815012 -0.521865 -0.052026 -0.85144 -0.311518 0.528887 -0.789452 0.0164882 0.579702 -0.814662 -0.601778 0.42111 -0.678623 -0.601778 0.42111 -0.678623 0.194344 0.580548 -0.790692 0.194343 0.580548 -0.790692 0.0164882 0.579702 -0.814662 -0.311518 0.528887 -0.789452 -0.48449 -0.37174 0.791883 0.366515 -0.905268 0.214842 0.23848 -0.917429 -0.318513 0.637644 0.188231 0.74698 0.366515 -0.905268 0.214842 0.28284 -0.906077 -0.314682 -0.135764 -0.980762 -0.140266 -0.135764 -0.980762 -0.140266 -0.785968 -0.600926 0.145399 0.0138189 0.272369 -0.962094 -0.0365747 0.705181 -0.708084 0.641119 0.705577 -0.301873 0.764337 0.415652 -0.492973 0.0138189 0.272369 -0.962094 -0.750481 0.231856 -0.618887 -0.801298 0.518151 -0.299067 -0.0365747 0.705181 -0.708084 0.632655 0.494209 0.596242 0.714851 0.229188 0.660652 0.165867 0.278349 0.94605 -0.0778137 0.0270639 0.996601 -0.818859 0.0858988 0.567531 -0.691178 0.210327 0.691401 -0.0778137 0.0270639 0.996601 0.165867 0.278349 0.94605 -0.0365747 0.705181 -0.708084 -0.172624 0.634314 -0.753556 0.695293 0.594115 -0.40447 0.641119 0.705577 -0.301873 -0.0365747 0.705181 -0.708084 -0.801298 0.518151 -0.299067 -0.791728 0.482127 -0.375127 -0.172624 0.634314 -0.753556 -0.691178 0.210327 0.691401 -0.51422 -0.0488537 0.856266 0.632655 0.494209 0.596242 0.675738 0.238761 0.697403 0.165867 0.278349 0.94605 0.255849 0.0208164 0.966493 0.165867 0.278349 0.94605 0.255849 0.0208164 0.966493 0.485423 0.833359 0.264344 0.418267 0.856252 0.303126 0.786581 0.616837 0.0283439 0.786581 0.616837 0.0283439 -0.579871 0.598088 0.55321 -0.579871 0.598088 0.55321 0.418267 0.856252 0.303126 0.485423 0.833359 0.264344 0.736333 -0.368679 -0.567354 0.0347283 -0.722382 -0.690621 0.0347283 -0.722382 -0.690621 -0.721841 -0.474079 -0.504177 -0.62084 -0.722034 0.305327 0.123958 -0.964942 0.231348 0.123958 -0.964942 0.231348 0.764705 -0.546284 0.34176 0.370352 0.00986742 0.928839 0.422395 0.538384 0.729195 -0.410869 0.634096 0.655064 -0.484932 0.0678986 0.871912 0.370352 0.00986742 0.928839 0.923168 0.0768891 0.376628 0.887402 0.441704 0.131967 0.422395 0.538384 0.729195 -0.831324 0.528857 -0.17091 -0.971881 0.180413 -0.151325 -0.398622 0.489199 -0.775748 -0.378921 0.261144 -0.887819 0.536279 0.298835 -0.789369 0.497761 0.388171 -0.775601 -0.378921 0.261144 -0.887819 -0.398622 0.489199 -0.775748 0.422395 0.538384 0.729195 0.490349 0.346283 0.799779 -0.143197 0.379564 0.914016 -0.410869 0.634096 0.655064 0.422395 0.538384 0.729195 0.887402 0.441704 0.131967 0.888903 0.391139 0.238456 0.490349 0.346283 0.799779 0.497761 0.388171 -0.775601 0.395502 0.269728 -0.877966 -0.904509 0.314796 -0.287693 -0.831324 0.528857 -0.17091 -0.398622 0.489199 -0.775748 -0.489988 0.275475 -0.827058 -0.398622 0.489199 -0.775748 -0.489988 0.275475 -0.827058 -0.688154 0.59397 0.416706 -0.0258332 0.958577 -0.283661 -0.221662 0.968414 -0.11419 -0.688154 0.59397 0.416706 -0.221662 0.968414 -0.11419 -0.0258332 0.958577 -0.283661 0.577241 0.47841 -0.661752 0.577241 0.47841 -0.661752 -0.352819 -0.618784 0.701872 0.403361 -0.852127 0.333437 0.403361 -0.852127 0.333437 0.808845 -0.586282 0.0451944 0.432678 -0.556265 -0.709478 -0.144541 -0.785237 -0.602088 -0.144541 -0.785237 -0.602088 -0.672115 -0.732805 -0.106102 -0.800288 0.543697 0.252848 -0.338478 0.624092 0.704232 0.115156 0.704763 0.700034 -0.293256 0.880818 -0.371699 0.611371 0.659684 0.437085 0.838671 0.485332 0.247151 0.115156 0.704763 0.700034 -0.338478 0.624092 0.704232 -0.181463 0.666474 -0.723107 -0.508992 0.119615 -0.85242 0.293995 0.406748 -0.864941 0.0626172 -0.145357 -0.987396 0.817823 0.315698 -0.481145 0.793387 0.342941 -0.50292 0.0626172 -0.145357 -0.987396 0.293995 0.406748 -0.864941 0.115156 0.704763 0.700034 0.163138 0.341417 0.925646 -0.653836 0.681207 0.329328 -0.293256 0.880818 -0.371699 0.115156 0.704763 0.700034 0.838671 0.485332 0.247151 0.606371 0.219405 0.764314 0.163138 0.341417 0.925646 0.793387 0.342941 -0.50292 0.858247 -0.0632548 -0.509324 -0.181463 0.666474 -0.723107 -0.388892 0.497183 -0.77561 0.293995 0.406748 -0.864941 0.279771 0.187878 -0.941504 0.293995 0.406748 -0.864941 0.279771 0.187878 -0.941504 -0.542306 0.641176 -0.542953 -0.252545 0.705542 -0.662142 -0.191177 0.709803 -0.677961 -0.542306 0.641176 -0.542953 -0.252545 0.705542 -0.662142 0.67631 0.451967 -0.581662 0.67631 0.451967 -0.581662 -0.191177 0.709803 -0.677961 -0.307609 -0.763248 0.568181 -0.745338 -0.601757 0.286983 -0.307609 -0.763248 0.568181 0.823861 0.146259 0.547597 0.969738 -0.24102 0.0389438 0.0175353 -0.992688 -0.119428 -0.702914 -0.612026 -0.362403 0.0175353 -0.992688 -0.119428 -0.775388 -0.0407313 -0.63017 -0.531615 0.459629 -0.711425 0.0381085 0.169183 -0.984848 0.0282072 -0.201772 -0.979026 -0.775388 -0.0407313 -0.63017 -0.913603 0.315977 0.255906 -0.547009 0.830975 0.101299 -0.531615 0.459629 -0.711425 0.730954 0.244701 -0.637046 0.91165 0.159011 -0.37896 0.797865 0.254201 0.546621 0.866957 0.460869 0.189695 0.0974087 0.403659 0.909709 0.184461 0.794759 0.578215 0.797865 0.254201 0.546621 0.866957 0.460869 0.189695 -0.531615 0.459629 -0.711425 -0.623502 0.385858 -0.67997 -0.0158995 0.110412 -0.993759 0.0381085 0.169183 -0.984848 -0.531615 0.459629 -0.711425 -0.547009 0.830975 0.101299 -0.689728 0.672223 0.269055 -0.623502 0.385858 -0.67997 0.184461 0.794759 0.578215 0.241655 0.570329 0.785065 0.730954 0.244701 -0.637046 0.866324 0.089071 -0.491477 0.866957 0.460869 0.189695 0.940601 0.313693 0.129868 0.866957 0.460869 0.189695 0.940601 0.313693 0.129868 -0.565956 0.770576 -0.293098 -0.190913 0.392413 -0.899758 -0.190913 0.392413 -0.899758 -0.562479 0.768223 -0.305697 -0.565956 0.770576 -0.293098 -0.562479 0.768223 -0.305697 -0.620448 0.75891 0.197737 -0.620448 0.75891 0.197737 0.17042 -0.746621 -0.64305 -0.407877 -0.91166 -0.0501256 -0.407877 -0.91166 -0.0501256 -0.75746 -0.443894 0.478762 -0.0678425 -0.419552 0.905192 0.330643 -0.811346 0.482071 0.330643 -0.811346 0.482071 0.801656 -0.572076 -0.173426 0.91165 0.159011 -0.37896 0.801656 -0.572076 -0.173426 0.330643 -0.811346 0.482071 0.401023 -0.223142 0.888475 0.944038 -0.312457 0.105654 0.977739 0.130989 0.163916 0.628042 0.263393 0.732248 0.944038 -0.312457 0.105654 0.590711 0.0256301 -0.806476 0.76261 0.400443 -0.508008 0.977739 0.130989 0.163916 -0.00149986 0.51747 0.8557 -0.684801 0.0905425 0.723084 -0.56855 0.820881 0.0539013 -0.937456 0.270754 -0.218788 -0.523334 0.240052 -0.817616 -0.141649 0.788002 -0.599157 -0.937456 0.270754 -0.218788 -0.56855 0.820881 0.0539013 0.977739 0.130989 0.163916 0.969288 0.155568 0.190474 0.646026 0.206766 0.734778 0.628042 0.263393 0.732248 0.977739 0.130989 0.163916 0.76261 0.400443 -0.508008 0.777351 0.408238 -0.47861 0.969288 0.155568 0.190474 -0.141649 0.788002 -0.599157 -0.241668 0.830961 -0.501099 -0.290825 0.600785 0.744633 -0.00149986 0.51747 0.8557 -0.587864 0.792227 0.163682 -0.56855 0.820881 0.0539013 -0.56855 0.820881 0.0539013 -0.587864 0.792227 0.163682 0.527752 0.759669 0.379974 0.275366 0.298855 0.913706 0.275366 0.298855 0.913706 0.529902 0.764824 0.366399 0.503878 0.814103 -0.288693 0.527752 0.759669 0.379974 0.529902 0.764824 0.366399 0.503878 0.814103 -0.288693 0.138861 -0.680652 0.719326 0.388699 -0.919581 -0.0572943 0.388699 -0.919581 -0.0572943 0.418203 -0.476511 -0.773333 -0.494067 -0.319373 -0.80864 -0.737743 -0.638138 -0.220263 -0.737743 -0.638138 -0.220263 -0.682077 -0.32949 0.652845 </float_array>
          <technique_common>
            <accessor count="1847" offset="0" source="#meshId0-normals-array" stride="3">
              <param name="X" type="float" />
              <param name="Y" type="float" />
              <param name="Z" type="float" />
            </accessor>
          </technique_common>
        </source>
        <source id="meshId0-tangents" name="meshId0-tangents">
          <float_array id="meshId0-tangents-array" count="5541"> -0.00871093 0.919224 -0.393639 0.589877 0.801396 -0.0990394 0.902533 0.362099 0.233062 0.356484 0.934022 -0.0228239 -0.675722 0.735637 -0.0473082 -0.700326 0.684922 0.201061 -0.875604 0.228066 0.425798 -0.817307 0.461884 0.344488 -0.616761 0.703699 -0.352724 -0.37133 0.859479 -0.351298 -0.693808 0.720128 0.00675464 -0.762715 0.600897 0.239141 -0.222145 0.960014 -0.170365 -0.432358 0.900902 -0.0379799 0.0381365 0.998283 0.0444635 -0.302771 0.952886 -0.018387 -0.0435163 -0.667827 -0.743043 0.0162566 -0.832686 -0.553507 0.0193468 -0.913902 -0.405473 -0.212415 -0.850785 -0.480671 0.820803 -0.294197 -0.489623 0.729244 -0.674835 -0.113141 0.724129 -0.666811 0.176069 0.909122 -0.35982 -0.209824 0.432957 -0.900648 0.0371526 0.075298 -0.980826 -0.179754 -0.172014 -0.969245 -0.176001 -0.0399626 -0.929039 -0.367818 -0.0251472 -0.952988 -0.301964 -0.0741014 -0.996579 0.0365836 0.143611 -0.989275 0.0266709 -0.056691 -0.953259 -0.296787 0.0138409 -0.902173 -0.431153 -0.64766 -0.624183 -0.436957 -0.48414 -0.747822 -0.45428 0.0140838 -0.901154 -0.433269 0.51284 -0.841738 0.168739 0.511155 -0.841822 0.173367 -0.393224 -0.774848 0.49496 -0.358574 -0.595016 0.719292 -0.350467 0.845441 -0.402991 -0.453591 0.768661 -0.451015 -0.0284623 0.867795 -0.496107 -0.331202 0.934411 -0.131077 0.354331 0.799957 -0.484272 0.920738 0.388681 0.0342026 0.93129 0.363473 -0.0241948 -0.698435 0.696597 0.164137 -0.511647 0.8455 -0.1528 -0.849524 0.521013 -0.0827944 -0.932511 -0.240031 0.26983 -0.288435 0.943449 -0.163427 -0.287713 0.93789 -0.193866 0.00756856 0.745854 0.666067 0.301265 0.811925 0.500017 0.757873 -0.634712 0.150895 0.516805 -0.56891 0.639729 0.421424 -0.673364 0.60744 0.971565 -0.14473 0.187389 -0.283677 0.9369 -0.204317 0.350819 0.934871 -0.054233 0.248556 0.946673 -0.205013 -0.237153 0.924652 -0.297955 -0.176061 -0.805236 0.566213 0.047526 -0.859654 0.508662 -0.406937 -0.89905 0.161587 -0.0636837 -0.962958 0.262024 0.881191 0.172453 0.440185 0.90877 0.102516 0.40451 0.776352 0.224383 -0.589008 0.72313 0.657224 -0.212459 0.651853 -0.659391 -0.374555 0.509524 -0.857945 0.0656995 0.322895 -0.935602 0.14279 0.609417 -0.760924 -0.222725 0.398701 -0.887762 0.230035 0.14663 -0.98918 0.00482106 0.0892065 0.862264 -0.498541 -0.158507 0.923601 -0.349053 -0.241428 0.911385 -0.3333 -0.491186 0.866916 -0.084807 0.127826 -0.942071 0.310101 0.0709109 -0.997115 -0.0270784 0.683171 0.448367 -0.576406 0.733118 0.360307 -0.576817 0.537595 0.593987 -0.598474 0.542857 0.609644 -0.577617 -0.0365366 0.146079 0.988598 0.648859 -0.620367 0.440597 0.481926 -0.549869 0.682196 0.36383 0.315755 0.876314 -0.654996 0.681269 -0.326883 -0.698805 0.242739 -0.672866 -0.254557 -0.620727 0.741551 0.0295907 -0.743999 0.667525 -0.614756 -0.747214 0.252482 -0.939932 -0.211929 -0.267609 -0.979545 0.123715 0.158704 -0.655688 0.740516 -0.147338 -0.246609 0.967539 -0.0552524 -0.666326 0.72099 -0.190219 -0.944381 0.2027 0.258953 -0.0127919 -0.747453 0.664192 -0.209805 -0.947277 0.242175 -0.614864 -0.618051 -0.489852 -0.444881 -0.882613 -0.151905 0.597015 -0.297078 0.745197 0.533743 -0.267349 0.802274 0.816984 0.472137 0.331096 0.976712 -0.173377 0.126388 0.502059 -0.477496 0.721064 -0.0824941 -0.690083 0.719013 0.085732 -0.67548 0.732378 0.615584 -0.691229 0.378496 -0.151819 -0.778493 0.609015 0.191649 -0.656385 0.729677 -0.189926 -0.950029 0.247736 -0.00177169 -0.702012 0.712163 0.202713 -0.709402 -0.675023 0.18602 -0.938027 -0.292408 0.11857 -0.933868 -0.337391 -0.211085 -0.830166 -0.516011 0.531908 -0.590491 -0.606956 0.761597 -0.64658 -0.0436378 0.491473 -0.86858 0.0634309 0.466238 -0.840562 -0.275822 0.710488 -0.655873 0.255022 0.615805 -0.785318 0.0637102 -0.161627 -0.867545 -0.470364 -0.380887 -0.843354 -0.379051 -0.823291 -0.554825 0.11984 -0.666243 -0.738877 0.100905 0.545594 -0.422806 0.723576 0.518883 -0.611587 0.597262 -0.903362 -0.372157 -0.213159 -0.142327 -0.860614 -0.488964 -0.143639 -0.863401 -0.483639 -0.979413 -0.200663 -0.0220095 0.504708 -0.136468 0.852435 0.757596 -0.180951 0.627141 0.659326 -0.749619 0.0579702 0.657741 -0.750759 0.0611349 0.359541 -0.576624 0.733645 0.279023 -0.421887 0.862646 -0.0685608 -0.575545 0.814891 0.157825 -0.561153 0.812526 -0.59429 -0.689215 0.414491 -0.93335 -0.336692 -0.124482 0.990094 0.0933887 -0.104842 0.816408 -0.349507 0.459698 0.0857611 0.409392 -0.908319 -0.108418 0.129429 -0.985644 -0.693937 -0.392925 -0.603375 -0.717758 -0.0677757 -0.692986 -0.0546411 0.563534 0.824284 0.10771 0.483091 0.868919 0.229739 0.523909 0.820207 -0.182212 0.699423 0.691091 -0.589455 -0.791647 0.160741 -0.803001 -0.587755 0.0986566 -0.114831 -0.664564 0.738355 -0.0490826 -0.789972 0.611175 -0.111128 0.463886 0.878897 -0.348819 0.301228 0.887461 -0.0750337 0.615067 0.784897 -0.578886 0.28795 0.762873 -0.142602 -0.0228857 -0.989516 -0.0439199 -0.00792171 -0.999004 -0.493517 -0.0723661 -0.86672 -0.734075 -0.138127 -0.664872 -0.136673 -0.891077 0.432784 -0.814266 -0.523478 0.250881 -0.771997 -0.583431 0.252246 -0.0471331 -0.870996 0.489024 -0.976144 0.210183 -0.0544701 -0.942318 0.229442 -0.243707 -0.924741 -0.316401 0.211529 -0.919074 -0.343076 0.193911 -0.411505 -0.216901 0.885222 -0.620512 -0.0840489 0.77968 -0.380388 0.920115 -0.0932388 -0.549604 0.835405 -0.00589452 -0.850074 -0.133893 0.50936 -0.866792 -0.234498 0.440093 -0.936452 -0.307933 0.168034 -0.936179 -0.308905 0.16777 -0.768789 0.639402 0.0113307 -0.915686 0.25177 -0.313259 -0.917063 0.252564 -0.308558 -0.900423 0.344806 0.265231 -0.86215 0.500401 -0.0793461 -0.462378 0.836603 -0.293772 -0.286921 0.854843 -0.432343 -0.000259077 0.801821 0.597565 0.177946 0.725903 0.66438 0.712517 0.686305 0.145959 -0.569864 -0.12963 -0.81145 -0.676571 -0.523315 -0.518068 0.782474 -0.316829 0.536054 0.0399873 -0.64235 0.765368 0.275045 -0.412114 0.868627 0.817281 -0.346948 0.460085 0.0659121 -0.700326 0.710774 -0.785825 -0.493326 0.372973 -0.877256 -0.210402 0.431454 -0.0623742 -0.895976 0.4397 0.955931 0.200958 -0.214035 0.963593 0.00715099 -0.267276 0.208584 0.372116 -0.904446 0.546474 0.120427 -0.828772 -0.685234 0.669487 -0.286778 -0.927195 0.336263 -0.165033 0.036384 0.873732 -0.485046 -0.499516 0.818477 -0.283864 0.465031 0.280764 0.839594 0.349951 0.332077 0.875933 0.744417 0.239792 0.623172 0.797 0.369514 0.477755 -0.0788642 -0.908078 0.411309 -0.903436 -0.231565 0.360807 -0.778433 -0.49485 0.386219 -0.150598 -0.955758 0.252681 -0.918563 0.331856 -0.21474 -0.932015 0.352021 -0.0861902 0.761972 0.448507 -0.467162 0.819189 0.478545 -0.316107 0.148471 0.381738 -0.912268 0.379568 0.338194 -0.861134 -0.494123 0.819099 -0.291407 -0.394538 0.878884 -0.268147 0.0782468 0.37178 -0.925017 0.105755 0.401193 -0.909868 0.320756 0.474149 -0.819938 0.329351 0.452956 -0.828468 -0.241968 0.928054 -0.283137 -0.253372 0.908233 -0.33304 -0.412348 0.812315 -0.412448 -0.423463 0.835377 -0.350462 0.867126 -0.468642 0.16872 0.653067 -0.757071 0.0186127 -0.790207 0.248728 0.560096 -0.972193 -0.0392916 0.230859 -0.704315 0.533918 -0.467838 -0.491973 0.0348588 -0.869913 0.762293 0.509976 0.398539 0.691247 0.60677 0.392438 0.355041 0.900824 0.249925 0.886118 0.422075 0.191436 0.25625 0.966576 -0.00817089 -0.0941372 0.988177 0.121013 0.856774 -0.514873 -0.0290513 0.88047 -0.435035 -0.18846 0.918576 0.212392 -0.333329 0.868999 -0.10505 -0.483534 -0.547336 0.793514 0.266005 -0.298327 0.929233 0.218009 -0.206255 0.963001 0.173457 -0.479604 0.786656 0.388782 0.134383 -0.981846 0.133866 0.53345 -0.842628 0.0735457 -0.0266888 -0.943238 -0.331043 0.268471 -0.945915 -0.182119 -0.0755684 -0.413284 -0.907461 -0.402395 -0.720822 -0.564353 0.0588367 -0.897627 -0.436812 -0.194815 -0.841124 -0.504537 0.367434 0.478946 0.797247 0.108417 0.0369291 0.993419 0.192025 0.177185 0.965263 0.228834 0.731958 0.641773 -0.475074 -0.302879 0.826178 -0.623397 -0.500427 0.60079 0.489426 -0.748127 -0.448072 0.249228 -0.930001 -0.270155 0.569244 -0.793796 -0.214124 0.507917 -0.647979 -0.567577 -0.945208 -0.301312 0.125669 -0.974549 -0.183539 0.128717 -0.0615146 -0.978624 -0.196245 -0.0689013 -0.946803 -0.31435 -0.594215 -0.546149 -0.590449 -0.634449 -0.667959 -0.38898 0.0393569 -0.254509 0.966269 -0.0822989 -0.10246 0.991327 -0.0457571 -0.134743 0.989824 0.064581 -0.225279 0.972152 0.194915 0.645202 -0.73873 -0.679902 0.732268 -0.0389562 0.27359 -0.958116 0.084632 0.527936 -0.848909 0.0252151 -0.289626 -0.873783 0.390666 -0.818696 -0.544738 0.181655 -0.730898 -0.375328 0.570014 -0.9264 0.334896 -0.172125 0.652698 -0.694869 -0.3019 0.700152 -0.695801 0.160149 0.740595 -0.0969376 0.664922 0.911785 -0.355375 0.205805 -0.140626 -0.472422 -0.870081 -0.308922 -0.412583 -0.856938 -0.802948 -0.295918 -0.517404 -0.685583 -0.661074 -0.304888 0.89364 -0.342891 -0.289541 0.329222 -0.850576 -0.410041 0.47873 -0.872781 -0.0952401 0.899588 -0.215458 -0.379895 0.824197 -0.396962 -0.403883 0.396151 -0.346564 -0.850269 0.844604 -0.510482 0.161408 0.822492 -0.323993 -0.467478 0.34369 -0.690701 0.636246 0.639975 -0.743234 0.195026 0.317243 -0.887714 0.333647 0.782948 -0.494407 0.377564 -0.267534 0.751084 -0.603571 -0.0312401 0.949561 -0.312021 -0.498628 0.850374 -0.168028 -0.545983 0.813132 -0.20179 0.207713 0.943108 0.259618 0.432712 0.898183 -0.0776407 0.821618 -0.563027 0.0891276 0.928537 -0.33741 0.154831 0.970336 -0.0494061 -0.236658 0.971279 -0.23208 -0.0525047 0.114238 0.732761 0.670829 0.0404469 0.801648 0.596427 0.626642 -0.627362 0.462316 0.719977 -0.684705 0.113191 0.716379 -0.68782 0.117067 0.650171 -0.622522 0.435597 -0.276461 0.920616 -0.275745 -0.293406 0.905912 -0.305345 -0.415547 0.898119 -0.143886 -0.41507 0.899203 -0.138388 0.215743 -0.907127 -0.361353 0.177834 -0.503436 -0.845534 0.59932 -0.418843 -0.682192 0.403618 -0.459281 -0.791298 0.894486 0.348246 -0.280392 0.774919 0.524653 0.352476 -0.684853 -0.721258 -0.103746 0.0200903 -0.937732 -0.346778 -0.684182 0.568658 -0.456642 -0.776046 0.277645 -0.566274 -0.934926 0.339126 0.104433 -0.760731 0.422805 0.492467 -0.794995 -0.317392 -0.516957 -0.241181 -0.49397 -0.835359 -0.404402 -0.129728 -0.905334 -0.867884 -0.00705093 -0.496717 -0.487765 0.523714 0.698433 0.0379615 0.339629 0.939793 0.770267 0.230361 0.594661 0.165102 0.4668 0.868815 0.0813665 -0.90399 -0.41974 0.139718 -0.441248 -0.886442 -0.0141159 -0.997424 -0.0703338 0.260152 -0.61107 -0.747605 -0.860826 0.0288253 -0.508082 -0.93931 0.0944004 -0.329825 -0.984917 0.021617 0.171671 -0.97687 0.107322 0.184949 -0.0900519 0.895046 -0.436788 0.364411 0.741589 -0.563249 0.0232207 0.886129 -0.462856 -0.333327 0.940683 -0.0633213 0.96053 0.199873 -0.193473 0.979497 0.00546643 -0.201383 -0.355418 0.277131 0.892679 -0.147552 0.337841 0.929565 0.287343 0.403178 0.868839 0.345388 0.623514 0.701383 0.913138 -0.299281 0.276786 0.90404 -0.313659 0.290394 -0.935966 -0.351402 -0.0219896 -0.87424 0.0733035 0.479928 -0.874212 0.0708897 0.480341 -0.876568 -0.479914 -0.0361944 0.440477 0.790764 -0.425055 0.389045 0.796094 -0.463549 0.398553 0.693303 -0.600405 0.40541 0.70137 -0.586278 -0.313726 0.732316 0.604391 -0.31921 0.695632 0.643584 0.405191 -0.736943 -0.54105 0.063571 -0.776266 -0.627192 0.781721 -0.613059 -0.114326 0.693144 -0.332731 0.639407 0.37986 -0.561754 0.734941 -0.122395 -0.107792 0.986611 -0.469091 -0.806242 -0.360456 -0.0667183 -0.984148 0.164322 0.0188935 -0.98857 0.149575 -0.27097 -0.898049 -0.34653 0.871095 0.173051 0.459615 0.24951 0.511825 0.822058 0.432601 0.0559262 0.899849 0.883307 -0.0587416 0.4651 -0.300177 -0.938316 0.171631 0.560396 -0.825565 0.0663312 0.800335 -0.521868 -0.295157 0.319794 -0.94619 -0.0495677 0.267423 0.865677 0.423189 -0.179543 0.230475 0.956371 -0.016228 0.973819 0.226746 -0.186946 0.454121 0.871106 -0.96947 0.133374 0.205766 -0.871982 0.126395 -0.472939 -0.911133 -0.100348 -0.399707 -0.998868 0.00159591 -0.0475453 -0.271752 0.906762 -0.322387 0.375146 0.753158 -0.540387 0.173184 0.867814 -0.465732 -0.374413 0.924251 0.074665 0.858985 0.464073 -0.21629 0.848541 0.473441 -0.236287 -0.145352 0.0858512 0.985648 -0.48156 0.145912 0.864181 0.145442 0.315709 0.937643 0.36523 0.53531 0.76161 0.892329 -0.30947 0.328599 0.903506 -0.0718332 0.422512 -0.95759 -0.208417 0.198955 -0.845407 -0.117846 0.52096 -0.883354 0.00724922 0.468651 -0.79692 -0.456852 -0.395227 0.447202 0.635944 -0.628956 0.56459 0.649129 -0.509774 0.502598 0.738449 -0.449542 0.502228 0.736153 -0.453702 -0.59079 -0.676082 -0.440317 -0.403362 -0.134489 -0.905103 -0.471283 0.757078 0.452466 0.0703667 0.75215 0.655225 -0.547252 0.818796 0.17346 -0.5832 0.555555 -0.592653 -0.920559 -0.363404 -0.143205 -0.597653 -0.755363 -0.26877 0.514813 0.637416 -0.573296 0.966522 0.225999 0.121485 0.881681 0.453134 0.131564 0.402232 0.76031 -0.510037 -0.855931 -0.420289 -0.30123 -0.728414 -0.208859 -0.652527 -0.803756 -0.400803 -0.439697 -0.932545 -0.342478 -0.114321 -0.648472 0.704124 -0.289297 -0.483988 0.713179 -0.507082 -0.984942 0.117531 -0.126788 -0.986369 0.15849 0.0442295 0.234603 -0.365416 -0.900796 -0.221573 1.04485e-06 -0.975144 0.434386 -0.685047 -0.584824 0.161806 -0.128255 -0.978453 0.94277 -0.333352 -0.00778671 0.799191 -0.547833 -0.247331 0.700129 -0.165546 -0.69456 0.763907 -0.12775 -0.632556 0.969911 -0.243249 0.0100872 0.689797 -0.41844 0.590837 0.738685 -0.369178 0.563961 0.987944 -0.154496 -0.00987431 0.00405101 -0.137283 0.990524 -0.166283 0.104997 0.980472 0.318665 -0.139032 -0.937615 0.308271 -0.252595 -0.91715 0.102634 -0.121328 -0.987292 0.150247 -0.193665 -0.969494 -0.292377 0.142096 0.945687 -0.265157 0.23757 0.93448 0.46185 -0.124165 -0.878224 0.463241 -0.110275 -0.879345 0.979916 -0.0363646 0.196065 0.89403 -0.323568 0.309863 0.886888 -0.421149 0.189903 0.543609 -0.380099 0.748341 0.544289 -0.377845 0.748988 0.837347 -0.459204 0.296617 0.321286 0.116016 -0.939849 0.528473 -0.140964 -0.837165 0.204827 -0.0498364 -0.977529 -0.123704 -0.176317 -0.976529 0.767067 -0.0838972 -0.636057 0.994609 -0.0995235 -0.0291152 0.129659 0.972004 -0.195953 -0.107527 0.961835 -0.251619 -0.0830886 0.986797 -0.139025 0.14024 0.706375 -0.693806 -0.0415699 0.897504 -0.439043 -0.0657241 0.92239 0.380628 -0.564653 -0.761124 0.319151 -0.754288 -0.607375 0.24929 -0.523645 -0.799564 0.294099 -0.0173204 -0.999664 0.0192925 0.0332494 0.79162 0.610109 -0.237412 0.942434 0.235487 0.485472 0.736318 0.47133 -0.0521749 0.934296 0.352659 -0.792553 -0.478769 -0.377676 -0.695521 -0.469587 -0.543818 -0.569224 -0.532808 -0.626178 -0.268895 0.0439943 -0.962164 -0.00504754 -0.628156 0.778071 0.0608672 -0.600149 0.797569 0.386362 -0.797049 0.464153 0.217418 -0.878107 0.426214 0.619206 0.773831 -0.133301 0.72072 0.692373 0.034384 0.599889 0.797477 -0.0645211 0.517725 0.853759 -0.0552794 0.747743 0.424403 0.510649 0.716782 0.631563 0.295552 0.0614777 -0.955948 -0.287027 0.199317 -0.963772 -0.177248 0.0553283 -0.937686 -0.343049 -0.347355 -0.894411 -0.281732 0.128856 0.574683 0.808169 0.38802 0.458927 0.799266 0.399393 -0.915436 0.0496263 0.402956 -0.913249 -0.0600187 0.276061 -0.950814 -0.140513 0.216031 -0.975955 -0.0290306 0.0291866 0.101689 0.994388 0.695316 0.399024 0.597759 0.626185 0.485857 0.609783 0.0255442 0.209666 0.977439 -0.0462974 0.79581 0.603774 -0.207243 0.639701 0.740158 0.559054 -0.359133 0.747317 -0.46631 -0.678608 0.567491 -0.750713 -0.652946 0.100457 -0.654956 -0.56355 0.503433 0.83377 -0.000546135 0.552112 0.0594576 0.378606 0.923646 -0.892315 0.451334 0.00840054 -0.524035 0.402315 -0.750687 -0.643551 0.20086 -0.738578 -0.864794 0.479606 -0.148693 0.567725 -0.108528 0.816033 -0.527912 -0.152461 0.835503 -0.382186 -0.35904 0.851484 0.190562 -0.597583 0.778833 -0.802191 0.466498 0.372652 -0.36646 0.559032 0.743768 -0.40196 0.697848 0.59282 0.276571 0.879748 0.38672 -0.954283 -0.0515031 -0.294433 -0.999049 0.0428473 0.00802603 -0.505452 0.199797 -0.839404 -0.39132 0.569003 -0.72326 -0.666791 0.170017 -0.725592 -0.389314 0.479807 -0.786269 -0.798374 0.590618 0.117345 -0.852791 0.495631 -0.164612 -0.190698 0.597503 -0.778861 0.333512 0.264046 -0.905013 0.191175 0.43262 -0.881074 -0.210733 0.663451 -0.71793 0.983725 -0.163942 -0.0735392 0.900104 -0.435221 0.0198714 -0.683728 0.671368 0.285974 -0.765769 0.606385 0.214232 -0.432154 0.739926 0.515512 -0.117373 0.957178 0.26464 0.383485 -0.555121 0.738092 0.184727 -0.418849 0.889068 0.835114 -0.329444 0.440512 0.798728 -0.494108 0.343352 0.719688 -0.659883 0.215879 0.819631 -0.419024 0.390671 -0.620816 0.7357 0.270801 -0.588483 0.759918 0.276067 -0.335158 0.667747 0.664667 -0.630102 0.202554 0.749629 -0.924478 -0.337576 -0.177149 -0.737915 -0.674437 -0.0247981 0.310295 -0.173931 0.934594 -0.412101 -0.0797859 0.907638 -0.474532 0.191341 -0.85919 -0.667498 0.173704 -0.724067 -0.947106 0.314519 0.0637754 -0.882439 0.470411 -0.00382801 -0.190819 -0.223077 0.955942 -0.314825 -0.420105 0.851115 0.133331 -0.663152 0.736513 0.364394 -0.48232 0.796608 -0.566811 0.312021 0.762475 -0.300723 0.36495 0.881123 -0.00601623 0.430859 0.902399 0.283083 0.0605782 0.95718 -0.91551 -0.379947 0.132218 -0.802729 0.167629 0.572299 -0.280154 0.00252497 -0.959952 -0.478825 0.586829 -0.652961 -0.439616 0.439673 -0.783215 -0.405064 0.726348 -0.555285 -0.6741 0.732957 -0.0914509 -0.743557 0.63153 -0.219755 0.368486 0.811007 -0.454407 0.488573 0.787407 -0.375881 0.562133 0.757528 -0.331901 0.162074 0.933957 -0.318522 0.907607 0.235899 -0.347277 0.961332 -0.271721 0.0448062 -0.372442 0.760837 0.531427 -0.503688 0.756821 0.416558 -0.200272 0.694049 0.69151 -0.217833 0.945454 0.242208 0.509287 -0.755394 0.412319 0.362111 -0.890473 0.27556 0.953186 -0.249639 -0.170638 0.958875 -0.25254 -0.129547 0.963167 -0.25519 -0.0847788 0.958438 -0.252301 -0.133196 -0.511177 0.742369 0.433112 -0.672906 0.609873 0.418632 -0.117104 0.0378743 0.992397 -0.763408 -0.133867 0.631892 -0.756809 -0.30096 0.580227 -0.764634 -0.569615 0.301454 -0.951701 -0.145556 0.270331 -0.215288 -0.503877 0.836516 -0.915707 -0.356226 0.185968 -0.258487 -0.588232 0.766269 -0.516929 0.16906 0.839168 -0.693793 -0.456024 -0.557398 -0.277852 -0.390052 -0.877871 -0.527443 -0.479878 -0.701086 -0.764492 -0.586378 -0.267792 0.124781 0.456828 0.88076 0.209171 0.658614 0.722824 0.518393 0.414669 0.747876 0.297505 0.621488 0.724737 -0.529201 -0.838358 0.130776 -0.387811 -0.862078 0.326226 -0.0688303 -0.960908 0.268176 0.0488262 -0.821344 0.568339 -0.0394019 0.718624 0.694282 0.0419838 0.673224 0.738246 0.121008 0.887028 0.445577 -0.244516 0.685154 0.686132 0.435326 0.088761 0.895887 0.20364 0.153903 0.966874 0.59743 0.148789 0.787997 0.902173 0.0899959 0.421882 -0.106107 -0.802247 0.587488 -0.863769 -0.221874 0.452411 -0.697619 -0.494535 0.518423 -0.0708511 -0.730142 0.679613 -0.702531 0.432513 -0.565139 -0.743811 0.46933 -0.475893 0.764822 0.0746447 -0.639903 0.779796 0.165545 -0.603749 0.129811 0.220845 -0.966631 -0.0788038 0.0985404 -0.992008 0.0206887 0.635071 -0.772177 -0.0899148 0.689596 -0.718591 0.397542 -0.0829377 -0.913828 0.49127 -0.0193309 -0.870793 0.750698 0.0716807 -0.656745 0.750547 0.0734148 -0.656726 -0.177354 0.89505 -0.409183 -0.614443 0.563258 -0.552448 -0.613322 0.558048 -0.558944 -0.105831 0.933815 -0.341744 -0.490998 -0.201396 -0.847561 0.0892345 0.589566 -0.802776 -0.468682 0.794365 -0.386421 -0.0199049 0.956554 0.290874 0.274506 0.961453 -0.0159644 0.388608 0.425797 -0.817117 -0.971247 0.0265263 -0.23659 -0.764207 -0.472906 -0.438574 -0.103429 0.129659 -0.98615 -0.313506 -0.129799 -0.940673 -0.803745 -0.508887 -0.308265 -0.811267 -0.256821 -0.525251 0.220603 0.233457 0.947012 0.0842311 0.12083 0.989093 0.0334786 0.0527426 0.998047 0.164632 -0.0664298 0.984115 -0.805739 -0.591533 -0.0295649 -0.50873 -0.796359 0.327117 0.11939 -0.900211 0.418767 -0.398522 -0.876419 0.270316 0.0293464 0.532321 0.846034 -0.442184 0.388017 0.808651 0.30817 0.544708 0.779951 -0.454925 0.304953 0.836688 -0.119945 0.122061 -0.985248 0.0568228 -0.090649 -0.99426 -0.40404 -0.0575569 -0.912929 -0.765593 0.447626 -0.462059 -0.51397 -0.750399 0.415616 -0.967305 -0.139663 0.211697 -0.855078 -0.418283 0.306399 -0.599504 -0.798812 -0.0499474 -0.745662 0.551135 -0.374484 -0.767587 0.561401 -0.309256 -0.646914 0.611364 0.455781 -0.726435 0.45298 0.516819 -0.43372 0.181729 0.882531 -0.194528 0.436156 0.878594 -0.122524 0.902414 -0.413082 0.0240346 0.922402 -0.385484 0.0764983 0.261116 0.962272 -0.470151 0.761456 0.446255 -0.573278 0.611537 0.545322 -0.573448 0.61117 0.545554 -0.834773 0.48424 -0.262041 -0.695149 0.609801 -0.38067 -0.190429 0.142039 -0.971371 0.173318 0.781577 -0.599248 -0.446339 0.891393 0.0787367 0.0560777 0.92192 0.3833 0.637361 0.769047 0.0483528 0.61125 0.511543 -0.603901 -0.989831 0.0676887 -0.125112 -0.612249 0.300152 -0.731478 -0.0794493 -0.675093 -0.733442 -0.253958 -0.964897 -0.0669307 -0.302753 -0.952915 -0.0171504 0.120352 -0.871701 -0.47503 -0.76828 -0.620355 -0.157815 -0.739378 -0.640789 -0.206663 -0.0337364 -0.689773 -0.723239 -0.298145 -0.303787 -0.904888 0.593997 0.721744 0.355321 0.0536409 0.735569 0.675323 -0.0488228 0.611005 0.79012 0.42486 0.6675 0.611504 -0.75398 -0.199217 -0.62596 -0.995565 -0.0111964 -0.0934093 -0.319802 0.207069 0.92458 -0.118015 0.739186 0.663081 0.544253 -0.551115 0.632503 0.426816 -0.495612 0.756437 0.0548985 -0.837155 -0.544204 0.952784 -0.186253 -0.239818 0.0466414 -0.311243 0.949185 0.321771 0.022041 0.946561 -0.278302 0.209499 0.937368 -0.0267122 0.370092 0.928611 0.0119873 0.0546802 -0.998432 0.263068 0.429921 -0.863692 0.328859 -0.507122 0.796668 -0.267697 -0.463514 0.844685 -0.164855 -0.428609 0.888323 0.289725 -0.495216 0.819037 0.782198 0.233494 0.577621 0.886507 0.0917042 0.453537 0.240034 -0.840869 0.485102 0.433282 0.0321622 -0.900684 0.54687 0.564349 -0.61842 0.442931 -0.430804 -0.78627 0.457429 0.038319 0.88842 0.367517 0.021245 0.929774 0.628564 -0.488423 -0.605269 0.0140935 -0.976333 -0.215813 -0.45338 -0.885207 -0.104187 -0.431162 -0.846924 -0.311157 0.107049 0.935188 0.337586 0.520753 0.846993 -0.106856 0.899587 0.37446 -0.224775 0.94645 0.319802 -0.0442689 0.219225 -0.905242 0.363973 0.681664 0.615202 0.396056 0.549815 0.682863 0.481042 0.920693 0.359075 0.152935 0.768029 0.620602 0.158068 -0.053148 -0.108321 -0.992694 0.353962 -0.411433 -0.839901 0.23408 -0.566114 -0.790393 0.199281 -0.0251996 -0.979618 0.38034 0.910363 -0.163033 0.697937 0.696189 -0.167943 -0.0990632 0.948188 -0.301871 0.414188 0.906039 -0.0868446 0.135715 -0.908731 -0.394701 0.263485 -0.79642 -0.544326 -0.434574 -0.895988 -0.091386 0.0782994 -0.90898 -0.40942 -0.789331 -0.346058 -0.507149 -0.599897 -0.678915 -0.423318 -0.472858 -0.773934 -0.421227 -0.644136 -0.762319 -0.0629136 0.109764 -0.0598745 -0.992153 0.267264 -0.565878 -0.779969 0.427479 -0.651975 -0.626252 -0.083622 -0.145863 -0.985764 0.242289 -0.790509 -0.562487 0.156154 -0.878296 -0.451898 -0.485067 -0.844945 -0.225338 -0.238631 -0.97111 -0.00104554 0.0912891 -0.982393 -0.163007 -0.271248 -0.956396 -0.108315 0.0844972 -0.94783 -0.307374 -0.215051 -0.88246 -0.418351 0.444955 -0.883527 0.146274 -0.441079 -0.884828 0.150094 -0.525009 -0.810691 0.259123 -0.0791586 -0.928726 0.362219 0.252253 -0.846987 -0.467955 0.260298 -0.789888 -0.555268 0.246239 -0.788095 -0.564156 0.281603 -0.795358 -0.536755 -0.30389 -0.116088 0.945608 0.563901 0.189247 0.803867 0.133943 -0.968107 -0.211726 0.225936 -0.911914 -0.342587 -0.165011 -0.975286 0.146932 -0.411387 -0.601706 0.684625 0.884211 0.148859 0.442732 0.75739 0.556309 0.341879 0.0774081 0.646059 -0.759353 0.449715 0.223714 -0.864702 -0.730657 0.518206 -0.444525 -0.553165 0.57853 -0.599426 -0.180161 -0.604678 -0.775826 -0.158515 -0.702664 -0.69364 -0.237813 -0.536259 -0.809858 -0.288915 -0.500256 -0.816255 -0.808708 0.0939085 0.580665 -0.868504 0.0322179 0.494633 -0.274392 0.320339 0.906693 -0.306533 -0.252388 0.91779 0.220169 -0.545349 -0.808777 0.14951 -0.561099 -0.814134 0.197607 -0.62259 -0.757188 0.263063 -0.303756 -0.915713 -0.56425 -0.68316 -0.463588 -0.324812 -0.88825 -0.324823 -0.103841 -0.949719 -0.295384 -0.234828 -0.969564 -0.0692968 -0.341772 -0.540611 -0.768721 -0.0777035 -0.546147 -0.834078 -0.0644474 -0.752402 -0.655544 -0.239836 -0.721671 -0.649361 0.0633674 -0.53503 -0.842453 -0.0374416 -0.683002 -0.729457 -0.0645108 -0.988447 -0.13715 0.169325 -0.977915 0.122521 0.235383 -0.969462 0.0688383 0.580135 -0.814238 -0.021467 0.352028 -0.435147 -0.828688 0.301586 -0.596659 -0.743669 0.708682 -0.672787 -0.212433 0.00364661 -0.993186 0.116484 -0.076958 -0.973116 0.217077 0.480885 -0.849697 0.216252 0.405649 -0.578077 -0.708009 -0.0607707 -0.706894 -0.704704 -0.071256 -0.704366 -0.706252 0.041949 -0.608292 -0.792604 -0.744571 0.373521 -0.553259 -0.822832 0.555159 0.121432 0.789386 -0.348866 -0.505136 -0.459137 -0.875501 0.150635 -0.483723 -0.864029 -0.139518 -0.955669 -0.29082 0.0460469 -0.888598 -0.325012 0.323667 -0.89195 -0.0602177 0.448107 -0.163917 0.547784 0.820405 0.435145 0.802939 -0.407354 -0.195387 0.936509 -0.291163 -0.127553 0.888681 0.440427 -0.250409 0.136114 0.958524 -0.323664 0.203006 0.924137 0.107994 0.193797 0.97508 -0.214897 0.148547 0.965274 -0.44152 0.889306 0.119142 -0.415386 0.418425 0.807697 -0.487209 0.872418 -0.0389207 -0.138548 0.67826 0.721642 -0.61319 0.312105 0.725664 -0.36574 0.481408 0.796543 -0.134412 0.707062 0.69426 -0.539594 0.482855 0.689702 0.132984 0.239858 0.961657 0.012069 -0.0399464 0.999129 0.422026 0.04386 0.905522 0.795609 -0.0278554 0.60517 -0.267319 -0.48776 -0.831042 -0.13531 -0.479768 -0.866899 -0.0495531 -0.621498 -0.781847 -0.119274 -0.585913 -0.801548 0.129693 -0.381948 -0.915038 -0.0282209 -0.571656 -0.820008 0.950955 0.0305283 -0.307818 0.887922 0.213646 -0.40737 0.287257 0.126992 -0.949398 0.217859 0.114815 -0.969203 0.491793 -0.320782 -0.809468 0.318537 -0.454599 -0.83179 0.680955 -0.145792 -0.717666 0.652057 -0.176441 -0.737354 0.852799 0.0917177 -0.514122 0.853965 0.0801275 -0.514124 0.518376 0.13751 -0.844024 0.0715674 -0.200345 -0.977108 0.241008 -0.282843 -0.928394 0.456195 0.10588 -0.883558 -0.0858382 -0.107187 0.990526 -0.421206 -0.634621 0.647952 -0.656578 -0.345333 0.67056 -0.930874 0.224967 -0.287862 0.00452995 0.989952 -0.141332 0.832766 0.383978 -0.398826 0.293611 -0.40152 0.86751 0.354853 0.0147157 0.934806 -0.822114 0.569269 -0.00784293 -0.376332 -0.4605 -0.803937 -0.641274 -0.32127 -0.696817 -0.638785 -0.76057 -0.116134 0.570035 0.546185 -0.613793 0.947434 0.235389 -0.216703 0.812275 0.465119 -0.351958 0.3147 0.929788 -0.190937 0.0535453 -0.97298 0.224593 -0.532059 -0.823491 0.196917 0.267863 -0.836182 0.478591 -0.00660182 -0.968198 0.250099 0.693046 -0.380286 0.612429 0.910695 -0.328507 0.250436 -0.0739673 -0.773459 0.629515 0.324711 -0.846352 0.422197 -0.327963 -0.929011 0.171404 -0.276792 -0.902773 -0.329223 0.0007185 -0.976209 -0.216831 -0.0159619 -0.995899 0.0890562 -0.476556 -0.875654 -0.0782631 -0.842509 -0.528625 0.103611 -0.599405 -0.766868 0.229405 -0.172061 -0.974299 0.145384 -0.92119 0.328207 -0.209022 -0.901777 0.377929 -0.209684 0.00769853 -0.997231 -0.0739662 0.135448 -0.970821 0.197892 0.265101 -0.94892 0.171094 0.393861 -0.851315 0.346606 -0.462103 0.846872 -0.263187 -0.306534 0.947978 -0.0858721 0.786629 -0.581651 -0.207117 0.457411 -0.726339 0.513037 0.0188834 -0.983762 0.178482 0.274652 -0.96048 0.0452238 -0.689672 0.712325 -0.130173 -0.805644 0.543658 -0.235314 -0.805355 0.543483 -0.236705 -0.688825 0.709597 -0.1483 -0.696195 0.0110761 -0.717768 0.0590181 0.598925 -0.798628 0.793026 -0.243341 -0.558475 0.998247 -0.0177035 -0.0564763 0.646718 -0.0506633 0.761045 0.255703 -0.838881 -0.480515 -0.453068 -0.874122 -0.175046 0.563072 0.259201 -0.784707 -0.805555 -0.112733 -0.581697 -0.945996 -0.188278 -0.263901 0.942513 0.193732 0.272281 -0.343813 0.606959 -0.716514 -0.845046 0.469536 -0.2558 -0.876376 0.191325 -0.441995 -0.345544 0.473622 -0.810112 0.833109 -0.147582 -0.533056 0.669348 0.0306478 -0.742317 0.8824 -0.470339 0.0123013 0.9094 -0.222454 0.351433 0.694045 0.350125 -0.629058 0.821178 0.34926 -0.451315 0.988212 0.122521 0.0917915 0.893432 0.0781255 0.442352 -0.529343 -0.14694 -0.835587 -0.60727 -0.172086 -0.775635 -0.882822 -0.242417 -0.402317 -0.981945 -0.170585 -0.0817569 0.798401 -0.0475079 0.60025 0.931393 0.128458 0.340597 0.400547 -0.188257 0.896728 0.299107 -0.39378 0.869179 0.617014 -0.633772 -0.466504 0.289308 -0.252038 -0.92346 0.372381 -0.500304 -0.781683 0.568075 -0.750457 -0.337794 -0.490166 0.0830191 -0.867667 -0.530176 0.195587 -0.825021 -0.562938 -0.571865 0.596717 -0.706603 -0.606175 0.365054 -0.819239 -0.573251 0.0151892 -0.804965 -0.587751 -0.081121 -0.944603 0.28356 -0.165284 -0.961332 0.260592 -0.0890657 -0.177132 -0.543144 0.820743 -0.201328 -0.512804 0.834565 -0.270953 -0.471246 0.839352 -0.175998 -0.544907 0.819818 -0.290491 0.233486 -0.927954 -0.44893 0.106047 -0.887252 -0.629844 0.696094 -0.344601 -0.100983 0.687966 -0.718683 0.280182 0.512786 -0.81151 0.338788 0.614399 -0.712557 0.941527 0.247585 -0.228538 0.849778 0.0886931 -0.519625 0.239596 0.140735 -0.960618 0.0741552 -0.207816 -0.975353 0.952427 -0.222411 -0.208364 0.868381 0.179736 -0.462179 0.141139 -0.962297 0.232517 0.275082 -0.929837 -0.244404 0.697058 -0.711375 -0.0897519 0.310211 -0.939706 0.14395 -0.942201 0.0843094 -0.324267 -0.800619 0.0472734 0.597305 -0.785687 -0.0199637 0.618303 -0.94653 0.167278 -0.275859 -0.361169 -0.914185 0.183908 0.11033 -0.918691 0.379255 0.140572 -0.929616 0.340667 -0.164919 -0.984562 0.0586406 0.53203 -0.03593 0.845963 0.319117 0.0328941 0.947144 0.956229 0.0919253 0.277804 0.962556 -0.0822015 0.258319 -0.275234 0.898171 0.342833 -0.204161 0.967021 0.152279 -0.0813998 0.996127 -0.0332329 -0.252672 0.966833 0.0373036 0.158991 0.858367 0.487778 0.396753 0.805664 0.439878 0.261753 0.932814 0.247677 0.210013 0.934489 0.287445 0.526441 0.836602 0.151513 0.479727 0.821414 0.308448 -0.238917 0.956962 -0.164748 0.121194 0.992618 0.00472338 0.111396 0.951335 -0.287321 0.164888 0.986275 0.00863216 0.620632 0.776717 -0.107367 0.631262 0.762618 0.141144 0.329977 0.241981 -0.912447 -0.671339 0.0975946 -0.734697 -0.260553 0.903752 -0.339623 -0.258825 0.944878 -0.200538 0.673256 0.718634 0.174044 0.939077 -0.0741417 0.335614 0.871189 0.255351 0.419315 0.670328 0.698219 0.251299 -0.364372 -0.856174 0.366332 -0.570865 -0.49308 0.656495 -0.74017 -0.403412 0.537965 -0.7295 -0.0906009 0.677953 0.177715 0.0748495 0.981231 0.219354 0.252896 0.942299 -0.844837 0.0636502 -0.531224 -0.724399 -0.68882 -0.0278114 -0.243266 0.343375 -0.907147 -0.446786 0.0152109 -0.894512 0.490389 0.120291 -0.863162 0.522095 0.209561 -0.826741 0.351109 0.606715 0.713176 0.923952 0.114388 0.365005 0.776989 0.41594 0.472527 0.275685 0.53514 0.798513 0.945786 0.314045 -0.0828582 0.941792 0.264998 0.206891 0.581067 0.632299 0.512406 0.245247 0.679003 0.69196 0.765989 -0.0947203 -0.635838 0.764193 -0.0878287 -0.63898 -0.0596123 -0.161292 -0.985105 -0.153221 0.190699 -0.969617 -0.275634 0.953166 -0.1245 -0.30806 0.942236 -0.131494 -0.30045 0.928468 -0.218349 -0.335081 0.909109 -0.247469 0.134892 0.771666 0.621559 0.413585 0.822767 0.389874 0.625873 0.742269 0.239415 0.158738 0.728276 0.666646 0.62267 0.781258 0.0437913 0.349732 0.88981 -0.293131 -0.357067 0.72693 -0.58658 -0.342817 0.764857 -0.545408 0.0719789 0.479993 -0.874314 -0.0480459 0.593026 -0.803748 0.458335 0.819356 -0.344361 0.204232 0.91242 -0.354654 -0.954744 0.297002 0.0159329 -0.407839 0.74423 -0.528951 -0.481839 0.723531 -0.494301 -0.970096 0.182307 -0.160243 0.563621 0.316334 0.763063 0.707517 0.652445 0.271542 0.785444 0.565319 0.251975 0.608366 0.458377 0.647906 0.891256 0.0985102 -0.442672 0.98214 0.0683521 -0.175298 0.93997 0.00841522 -0.341152 0.966883 0.149572 0.2068 0.771065 -0.313922 -0.553996 0.34812 -0.692017 -0.632396 0.520253 -0.0364237 0.853235 0.946868 0.156216 0.281137 0.696452 0.697996 0.166605 0.582887 0.810527 -0.0573497 0.69728 0.715657 0.0404313 0.665645 0.64943 0.367638 0.397505 0.892014 -0.215178 0.474293 0.811996 -0.340161 0.727153 0.631108 -0.270095 0.585675 0.795973 -0.153008 0.25795 0.750977 0.607861 0.338554 0.717407 0.608859 0.0395729 0.973205 0.226507 -0.335091 0.636347 0.694821 0.283581 0.955087 -0.0859718 0.427644 0.842961 -0.3264 0.206321 0.97701 -0.0537026 0.0840377 0.852096 -0.516595 -0.693258 -0.508139 0.511065 -0.721673 -0.434952 0.538521 -0.992069 -0.0904354 0.0872997 -0.997096 0.0344452 0.0679261 -0.135282 -0.459773 -0.877672 -0.847589 0.182792 -0.498177 -0.676115 0.0640634 -0.734006 -0.0671611 -0.581229 -0.810964 -0.948978 0.0747062 0.306364 -0.96141 0.0316502 0.273295 -0.657433 0.468417 -0.590226 -0.711404 0.379961 -0.591213 0.21795 0.576902 -0.787198 0.360664 0.510046 -0.78088 -0.344672 -0.00744658 0.938694 -0.350276 -0.257458 0.900568 -0.980617 -0.0354323 0.192703 -0.896629 0.426847 -0.11772 -0.910634 0.136667 -0.389959 -0.920036 0.189116 -0.343176 -0.886559 0.43592 -0.154879 -0.971951 0.233591 0.0273371 -0.985606 0.126772 -0.111846 -0.988476 0.101447 -0.112359 0.337052 0.112615 -0.934726 0.767257 0.581714 -0.270049 -0.593452 0.564172 0.574043 -0.017673 0.734576 0.678296 0.28514 0.569359 0.771055 0.0622627 -0.07419 0.995299 0.647874 0.132894 -0.750066 0.0260959 0.644329 -0.764303 -0.238014 -0.866174 -0.439422 0.725371 0.68811 0.01845 0.945591 0.129104 -0.298647 -0.913183 0.0958315 -0.396123 -0.921822 0.193635 0.335784 -0.788633 0.59006 -0.172879 -0.680911 0.28719 -0.673708 -0.107991 0.865469 0.489184 -0.521081 0.673621 0.524127 -0.662363 0.683306 -0.307193 -0.231808 0.972659 0.0141404 0.206668 0.451268 -0.868128 0.288493 0.42544 -0.857772 0.887287 0.348987 -0.301547 0.909642 0.257287 -0.326121 0.464032 0.748875 0.473139 0.246418 0.732296 0.634839 0.594907 0.803544 -0.020065 0.344229 0.862181 0.371686 0.782088 -0.59629 0.181046 0.744274 -0.658102 -0.113831 0.771894 -0.553046 0.31356 0.652814 -0.323438 0.684998 0.755974 0.300389 -0.581609 0.187804 -0.173501 -0.966761 0.306905 -0.0107684 -0.951679 0.803729 0.284466 -0.522589 -0.564261 -0.456888 -0.68765 -0.613066 -0.553152 -0.564068 -0.106915 0.153551 0.98234 0.0353191 -0.0202586 0.999171 -0.710441 0.349343 0.610928 -0.756801 0.501006 0.419816 -0.657974 -0.742693 -0.124409 -0.66286 -0.748743 0.000830278 -0.0340895 0.115035 0.992776 0.0393226 0.0803588 0.99599 0.126958 0.0711513 0.989353 0.103978 0.0454473 0.993541 -0.557047 -0.496635 -0.665621 -0.511824 -0.421692 -0.748473 -0.677136 -0.395477 -0.620552 -0.682743 -0.628987 -0.371802 -0.856625 -0.046099 -0.513875 -0.814765 -0.404263 -0.415607 0.838147 0.400425 0.370363 0.594096 0.712356 0.37363 0.862634 0.489742 0.126554 0.900685 0.0721853 -0.428433 0.0423019 0.611782 -0.789894 -0.139324 0.321037 -0.936762 -0.00767278 0.961555 -0.274506 0.213901 0.744537 -0.632385 0.280993 0.407508 -0.868896 0.453707 0.882725 -0.122253 -0.267674 0.825577 0.496762 -0.738738 0.536661 0.407752 -0.879915 0.440129 -0.178984 -0.630727 0.773971 0.0561503 -0.0154835 0.819698 0.572586 0.0297992 0.606756 0.794329 -0.553048 0.624888 0.551048 -0.511784 0.470006 0.719147 0.0488245 0.919507 0.390029 -0.449765 0.752915 0.480448 0.390193 0.920722 -0.00439016 -0.12957 0.949164 0.28688 -0.692791 0.543582 -0.473878 -0.560523 0.816864 -0.136189 -0.634852 0.654301 -0.410917 -0.315139 0.548064 -0.774799 0.845846 -0.47027 0.251777 0.858762 -0.504607 -0.088881 0.553875 -0.828573 0.0817848 0.596911 -0.79743 0.0883346 0.740547 -0.57259 -0.351754 0.727697 -0.6791 -0.0963377 0.136062 0.66002 -0.738824 -0.0294784 0.629636 -0.776331 0.641615 0.675088 -0.364123 0.646693 0.589463 -0.484068 0.545461 -0.634907 -0.547143 0.530364 -0.659948 -0.532149 0.604706 0.179051 -0.776061 0.767888 0.136396 -0.625895 0.0702878 0.662253 -0.745976 0.0465007 0.611044 -0.79023 0.780387 -0.577482 -0.239813 0.659021 -0.0456551 -0.750737 0.647943 0.262815 -0.714912 0.849775 -0.499841 -0.167458 -0.571669 0.702735 0.423506 0.0571598 0.598628 0.798985 0.598073 0.801399 0.00824705 0.364136 0.927936 0.079616 0.463077 0.836071 -0.294186 0.705724 0.579738 0.407256 0.560665 0.786302 -0.259584 0.540865 0.351569 -0.76411 -0.497137 -0.373265 0.783281 -0.217096 0.223943 0.950115 0.637052 0.297208 -0.711219 0.169798 0.647767 0.742675 0.225324 0.429658 0.874427 -0.400569 0.585158 0.705078 -0.574787 0.533129 0.6208 0.181478 0.487081 0.854294 0.800983 0.582596 0.137871 0.747078 0.639268 -0.18224 0.309751 0.696054 0.647737 -0.87813 0.289889 -0.380594 -0.886981 0.376473 0.267456 -0.258375 0.264871 -0.929024 -0.825253 0.448927 -0.342668 0.252483 0.596652 -0.761747 0.117553 0.340924 -0.932712 -0.279709 0.420663 -0.863021 -0.563771 -0.148838 -0.812409 -0.100392 -0.0768918 -0.991972 -0.331002 -0.0484489 -0.942385 0.473618 -0.149484 -0.867952 0.550593 -0.215926 -0.806364 0.263295 0.799119 -0.540448 0.100137 0.695848 -0.711173 0.0140697 0.834942 -0.550158 0.0127322 0.84898 -0.528271 -0.194147 0.418206 -0.887362 -0.0642128 0.55647 -0.828382 0.933168 -0.262609 -0.245427 0.862795 -0.350088 0.364723 0.821406 -0.381626 0.423856 0.561693 -0.486106 0.669479 -0.687588 0.0274028 -0.725583 -0.515776 0.26213 -0.815636 0.144758 0.126085 -0.981401 0.395991 -0.150907 -0.905769 0.391113 -0.165813 -0.905283 0.108345 0.12358 -0.986402 0.495932 0.532255 -0.686117 0.342453 0.371233 -0.863082 0.17066 0.542064 -0.822825 0.0966542 0.534123 -0.839863 -0.894641 0.274667 0.352386 -0.799806 0.432344 0.4164 0.684414 0.0144374 0.72895 0.865645 0.393859 0.309086 0.650842 0.712108 -0.263262 0.729196 0.643922 -0.231601 -0.657149 -0.635416 -0.405466 -0.810709 0.0533997 -0.583009 -0.943793 -0.0392274 0.328202 -0.271885 0.0984558 0.95728 -0.529651 0.188938 0.826906 -0.880275 0.0581686 0.470884 -0.362664 0.529527 0.766861 0.332036 0.707639 0.623698 0.0886633 0.533199 0.841331 -0.573133 0.287345 0.767432 -0.97573 -0.0486408 -0.213505 -0.640313 0.344738 -0.686407 -0.185332 0.745769 -0.639907 0.0773424 0.236363 -0.968582 0.57836 0.713549 -0.395409 0.68265 0.715769 0.147184 0.198437 0.358011 -0.912387 0.245716 0.686647 -0.684207 0.649324 -0.548707 -0.526592 0.735161 -0.518422 -0.43678 0.95686 -0.201399 -0.20942 0.867455 -0.230211 -0.44105 -0.653788 0.586004 0.478706 -0.60754 0.687947 0.39702 -0.708507 0.549162 0.443215 -0.737123 0.521684 0.42953 -0.597254 0.304435 0.742029 -0.564298 0.235946 0.791137 0.937877 0.25011 0.240482 0.700167 0.177568 0.691546 0.156299 0.400833 0.90272 0.252318 0.307159 0.9176 -0.0141323 -0.065237 0.99777 0.20584 -0.0247153 0.978273 0.975369 0.172646 0.137294 0.994435 -0.0411029 0.097007 0.997804 -0.00789001 0.0657667 0.977077 0.184849 0.105598 -0.549795 -0.180267 0.815616 -0.58328 -0.157636 0.796829 -0.685629 0.130982 0.71607 -0.599576 0.1808 0.779628 -0.887204 -0.269685 0.374351 -0.285845 -0.676342 0.678862 0.365078 0.820077 0.440673 0.510056 0.798404 0.319991 0.820082 0.52932 -0.217452 0.907059 0.0780551 -0.413704 -0.996488 0.0515762 0.0659646 -0.889623 0.436378 -0.134703 0.144154 -0.981439 0.126483 0.591833 -0.787403 -0.172427 0.411814 -0.89861 0.151357 -0.0400349 -0.96049 0.27542 0.897325 0.255767 0.359711 0.865042 0.374797 -0.333511 0.885895 0.368529 -0.281738 0.86063 0.109121 0.497402 0.0732769 -0.907519 0.41357 -0.230364 -0.950915 0.206625 -0.365788 -0.860175 0.355384 -0.384161 -0.92315 0.0146332 -0.150026 0.513609 -0.844806 -0.00566062 0.595571 -0.803282 -0.854307 0.339101 -0.393916 -0.653026 0.736803 -0.175153 0.848693 0.140222 0.509959 0.886339 0.213323 0.410971 0.539561 -0.0375548 0.841109 0.51832 -0.0574878 0.853252 0.901816 -0.360843 0.23774 0.837368 0.168602 -0.519989 0.798365 0.00904778 -0.602106 0.920512 -0.374659 0.110853 0.158772 0.701653 -0.694604 -0.246397 0.967147 -0.062572 -0.381292 -0.318627 0.867809 -0.605166 -0.363551 0.70824 -0.874983 -0.40709 0.262072 -0.895241 -0.3545 0.26995 -0.363384 0.891912 -0.269157 0.873155 -0.351111 -0.338115 0.57224 -0.785375 0.236067 0.0642158 0.644348 -0.762031 0.0813305 0.0763616 0.993758 0.197629 0.131107 0.97147 0.26516 -0.144614 0.953298 0.264159 -0.142205 0.953938 0.259828 0.484612 -0.835249 0.478111 0.148529 -0.86565 0.48706 0.229612 -0.842645 0.272382 0.501775 -0.820993 -0.536911 -0.701187 0.469108 -0.770613 -0.432797 0.467805 0.49388 0.456321 -0.740171 0.536862 0.542829 -0.645845 -0.286759 0.165289 -0.943636 -0.55493 -0.160642 -0.816239 -0.694127 -0.0426574 -0.718588 -0.830055 -0.548698 -0.0996983 0.0304909 -0.996142 -0.0822874 0.0799463 -0.98304 0.165049 0.273008 -0.794404 -0.542576 0.532924 -0.779421 -0.329385 -0.569426 0.820181 -0.0552908 -0.41607 0.863067 0.286358 0.253859 0.898253 0.358744 -0.0730907 0.86229 0.501112 0.260269 -0.927491 0.268366 -0.207465 -0.914898 0.346294 -0.256036 -0.9539 0.156591 -0.539973 -0.775678 0.326731 0.0862211 0.971514 0.220742 0.487161 0.871005 0.063439 0.456721 0.820545 -0.343673 0.594726 0.764459 -0.248804 -0.781631 0.363692 0.506736 -0.793665 0.3939 0.463615 -0.507363 0.832721 -0.221717 -0.670396 0.725427 0.155965 0.300413 0.881366 0.364619 0.264113 0.900703 0.344933 0.215586 0.907429 0.360687 0.223987 0.882952 0.412584 0.511688 0.854415 0.0902792 0.354721 0.930937 0.086769 -0.317795 0.929578 -0.186792 0.00480731 0.99875 -0.0497614 -0.0755553 0.995628 -0.0549272 0.00148625 0.997505 0.070579 0.461844 0.860669 -0.214358 -0.412495 0.889215 0.197852 0.00974476 0.999843 0.0147888 0.617141 0.756615 0.216036 -0.612218 0.684379 -0.395998 -0.617162 0.717827 -0.322234 -0.944869 0.294028 0.144115 -0.841966 -0.212307 0.496003 0.476409 0.638671 0.604263 0.474893 0.294562 0.829283 0.458468 0.844589 0.276546 0.416662 0.837392 0.35379 -0.582285 -0.723701 0.370406 -0.883016 -0.351796 0.31068 -0.904194 0.111789 -0.412234 -0.587571 0.794361 0.154114 -0.0925083 0.980921 0.170987 0.473608 0.0721875 0.877772 0.577828 0.264704 0.77204 -0.161967 0.910381 0.380752 -0.871431 -0.38526 -0.303615 -0.756195 -0.642766 0.12256 -0.23532 -0.888723 0.393441 -0.756165 -0.642808 0.122525 -0.870417 -0.387044 -0.304255 -0.390057 0.861713 0.32451 0.0990345 -0.395917 -0.91293 -0.750221 -0.398034 -0.527957 -0.536968 -0.80794 -0.242689 0.228277 -0.381039 -0.895935 -0.97288 0.224104 -0.0572886 -0.738022 0.375863 0.560402 -0.951236 -0.0265339 -0.30732 -0.770981 -0.273305 -0.575233 0.828408 -0.179617 -0.530545 0.96821 -0.17534 -0.178395 0.901802 0.361912 0.236163 0.693347 0.173344 0.699444 0.148282 0.609044 0.779152 0.207255 0.76046 0.615423 0.631131 0.633561 0.44752 0.884859 0.432483 0.173155 -0.561425 -0.78921 -0.248896 -0.756694 -0.610621 -0.23357 0.0766081 -0.589575 -0.804073 0.260476 -0.457085 -0.850427 -0.637126 0.758285 -0.138107 -0.333052 0.868958 0.366044 -0.568793 0.819385 -0.0712945 -0.576928 0.716961 -0.391308 0.306985 0.910219 0.27796 0.0473616 0.954527 0.294338 0.819025 -0.146414 -0.554761 0.806636 -0.0955505 -0.583274 0.903132 0.429247 -0.0100079 0.883765 0.436009 0.169867 0.67556 0.719218 -0.162307 0.658198 0.714951 -0.235842 0.636539 0.519591 -0.569951 0.495645 0.544415 -0.676718 0.891111 0.00167654 -0.453783 0.889772 0.00230993 -0.4564 0.644602 0.559849 0.520633 0.203751 0.914792 0.348772 0.22903 0.939857 0.253405 0.535449 0.741468 0.404374 0.195887 -0.332218 -0.922637 0.0396524 0.0329073 -0.998672 -0.858776 -0.388663 0.333834 -0.917969 0.062705 0.391664 -0.329993 0.561956 0.758492 -0.124963 0.687598 0.715258 0.783658 -0.453115 -0.424932 0.802516 -0.200608 -0.561894 0.400477 -0.279281 -0.872709 -0.499297 -0.128305 -0.856878 -0.248435 -0.152837 -0.956515 0.618797 -0.186161 -0.763173 0.999683 0.0106431 -0.0228046 0.967032 0.0732572 -0.243891 0.875951 0.416231 0.243849 0.598141 0.636901 0.486399 0.992034 0.115236 0.0508787 0.939921 0.31584 0.129587 0.341458 0.403459 0.848898 0.477493 0.770542 0.422215 0.482374 0.177724 -0.857747 -0.13273 0.252432 -0.958468 -0.193733 0.320723 -0.927149 -0.575581 0.0362533 -0.816941 0.0523547 0.0633762 0.996615 0.112617 -0.211342 0.970903 -0.531653 0.0952915 0.841585 -0.569476 0.283732 0.771488 0.246819 0.0767188 -0.96602 -0.128283 0.301885 -0.944674 -0.106093 0.656802 -0.746563 0.130795 0.57411 -0.808264 -0.338629 0.350967 -0.873013 -0.158234 0.547301 -0.821841 -0.984467 -0.0196309 -0.17447 -0.995543 0.0940372 -0.00718239 -0.613951 0.151531 -0.774663 -0.594083 -0.0745801 -0.800939 -0.647492 0.291474 -0.704129 -0.590175 0.417424 -0.690978 -0.971524 -0.0502001 0.231562 -0.943751 0.00918308 0.330529 -0.937779 0.0590162 0.34218 -0.94583 -0.0961648 0.310093 -0.131952 0.463073 -0.876443 -0.10198 0.679426 -0.726623 -0.0964266 0.679218 -0.727575 -0.12859 0.49404 -0.859877 0.442964 -0.325864 -0.835221 -0.0655635 -0.670385 -0.739111 0.803252 -0.0835589 0.589749 0.993938 0.0133017 0.10913 0.779724 0.242382 -0.577305 0.859401 0.193925 -0.473099 0.896076 0.211298 -0.390386 0.907053 0.209394 -0.365252 0.464406 0.679726 -0.567714 0.391858 0.649381 -0.65173 0.403573 0.882275 -0.242322 0.623724 0.755735 -0.199584 -0.345327 0.665218 -0.661993 -0.667929 0.352966 -0.655199 0.0126345 0.815122 -0.579151 0.249352 0.867046 -0.431341 -0.0419818 0.810526 0.584197 0.0759552 0.905747 0.416957 -0.968986 0.242831 0.045818 -0.317481 0.815717 0.48354 -0.951959 0.0809754 -0.295326 -0.908011 0.416425 -0.0458808 -0.732063 0.625712 -0.269383 -0.384921 0.600074 -0.701247 -0.842351 0.0474611 0.536835 -0.475451 0.726312 -0.496404 -0.567504 0.779577 -0.264949 -0.49594 0.859568 -0.123234 -0.483746 0.856373 -0.180595 -0.44712 0.794089 -0.411711 -0.90243 0.394835 0.172414 -0.551622 0.761131 0.341164 -0.716296 0.575448 0.394688 -0.886107 0.426767 0.180789 -0.389323 0.851134 0.352134 -0.343659 0.889724 0.300482 -0.27987 0.944799 -0.170377 0.139686 0.980426 -0.138756 -0.00564324 0.998327 -0.0575425 0.108219 0.956655 0.270369 -0.217101 0.870856 0.440995 -0.358379 0.919148 0.163495 0.948844 0.218156 -0.228262 0.845326 0.427062 0.321 0.435151 0.885381 0.163535 0.759588 0.5643 -0.323406 -0.628986 0.692294 0.353703 -0.63796 0.687109 0.347691 -0.659724 0.618551 0.4268 -0.575786 0.555845 0.599589 0.356688 0.74261 0.566838 0.929513 0.366414 -0.0417858 0.539864 0.397868 -0.741787 0.457814 0.68726 -0.563986 0.371302 -0.0694129 -0.925914 -0.195267 0.266815 -0.943759 0.0261613 0.137979 -0.99009 -0.779256 0.0182788 0.626439 -0.364753 0.640572 0.675739 -0.992939 0.117114 0.0188929 -0.962839 -0.214594 -0.163981 -0.610625 0.230725 -0.757564 -0.593275 0.153808 -0.790169 0.998244 0.0516737 0.0289668 0.629294 -0.0353942 -0.776361 0.320662 -0.0500481 -0.945871 0.947873 -0.199958 -0.248099 0.564694 0.232483 -0.791879 0.635334 0.181816 -0.750529 0.980827 0.0529632 -0.187547 0.996761 -0.0182708 0.0783223 -0.558987 -0.343959 -0.754471 -0.717135 -0.317948 -0.620183 -0.841607 -0.537667 -0.0511109 -0.937372 -0.253473 0.238923 -0.0487524 -0.708973 -0.703548 -0.0576714 -0.770237 -0.635145 -0.00728427 -0.556905 -0.830544 0.201965 -0.534605 -0.820614 0.804127 -0.399923 -0.439819 0.36524 0.0277622 -0.930499 0.404979 -0.0454859 -0.913194 0.790847 -0.366795 -0.489921 -0.599354 0.367724 -0.711024 -0.740703 0.528598 -0.414661 0.766179 -0.287321 -0.574818 0.736982 -0.238533 -0.632424 0.978679 -0.164311 -0.123244 0.950113 -0.189916 -0.247422 -0.837195 0.546723 -0.0140759 -0.8848 0.407807 0.22544 0.644192 -0.136513 -0.752583 0.654139 -0.0524138 -0.754556 0.34586 -0.40208 -0.847769 0.359769 -0.420499 -0.832914 -0.413741 0.368767 -0.832364 -0.42634 0.355865 -0.831621 -0.432421 0.481183 -0.762545 -0.34288 0.459599 -0.819269 -0.427149 0.397013 -0.812357 -0.278759 0.656611 -0.700825 0.708413 0.50523 -0.492842 0.519466 0.110204 -0.847355 -0.263551 -0.174571 -0.948718 -0.271466 -0.257229 -0.927437 0.644419 -0.0990073 -0.758236 0.521471 0.213068 -0.826239 -0.874612 0.340515 0.345113 -0.566981 0.784603 -0.250862 -0.118243 0.675382 -0.727927 -0.722716 0.530295 -0.443249 -0.361093 0.922827 0.134173 -0.248684 0.866588 0.432644 -0.444367 0.743401 0.499893 -0.819875 0.569982 0.0540895 0.520184 0.632077 -0.574358 0.230522 0.597869 -0.767732 0.904048 0.351878 -0.24265 0.842609 0.494048 -0.214305 0.348643 0.773283 0.529605 0.182905 0.827164 0.531361 0.776036 0.612321 -0.151103 0.458738 0.838793 0.293232 0.637017 -0.748633 0.183736 0.617193 -0.785887 -0.0381371 0.644935 -0.66473 0.377084 0.501551 -0.442807 0.743215 -0.805345 -0.146246 0.574483 -0.245933 0.211474 0.945937 -0.308195 0.125504 0.943008 -0.810726 -0.15551 0.564393 0.565291 0.533019 0.629553 0.660282 0.580968 0.475925 -0.274799 0.085642 0.95768 -0.258407 -0.0955359 0.9613 -0.805364 0.217927 0.551268 -0.799544 0.236007 0.552296 0.694184 0.713716 0.0933715 0.600613 0.794315 -0.0912625 0.329923 -0.255352 0.908816 0.305048 0.277781 0.910924 0.341546 0.18679 0.921116 0.307127 -0.281869 0.908968 0.446191 0.204854 0.871177 0.463246 0.262929 0.846328 0.490853 0.444352 0.749409 0.462373 0.476472 0.747787 -0.933288 0.178995 -0.311342 -0.911373 -0.406715 0.0630982 0.703409 0.521815 0.482623 0.506543 0.733741 0.452812 0.856475 0.499336 0.130821 0.984905 -0.0556067 -0.163921 0.0442941 0.602733 -0.796712 -0.244017 0.354501 -0.902654 0.533975 0.454382 0.713027 0.940864 0.213023 0.26343 0.985615 -0.168827 0.00783318 0.654474 0.468369 0.593544 0.0669153 -0.59345 0.802085 0.114701 -0.601004 0.790973 0.0993894 -0.709361 0.697803 0.145149 -0.70482 0.694377 -0.70268 0.426544 0.569474 -0.715732 0.491322 0.496317 -0.949982 0.224103 -0.217514 -0.996476 0.0462221 -0.0699975 0.571211 -0.546859 0.612097 0.606075 -0.521948 0.600204 0.786379 -0.602019 0.138494 0.833223 -0.552441 0.0234223 -0.723735 0.542232 -0.42684 -0.83768 0.543596 -0.0528655 -0.490926 -0.0507348 -0.869723 -0.182502 -0.43322 -0.882618 0.919518 -0.342238 0.193289 0.534548 -0.64656 -0.54426 0.722925 -0.552447 -0.414949 0.916404 -0.40001 -0.0139693 -0.200348 -0.633047 -0.747738 -0.381312 -0.742825 -0.550284 0.108799 -0.717195 -0.688327 0.160437 -0.792469 -0.588433 0.235028 -0.907912 -0.347069 0.146801 -0.977505 -0.15144 -0.519882 -0.691312 -0.501806 -0.629869 -0.704191 -0.327689 0.00983185 -0.641346 -0.767189 0.0110271 -0.682181 -0.7311 -0.00168864 -0.690937 -0.722913 0.00413341 -0.644189 -0.764855 0.455835 -0.516872 -0.724609 0.104998 -0.840726 -0.531183 -0.200985 -0.646456 -0.736003 -0.0962749 -0.70093 -0.706703 -0.398975 0.645567 0.651201 0.181456 0.231105 0.955858 0.29635 0.490584 0.819454 -0.320036 -0.677343 0.662408 -0.181412 -0.604582 0.77561 0.472465 -0.0970428 0.875991 -0.67445 0.411698 0.612881 -0.890288 -0.0698659 0.450007 0.627656 -0.159438 -0.761989 0.837294 0.158487 -0.523278 0.995934 0.0740724 0.0512621 0.999598 0.0083755 0.0270738 -0.629788 -0.0232222 0.77642 0.248056 -0.0655584 0.966525 0.270446 0.0609011 0.960807 -0.664005 0.295283 0.686954 0.595917 0.226025 0.770582 0.343833 0.209978 0.915253 -0.599348 0.237086 0.764573 -0.322623 0.228866 0.918441 0.991032 -0.12335 -0.0513835 0.982708 -0.139504 -0.121754 0.59211 -0.160158 -0.789782 0.35446 -0.302622 -0.884748 -0.726608 -0.679103 0.104214 -0.686912 -0.685702 0.240757 -0.771519 -0.633553 -0.0580471 -0.772272 -0.620462 -0.136469 -0.061478 -0.858674 -0.508822 -0.651861 -0.346897 -0.674344 -0.622418 -0.360584 -0.694676 -0.0301783 -0.880955 -0.472237 -0.95543 0.282971 -0.0841453 -0.926268 0.376691 0.0114624 -0.417628 -0.577886 -0.701167 -0.374583 -0.535046 -0.757241 0.368278 -0.335967 -0.86689 0.257846 -0.411174 -0.874329 -0.494577 0.74864 0.441511 -0.337868 0.82725 0.44889 -0.801802 -0.597191 -0.0218211 -0.769792 -0.628602 -0.110817 -0.769644 -0.628765 -0.11092 -0.780505 -0.615349 -0.110264 -0.459432 -0.58998 -0.663962 -0.481164 -0.604813 -0.634573 -0.633063 -0.335836 -0.697457 -0.630297 -0.33251 -0.701543 0.968471 0.0065654 0.249039 0.911949 -0.409456 0.026348 0.54218 -0.286013 0.790087 0.610393 -0.221265 0.760567 0.991104 0.0757829 0.109406 0.935677 0.215128 -0.279692 0.816097 -0.0107371 -0.577815 0.585216 0.691866 0.422899 0.249521 -0.94686 0.202964 0.538398 0.564897 0.625315 0.850765 0.477344 0.219869 0.620481 0.779684 -0.0842422 0.322971 0.940696 -0.10383 -0.0359086 0.874137 -0.48435 0.253975 0.820071 -0.512816 0.184376 0.234301 -0.95452 -0.695729 0.522418 -0.492991 -0.641174 0.571845 -0.511752 0.100854 0.391662 -0.914565 0.90433 0.365943 -0.219713 0.433692 0.848036 0.304542 0.822005 0.569476 -0.00223692 0.22035 0.948119 0.229163 -0.522893 0.667147 0.530564 -0.491834 0.469247 0.733422 -0.0561396 0.502695 0.862639 0.170573 0.053536 0.98389 -0.209639 0.64269 0.736886 -0.245699 0.64616 0.722571 -0.697604 0.550665 0.458385 -0.720935 0.551166 0.420081 0.0453099 -0.894579 0.444607 0.617049 -0.686004 0.385549 0.589237 -0.73895 0.326731 0.0507905 -0.884435 0.463892 0.987282 0.0683235 -0.143549 0.968712 0.176529 -0.174453 -0.886064 0.124518 -0.446526 -0.929208 0.315506 -0.192426 -0.607175 -0.298398 -0.736408 -0.593354 -0.363814 -0.718032 0.770337 0.554244 -0.315267 0.729404 0.606589 -0.316258 -0.849251 0.463578 0.252723 -0.894109 0.428806 0.129206 -0.89405 0.428949 0.129142 -0.846431 0.503736 0.172641 0.86368 -0.469885 0.182388 0.788107 -0.604791 0.114524 0.776318 -0.611378 0.153452 0.863663 -0.469467 0.183539 0.647952 0.611753 0.45378 0.685026 0.24685 0.685423 -0.444637 -0.132754 -0.885818 -0.737294 0.319207 -0.595403 -0.677616 0.724192 0.127993 -0.649804 0.759705 -0.0245521 -0.427251 0.188739 0.884214 0.326989 0.661106 0.67529 </float_array>
          <technique_common>
            <accessor count="1847" offset="0" source="#meshId0-tangents-array" stride="3">
              <param name="X" type="float" />
              <param name="Y" type="float" />
              <param name="Z" type="float" />
            </accessor>
          </technique_common>
        </source>
        <source id="meshId0-bitangents" name="meshId0-bitangents">
          <float_array id="meshId0-bitangents-array" count="5541"> -0.534241 0.328485 0.778899 -0.739068 0.585227 0.333599 -0.411373 0.564998 0.715227 -0.183746 0.0940395 0.978465 -0.496546 -0.501658 -0.708365 -0.34358 -0.0765428 -0.935999 -0.465953 -0.63113 -0.620131 -0.475589 -0.878288 0.049246 0.314702 0.63117 0.708933 0.614924 0.511123 0.600518 0.718793 0.693039 -0.0550739 0.591914 0.797575 -0.116242 0.582206 -0.00955154 -0.812985 0.56944 0.240141 -0.786174 0.964698 -0.0251772 -0.262152 0.952031 0.301489 -0.0523514 0.990909 0.0659195 -0.117279 0.999501 -0.00146186 0.0315547 0.718071 0.294895 -0.630406 0.340181 0.396745 -0.852567 0.556845 0.603147 0.571084 0.276961 0.139909 0.950641 0.208072 0.454631 0.866035 0.415648 0.750931 0.513166 -0.568985 -0.241089 0.786214 -0.790213 -0.168641 0.589172 -0.697444 0.246001 -0.673094 -0.758062 0.268006 -0.594571 -0.98729 -0.0237404 0.157144 -0.996264 0.0756094 0.0417181 -0.98864 -0.142207 0.0486561 -0.985982 0.00673195 0.166715 0.102896 0.43019 -0.896855 0.178834 0.432936 -0.883507 0.154308 0.438074 -0.885596 0.102863 0.432319 -0.895834 -0.340808 -0.0192171 0.939937 -0.34333 -0.0150703 0.939094 -0.321835 -0.388276 -0.863519 -0.568216 -0.472223 -0.673895 -0.613261 0.118058 0.781008 -0.890901 -0.404412 0.206754 -0.999319 -0.0363566 -0.00626309 -0.584419 -0.312213 -0.748984 0.1444 -0.558466 -0.816862 0.193457 -0.378629 -0.905105 -0.133721 0.40289 0.905427 -0.572752 -0.406541 -0.711814 -0.466528 -0.422727 -0.776951 0.306865 0.615685 0.725786 0.124924 0.48664 0.864625 -0.683576 -0.0833816 0.725101 -0.957102 -0.288826 0.0231277 -0.971667 0.162842 -0.171308 -0.692088 -0.174532 0.700395 0.6515 0.748464 -0.123894 0.0132943 0.7525 0.658458 -0.286426 0.536706 0.793667 -0.0159673 0.749579 0.661722 0.215105 0.269813 0.938579 0.425778 -0.10766 0.8984 0.932503 -0.176611 0.315036 0.952625 0.281465 0.115251 -0.904173 0.359702 0.230401 -0.813293 0.262343 0.519356 -0.893386 0.354841 -0.27559 -0.962957 -0.00964357 -0.269483 -0.409508 0.74369 0.52842 -0.280602 0.867604 0.410519 0.0459525 0.911852 0.407939 -0.2164 0.507681 0.833925 0.720612 0.384733 0.576801 -0.00482563 0.0735038 0.997283 0.0571688 0.169876 0.983806 0.730213 0.429234 0.531552 -0.710452 -0.140381 0.689602 -0.893791 -0.130399 0.429108 0.54443 0.37693 0.749346 0.558443 0.375405 0.739738 0.934373 0.311059 0.173749 0.836078 0.496536 0.233291 -0.956557 -0.199708 -0.212403 -0.96709 -0.0620748 -0.246746 0.383132 0.45189 0.805608 0.45905 0.363635 0.810582 0.204939 0.596436 0.776057 0.190565 0.580423 0.791703 -0.782418 -0.619595 0.0626373 -0.460046 0.14138 0.876567 -0.632778 0.320138 0.705056 -0.784739 -0.402927 0.470993 -0.601859 -0.208795 0.770825 -0.662585 -0.574115 0.481013 0.928735 0.0568106 0.366367 0.158739 0.66284 0.731741 -0.481414 0.609056 0.630311 -0.341361 0.581227 0.73868 -0.201225 -0.606163 -0.769464 -0.236128 -0.38647 -0.891563 -0.256762 -0.120207 -0.95897 0.20419 0.421779 0.883408 0.328851 0.58451 0.741758 0.81887 -0.389031 -0.422028 0.974648 -0.18293 0.128834 0.783348 -0.406847 -0.469938 0.450255 -0.0738013 -0.889845 -0.218857 0.833357 0.507561 -0.561542 0.597299 0.57263 -0.569411 0.569735 0.592598 0.199974 0.949072 -0.243461 0.0996524 -0.796266 -0.596682 -0.37524 -0.646869 -0.663894 -0.931424 -0.315294 -0.181766 -0.749534 -0.661886 0.0102676 -0.939577 0.304944 0.15558 -0.860128 0.245749 0.446976 -0.951143 0.11548 -0.286341 -0.93536 -0.250725 -0.249478 0.974987 0.210382 0.0716973 0.981558 0.190752 0.0125117 0.753703 0.305856 -0.581707 0.596734 0.308669 -0.740697 0.841882 0.445906 0.303976 0.142059 0.100872 0.984705 0.242877 0.206644 0.947792 0.883562 0.45797 0.0978835 -0.521301 -0.247112 0.816811 -0.533616 -0.356205 0.767054 -0.13935 0.491918 -0.859417 -0.0503516 0.428262 -0.90225 -0.443952 0.497848 -0.74502 -0.638691 0.495511 -0.588679 -0.759755 -0.613937 0.214133 -0.76326 -0.64609 0.00151069 0.0314071 0.438274 -0.898292 0.213565 0.455657 -0.864156 0.212686 0.450354 -0.867148 -0.0761923 0.468431 -0.880209 -0.749879 -0.558535 0.35457 -0.625383 -0.476392 0.618018 -0.425122 -0.308098 0.851086 -0.427571 -0.305308 0.850864 0.877259 -0.0590911 -0.476367 0.870147 0.491059 -0.0412914 0.911213 0.296437 0.286034 0.000342503 0.82287 0.56823 -0.517167 0.722182 0.459338 -0.33037 0.670056 0.664741 -0.000566304 -0.744053 -0.66812 0.127567 -0.667229 -0.733848 -0.162289 0.905242 0.392682 0.228072 0.96828 0.102061 -0.245541 0.916885 -0.314692 -0.482833 0.765546 0.42522 -0.87221 -0.428797 0.235335 -0.80715 -0.467781 0.360125 -0.10484 -0.824523 0.556031 -0.0221687 -0.705601 0.708263 -0.786642 0.607781 0.108608 -0.365441 0.616355 0.697538 -0.588065 0.644518 0.488647 -0.0751562 0.613099 0.786423 -0.730524 0.561462 -0.38871 -0.911694 0.11031 -0.395786 0.0492698 0.788441 -0.613134 -0.15459 0.879849 -0.449409 0.208414 0.976624 -0.0526226 0.0777153 0.996911 -0.0113218 -0.156939 0.987584 0.00690458 -0.0545216 0.987922 -0.145044 -0.212349 -0.400375 -0.891408 -0.00794365 -0.422099 -0.906515 0.157715 -0.560259 -0.813164 -0.0758096 -0.485037 -0.871202 0.00195675 -0.242342 -0.970189 0.142959 -0.382465 -0.912844 -0.264477 0.933879 0.240669 -0.348664 0.937231 0.00564018 -0.435512 0.900001 0.0180696 -0.3988 0.889896 -0.221457 0.462939 0.102162 -0.880483 0.491947 0.317928 -0.810499 -0.343208 0.874419 -0.342927 -0.333849 0.928458 -0.16282 -0.260865 0.931546 0.25332 -0.261842 0.931224 0.253495 0.499379 0.611312 -0.613936 0.279701 -0.160487 -0.946579 0.275154 -0.159236 -0.948122 0.228086 0.893383 -0.387097 0.00761227 0.169384 0.985521 -0.734947 -0.176256 0.654818 -0.819522 0.0146617 0.57286 -0.988175 -0.091831 0.122792 -0.569147 0.626692 -0.532287 -0.168126 0.368956 -0.914114 -0.459567 -0.768336 0.445487 -0.590604 -0.0345709 0.806221 0.230422 -0.652438 -0.721963 0.311505 -0.719792 -0.620375 -0.389125 -0.873883 -0.291394 -0.28354 -0.937212 -0.203077 0.307066 -0.663519 -0.682241 0.0701779 -0.670313 -0.738753 -0.369137 -0.278878 -0.886546 -0.472416 -0.361575 -0.803795 0.0334951 -0.798917 -0.600507 0.0544754 -0.983925 0.170072 0.195686 -0.921966 -0.334195 0.533759 -0.812655 0.233865 0.0436853 -0.355262 -0.933745 0.147025 -0.0785206 -0.986011 0.283684 -0.47443 -0.83333 0.577942 0.0707515 -0.813005 -0.103988 -0.92449 0.36675 -0.0996495 -0.916557 0.38729 0.287786 -0.957378 0.0246148 0.336354 -0.928546 0.15706 -0.469945 -0.330006 -0.818687 -0.299407 -0.261571 -0.917571 -0.0565867 -0.557442 -0.828285 -0.331234 -0.19204 -0.923799 0.193777 -0.0954439 -0.976392 -0.128189 -0.542645 -0.830122 0.359423 -0.892945 -0.271044 0.510303 -0.85974 0.0209102 0.553165 -0.796732 -0.243365 0.662919 -0.748689 -0.00183405 0.582559 0.0631421 -0.810332 0.415181 -0.0898267 -0.905293 0.387674 -0.866181 -0.315339 0.383929 -0.860523 -0.33481 0.356055 -0.862545 -0.359501 0.34812 -0.873861 -0.339381 0.316286 -0.200428 -0.927249 0.303672 -0.252196 -0.918793 0.179677 -0.371323 -0.910953 0.151635 -0.316041 -0.93655 0.0355578 -0.279628 -0.95945 0.468059 0.384194 -0.795812 0.145427 -0.811724 0.565646 -0.0746905 -0.882311 -0.464703 -0.232251 -0.796071 -0.558866 -0.585665 -0.752567 0.301062 0.0628495 0.554524 -0.829791 0.561279 -0.108786 -0.820446 -0.839604 0.189696 0.508999 -0.321266 0.261684 0.910115 -0.0492971 0.0215104 0.998553 -0.339708 -0.146141 0.929108 0.353922 0.546101 0.759284 0.204548 -0.0100384 0.978805 0.211269 0.448905 0.868245 0.275374 0.914567 0.296203 0.639505 0.191515 0.744551 0.675223 0.044034 0.736298 0.962948 0.231241 -0.138777 0.852748 0.5223 -0.00485876 -0.5106 0.0471672 0.858523 -0.509437 -0.250665 0.823189 -0.978001 -0.0438984 0.203926 -0.947488 -0.293407 0.127197 0.939524 0.27536 -0.203645 0.877377 -0.127685 -0.462501 0.637679 0.370455 -0.675373 0.173612 0.476699 -0.861752 -0.867991 -0.131288 0.47891 -0.897393 0.433581 0.0818189 -0.822819 0.565133 0.0599514 -0.937735 -0.01123 0.347171 -0.56427 0.8253 -0.0219132 -0.265813 0.858239 0.439055 -0.678441 -0.00384066 -0.734645 -0.694845 0.0225949 -0.718804 -0.803599 -0.592226 0.0591371 -0.835431 -0.531138 -0.141237 -0.27639 0.943427 0.183176 -0.0786041 0.817495 0.570547 -0.0641695 0.200088 -0.977674 -0.0561639 0.31828 -0.946332 0.259354 0.564788 -0.783422 0.1099 0.420168 -0.900767 -0.647153 -0.743296 -0.16942 -0.747294 0.66446 0.00663684 -0.750419 0.658673 0.0549738 -0.64065 -0.75628 -0.132695 -0.654541 0.646495 0.391943 -0.731292 -0.673148 0.109924 0.960314 0.26713 -0.0802388 0.649604 0.422757 0.631895 -0.0640875 0.424947 0.902947 0.0264044 0.280299 0.959549 0.369794 0.484185 0.79298 -0.0238056 0.404116 0.914398 -0.486286 -0.689809 0.536367 -0.638885 -0.710677 -0.294559 -0.311151 -0.926531 0.211485 -0.390271 -0.593862 0.703574 -0.292485 0.859414 -0.419358 -0.0671289 0.90822 -0.413074 -0.0238946 0.88334 -0.468124 -0.654494 0.743089 -0.139484 0.284627 -0.0657848 0.956379 0.200097 -0.361542 0.910631 0.807804 0.395383 0.437178 0.413432 0.700476 0.581728 0.441056 0.897296 0.0181346 0.442914 0.883297 -0.153667 0.410334 0.810853 0.417304 0.551082 0.657357 0.513995 -0.726067 -0.62513 -0.286424 -0.764876 -0.640449 0.0692142 -0.851364 -0.111605 0.512565 -0.608816 -0.484278 0.628345 0.757444 0.551116 0.35007 0.314584 0.30565 0.898674 0.173663 0.287918 0.941777 0.834569 0.548988 -0.0458951 -0.556744 -0.104244 0.824117 -0.798987 0.421959 0.42845 -0.0130005 0.137805 0.990374 -0.131993 0.0897583 0.987178 0.19655 0.731196 0.653238 0.216875 0.77267 0.596613 -0.983429 -0.0122699 0.180875 -0.994375 0.0907763 -0.0545772 -0.572861 -0.773024 -0.272513 -0.584033 -0.509679 0.631769 -0.588441 -0.505467 0.631062 -0.616369 -0.767379 -0.176688 0.802757 0.378967 0.460396 0.84649 0.394622 0.35739 0.083635 0.195249 0.977181 0.0859705 0.190195 0.977975 -0.794578 -0.378189 0.474993 -0.98377 -0.0700658 -0.165191 -0.800152 -0.287972 -0.526146 -0.400628 0.688833 -0.604158 -0.410657 0.887924 -0.207249 -0.147577 0.692435 -0.706226 0.391478 -0.484266 0.782452 0.00775424 -0.346692 0.937947 0.48081 0.822491 0.303859 0.423218 0.894958 -0.141197 0.287092 0.895888 -0.339062 0.51288 0.856575 0.0568569 -0.259358 0.948223 -0.183323 0.421661 0.721938 -0.548641 0.489821 0.805232 -0.334181 0.167744 0.93701 -0.30639 -0.309946 0.644043 -0.699387 0.225856 0.913218 -0.339149 -0.212095 0.971934 -0.101782 -0.900563 0.430538 -0.0601857 0.995962 0.0577143 0.0687681 0.952956 0.303107 -0.000677794 0.79881 -0.0535576 0.599195 0.877835 -0.172796 0.446707 0.200846 0.936593 -0.28715 0.0703989 0.993976 0.0839999 0.0302348 0.998402 0.0477445 0.0472573 0.951895 -0.302759 0.879347 0.277362 0.387065 0.52026 0.339519 0.783617 0.411777 0.413407 0.812117 0.880995 0.334688 0.334412 0.0709071 0.496613 0.865071 0.10937 0.825062 0.554356 -0.455696 0.782474 -0.424352 -0.342114 0.864403 -0.368463 -0.869314 0.490625 0.0598292 -0.837534 0.541965 -0.0693605 -0.066727 0.560086 0.825743 0.0588803 0.764273 0.642199 -0.268585 0.752973 -0.600744 -0.010281 0.985519 -0.169255 -0.012422 0.985695 -0.168079 -0.325012 0.645746 -0.690927 0.868418 -0.255235 0.425094 0.850087 -0.116358 0.513627 0.391941 0.463105 0.794932 0.384844 0.450793 0.805407 0.933258 0.355098 0.054176 0.637869 -0.344539 0.688778 -0.58702 0.24398 -0.771933 0.282819 0.616712 -0.734629 0.597185 0.788705 -0.145996 0.658658 0.652703 -0.374363 0.877488 0.470281 -0.0940768 0.576895 0.801174 0.159099 -0.765708 0.574663 -0.288885 -0.890861 -0.0154125 -0.454016 -0.974182 0.0154605 0.225234 -0.934214 0.158588 0.319522 0.218053 -0.974841 -0.0462288 -0.450685 -0.68999 0.566389 -0.518082 -0.801414 0.298876 -0.133614 -0.982514 0.129666 0.259229 0.0929112 0.961336 -0.3128 -0.136811 0.939914 0.428938 0.154435 0.890035 0.817428 0.249065 0.519401 -0.962236 0.263098 0.0698669 -0.840966 -0.540381 -0.0276519 -0.877607 0.0947913 -0.469916 -0.888581 0.29995 -0.347065 0.0975483 0.979653 -0.175396 0.194244 0.976119 -0.0972656 -0.179628 0.969622 0.166034 -0.00947353 0.972746 0.231678 0.85102 0.382841 0.359441 0.561087 0.279543 0.779126 0.209615 0.429565 0.878371 0.84985 0.309832 0.426331 0.0400576 0.360232 0.932002 -0.173886 0.671262 0.720535 -0.261247 0.95754 -0.121929 -0.424249 0.824005 -0.375539 -0.89631 0.44331 -0.0102344 -0.860313 0.50663 0.0564697 -0.168147 0.447688 0.878238 -0.239181 0.733533 0.636178 -0.288065 0.677475 -0.676791 -0.329843 0.882343 -0.335669 -0.207834 0.890149 -0.405512 0.155361 0.477249 -0.864926 0.894411 -0.313027 0.319442 0.583486 0.122931 0.802765 0.0764437 0.479993 0.873935 0.0788377 0.483506 0.871783 -0.805728 0.465932 0.365664 -0.634495 0.75383 0.170753 0.585813 -0.114807 0.802273 -0.310537 -0.607696 0.73094 -0.825304 -0.562388 0.0509183 -0.7445 -0.657402 0.116374 0.21673 -0.780228 0.586747 0.0382296 -0.361694 0.931513 -0.0842783 -0.627853 -0.773755 0.24948 -0.717133 -0.650754 0.468637 -0.873422 -0.132339 0.649457 -0.629611 -0.426376 -0.513603 0.623468 0.589491 -0.400136 0.902784 0.15771 -0.223046 0.888128 -0.401844 -0.35685 0.922445 0.14749 0.297241 -0.115655 -0.947772 -0.233399 -0.663687 -0.710665 0.11232 -0.122489 -0.986094 -0.14621 -0.720891 -0.67745 0.837317 0.546705 -0.00370528 0.822466 0.537239 -0.186881 0.897558 0.274798 0.344783 0.978032 -0.11121 0.176314 -0.328885 -0.925782 -0.186446 -0.597198 -0.677028 -0.430102 -0.338147 -0.933624 -0.118332 0.0056136 -0.978857 0.204467 -0.237177 -0.953428 -0.186335 -0.468993 -0.879956 -0.0756546 -0.18182 -0.914793 -0.360688 -0.138992 -0.857099 -0.496047 -0.851779 -0.519403 -0.0685037 -0.866816 -0.489576 -0.0945795 0.638217 -0.699883 0.32069 0.454552 -0.807811 0.375264 0.985999 -0.118729 0.11709 0.909919 -0.356392 0.212207 -0.947229 0.0928743 -0.306809 -0.8833 0.328759 -0.334214 -0.102543 -0.990988 0.0861817 -0.0960646 -0.99263 0.0738741 -0.0418129 -0.998844 0.0237193 -0.318919 -0.945406 -0.0670614 -0.418825 -0.906446 -0.0542294 -0.279229 -0.922697 -0.265821 -0.277901 -0.923623 -0.263993 -0.447044 -0.88748 -0.111942 -0.685776 -0.655923 -0.315399 -0.805481 0.228247 -0.546904 -0.941344 0.263598 -0.210683 -0.520771 0.849215 -0.0873598 0.158926 0.985361 0.061689 0.0920016 0.976481 -0.194989 -0.990404 0.136488 0.0216986 -0.640779 -0.260554 -0.722159 0.635842 0.159917 0.75507 0.752298 0.379561 0.538499 0.998991 0.0298744 -0.0335174 0.997828 0.0624704 0.0209107 0.167088 -0.484109 -0.858906 0.000233144 -0.379949 -0.925007 -0.558046 0.061075 -0.827559 -0.641014 -0.00370604 -0.76752 0.540714 0.499146 -0.677112 0.515056 0.327662 -0.792057 -0.380016 0.663257 -0.644731 -0.295923 0.322814 -0.899011 0.538905 -0.839748 -0.0663674 0.708829 -0.572244 -0.412431 0.23681 -0.835578 0.495713 0.13412 -0.987514 -0.0826356 -0.765241 -0.498449 -0.407375 -0.645823 -0.632932 -0.426977 -0.841178 -0.510917 -0.177155 -0.975931 -0.187976 0.11056 0.44967 -0.21028 0.868089 -0.222514 0.184079 0.957393 -0.209767 0.23459 0.949192 0.390837 -0.17854 0.902979 -0.653505 0.606512 0.452851 -0.615046 0.772339 -0.158779 -0.575381 -0.268922 0.77241 -0.530962 -0.25824 0.807088 0.29535 -0.31283 0.902721 0.188868 -0.361011 0.913236 -0.271457 0.804275 -0.528633 0.0759382 0.848344 -0.523972 0.0420226 0.0723544 0.996493 0.125867 -0.00965755 0.992 -0.448145 -0.256664 0.856324 -0.479973 -0.132042 0.86729 -0.400536 0.912643 -0.0815734 -0.58132 0.801314 0.14129 -0.655202 0.751842 0.0737797 -0.421383 0.888908 -0.179664 0.996706 -0.00348716 0.0810238 0.615464 -0.502841 0.606923 0.330461 -0.73013 -0.598085 0.293028 -0.723782 -0.624719 0.65496 -0.71574 0.242372 0.68332 -0.157222 0.71299 0.44802 0.58507 -0.675997 0.720446 0.624189 -0.302234 0.451345 0.891708 0.0338362 0.225972 0.915489 0.332892 0.58362 0.753086 -0.303725 0.458215 0.632666 -0.624318 -0.0580053 -0.994082 -0.0918525 -0.0330263 -0.979326 -0.199573 -0.385489 -0.775486 -0.50002 -0.847618 -0.500377 -0.176538 0.0842995 0.706377 -0.702798 0.247877 0.829146 -0.501073 -0.343551 0.485189 -0.804092 -0.444544 0.473894 -0.760135 0.0912452 -0.988219 -0.122871 -0.0415208 -0.879216 -0.474611 -0.136487 -0.979088 -0.150858 0.355623 -0.631377 -0.689127 0.556921 0.760643 -0.333559 0.627528 0.763028 0.15491 0.489325 0.749904 -0.445202 0.480184 0.620192 -0.62031 0.847588 0.500473 0.176413 0.428295 0.812753 0.394962 0.285602 0.834275 0.471611 0.707777 0.61013 0.356079 0.179189 0.864858 0.468948 0.429525 0.894112 0.126779 0.429305 0.686961 -0.58633 0.253405 0.590666 -0.766094 -0.304701 0.418223 -0.855714 -0.165674 0.243875 -0.955551 -0.364059 0.643616 0.673216 -0.0842625 0.894556 0.438942 0.106193 0.882311 0.458531 0.265943 0.801788 0.535173 0.436741 0.671982 0.598078 0.192087 0.84346 0.501675 0.783615 0.572152 0.242053 0.408043 -0.015628 0.912829 0.632835 -0.363087 0.683877 -0.00827926 -0.967077 0.254351 0.248973 -0.886506 0.390025 0.212736 -0.267315 0.939833 0.702491 0.704323 -0.102157 0.260418 0.944289 0.201247 0.275239 0.959398 0.0616428 0.531457 0.792228 -0.299881 0.214462 0.768138 -0.6033 0.461733 0.864547 -0.198394 -0.110441 -0.962774 -0.246717 -0.396164 -0.756708 -0.520046 -0.842747 -0.466933 -0.267862 -0.410066 -0.85113 -0.327754 -0.0514762 0.910283 -0.410773 0.255892 0.920887 -0.294085 -0.510033 0.77489 -0.373379 0.0373923 0.996547 -0.0741284 0.259956 -0.80955 -0.526357 -0.423579 -0.835797 -0.34932 -0.0552085 -0.998384 0.0134861 0.175773 -0.664625 -0.726208 0.731258 0.681532 -0.0278616 0.785353 0.587385 0.195445 0.738025 0.663304 -0.123883 0.624602 0.538635 -0.56546 0.769557 0.00811315 0.638526 0.131745 0.359284 0.923882 0.0592132 0.363416 0.929744 0.868671 0.0180934 0.49506 0.00654605 0.81915 0.573542 0.198037 0.795155 0.573158 0.43614 0.648943 -0.623421 0.264995 0.594302 -0.75933 -0.469106 0.551715 -0.689601 -0.338466 0.159586 -0.927347 -0.0282197 0.464192 0.885285 0.175744 0.355541 0.917989 0.156665 -0.074964 0.984803 0.116901 -0.0645205 0.991046 0.0735941 -0.0530806 0.995875 0.120431 -0.0654501 0.990562 0.783852 0.195987 0.589207 0.269956 -0.324433 0.906569 0.715518 -0.689759 0.110756 -0.0292141 -0.970131 -0.240818 -0.104334 0.931932 0.347301 0.50777 -0.82053 -0.262487 -0.00127845 0.882352 0.470589 0.0475408 0.850179 0.524343 0.347176 -0.468262 0.812526 0.944582 0.012258 0.328048 0.729865 0.599286 0.328865 -0.5017 0.861315 -0.0802022 0.110366 0.894842 -0.432524 0.0908148 0.788632 -0.608123 -0.479233 0.794821 -0.372284 -0.822329 -0.44908 0.34943 -0.863812 -0.222011 0.45226 -0.133084 -0.824786 0.549561 -0.0295458 -0.752752 0.657641 -0.409153 0.38716 0.826257 -0.692363 0.506086 0.514306 0.104263 0.260412 0.959851 -0.23962 0.542768 0.804975 -0.655404 0.50589 -0.560822 -0.704575 0.543836 -0.455868 -0.0310731 0.45204 -0.891456 -0.00372083 0.706943 -0.707261 -0.311343 -0.918882 0.242326 -0.210945 -0.957475 0.196836 0.0414889 -0.987056 0.15492 0.0140456 -0.983605 0.179787 -0.52458 -0.456752 -0.718466 -0.209351 -0.658661 -0.72273 -0.00327875 -0.72137 -0.692542 -0.284512 -0.63823 -0.715343 0.0681087 -0.749614 -0.658362 -0.152188 -0.812219 -0.563151 -0.0493193 -0.983566 -0.17368 0.147246 -0.985849 -0.0801323 0.207246 -0.959391 -0.19136 0.0451858 -0.993727 -0.102301 0.243667 -0.752255 -0.612158 -0.0129277 -0.722261 -0.6915 0.275806 -0.939053 0.20521 0.22348 -0.963488 0.147468 0.0861412 -0.99623 -0.0102693 0.0874479 -0.996104 -0.0114126 0.450171 -0.295946 -0.842474 0.130872 -0.617756 -0.775403 0.136031 -0.622467 -0.770733 0.529235 -0.238061 -0.814394 -0.722393 0.637892 0.266912 -0.790333 0.532417 0.303161 -0.642593 -0.00642404 0.766181 -0.928381 -0.125669 0.349738 -0.888075 0.24712 -0.387626 -0.9179 0.101641 -0.383574 -0.224131 -0.436956 0.871111 -0.582808 0.215063 0.783634 0.331485 0.939279 0.0887299 0.560421 0.774407 -0.293634 -0.400491 0.845902 -0.352217 -0.398864 0.899957 0.176024 -0.268167 -0.918996 0.289019 -0.969271 -0.220304 0.109456 -0.987687 -0.150948 0.041108 -0.620689 -0.782395 0.0510214 -0.29085 0.351701 0.889782 -0.646246 0.604278 0.466063 -0.457603 0.32442 0.827859 0.166106 0.220888 0.96105 -0.419928 0.77465 -0.47284 -0.658579 0.471593 -0.586408 0.302394 0.721244 -0.623189 -0.12922 0.906991 -0.400836 0.63085 0.775665 0.0192953 0.60686 0.793914 -0.0377004 0.230511 0.959404 -0.162505 0.469326 0.879856 0.0747401 -0.384959 -0.231207 -0.893504 -0.202403 -0.0778534 -0.976203 -0.0932297 -0.457271 -0.884427 0.11001 -0.0204275 -0.993721 0.270631 -0.263072 -0.926041 -0.0627567 -0.546012 -0.835424 0.677789 0.734874 -0.0237044 0.385659 0.89115 -0.238994 -0.188524 0.93947 -0.286104 0.0355645 0.898251 -0.438041 0.456774 -0.318242 -0.83071 0.196286 -0.382444 -0.902889 -0.604695 -0.755206 0.253 -0.514369 0.17448 -0.839632 0.364945 0.786457 -0.498298 0.364677 0.786742 -0.498043 -0.0932662 -0.593409 -0.799479 0.0488328 -0.488263 -0.87133 -0.651175 0.722192 0.23326 -0.665128 0.541626 0.514049 -0.5227 -0.331118 0.785586 -0.94225 -0.0780912 0.325679 -0.748829 0.63296 -0.196512 -0.79099 0.369202 -0.487878 -0.139738 -0.62722 0.766204 -0.683184 0.264875 0.680515 -0.995728 0.0190228 0.0903517 -0.724769 0.235667 -0.647434 -0.693847 0.232709 -0.681486 -0.98405 -0.167898 0.0587844 -0.109228 0.369977 -0.922597 -0.0235798 0.331401 -0.943195 -0.288957 -0.686014 0.667749 -0.545796 -0.723478 0.422714 0.184257 0.307883 -0.933412 0.285932 0.636663 -0.716172 -0.360699 0.726893 -0.584399 -0.287847 0.740056 -0.607833 0.539125 -0.732096 -0.416389 0.0936234 -0.215401 -0.972027 -0.947439 -0.0603749 -0.314188 -0.919355 0.171044 -0.354302 -0.526185 -0.811463 -0.254278 -0.40663 -0.852304 -0.328984 -0.950485 0.123151 -0.285328 -0.273938 -0.867964 -0.414242 -0.738282 -0.650818 -0.177129 -0.517912 -0.832807 0.195449 -0.960449 -0.0513138 -0.273687 -0.999636 -0.0134415 -0.0233983 -0.375934 -0.925002 -0.0551723 -0.124216 -0.87268 -0.472229 -0.15601 0.802825 0.575442 0.113897 0.855311 0.505441 0.338073 0.821531 0.459122 0.124342 0.867962 0.480813 -0.623018 0.287453 0.727475 -0.462624 0.195226 0.864793 -0.617023 0.253632 0.744952 -0.334183 -0.922389 -0.193699 -0.0185631 -0.730306 -0.682868 -0.164479 -0.901151 0.401091 -0.873418 -0.168299 0.456964 -0.914895 -0.171294 0.365549 -0.610375 0.172534 -0.773094 0.26642 0.211698 -0.940321 0.346862 -0.0675501 -0.93548 0.902145 -0.410501 -0.132756 -0.994136 0.105901 0.0218723 -0.80191 0.442375 -0.401553 -0.330118 0.246032 -0.911313 -0.14989 0.313813 -0.937579 0.93069 0.30599 0.200466 0.41084 -0.769752 0.488562 -0.326911 -0.354044 0.876232 -0.176676 0.0340469 0.98368 0.509232 -0.741483 0.436904 0.63745 0.761522 -0.117225 0.828903 0.553932 0.0779789 0.958233 -0.00304933 0.285971 0.916066 0.359804 0.177097 0.59033 -0.374669 -0.714937 0.203795 -0.417881 -0.885349 0.00659781 -0.30273 -0.953053 -0.151283 -0.0255582 -0.98816 0.487948 -0.285413 0.824892 0.739235 -0.195824 0.644348 0.0747235 -0.136988 0.98775 0.061043 -0.405538 0.912037 0.505814 0.101674 -0.85663 0.310908 0.289698 -0.905213 -0.302268 0.591515 -0.747492 -0.658995 0.594822 -0.46034 0.931044 0.355681 0.0815386 0.949513 0.0166408 0.313286 0.898682 0.231265 0.372675 0.670483 0.723585 -0.163946 0.746451 -0.218465 0.628557 0.76969 -0.178527 0.612948 -0.691414 0.212804 0.690406 -0.660457 0.161504 0.733289 0.0390301 -0.160035 0.98634 -0.131475 -0.0746634 0.988504 0.0521274 -0.30385 0.951293 -0.211221 -0.376207 0.902139 0.0783894 0.201131 0.976423 -0.573225 0.406438 0.711492 -0.497497 0.539345 0.679415 -0.373408 0.364529 0.853045 -0.286475 -0.527282 0.799941 0.838239 -0.100531 0.535956 0.842476 -0.11373 0.526592 0.353312 -0.434142 0.828669 0.0956779 -0.991249 -0.0909431 0.365798 -0.929932 -0.0376769 0.289073 0.242528 -0.926076 0.944066 0.291686 -0.153811 0.71161 -0.0145751 0.702424 0.831853 0.0591435 0.551836 0.28176 0.585994 -0.759752 0.523822 -0.205065 -0.826777 0.197841 0.736538 0.646816 0.561688 0.681892 0.468541 0.475994 0.853398 0.212466 0.317505 0.811638 0.490342 0.112585 0.770872 -0.626961 0.93361 0.121956 -0.336897 0.970822 -0.104792 -0.21569 0.658988 0.514556 -0.548604 -0.0423821 0.975305 -0.216758 0.144657 0.97092 0.190756 -0.511599 0.749739 -0.419712 -0.0177036 0.965552 0.259609 0.589082 -0.586527 0.55585 0.906955 -0.250113 0.338933 -0.235005 -0.779981 0.580001 0.517515 -0.75661 0.399649 0.446496 0.219811 -0.867367 0.169029 0.283396 -0.943989 -0.580289 0.299053 -0.757517 -0.839813 0.238266 -0.487794 0.633189 0.471979 -0.613439 0.996501 -0.0167012 -0.0818991 0.996932 -0.0193055 -0.0758517 0.276681 0.590332 -0.758258 0.917009 -0.301881 0.260696 0.865879 -0.386574 0.317512 -0.868975 -0.0119294 0.494712 -0.791918 -0.0609985 0.607573 -0.200633 0.0208338 0.979445 -0.0216356 -0.0417504 0.998894 0.461628 -0.689473 0.558145 0.0685922 -0.764387 0.641099 0.488994 0.251339 0.835292 -0.618945 0.089249 0.780348 -0.614152 0.217781 0.758543 -0.176431 0.14782 0.97315 0.312773 -0.64005 0.701791 0.962634 -0.228166 0.145862 0.961915 -0.235855 0.138175 0.859992 -0.381831 0.338555 -0.429931 0.365692 0.825487 -0.105763 -0.359548 0.927114 -0.255165 0.561932 -0.786844 0.85174 -0.385647 0.354704 0.435363 -0.37583 0.818053 0.0967289 -0.162382 0.981976 0.364764 -0.0728803 0.928244 0.412344 0.298211 0.860838 -0.157891 -0.8355 0.526317 0.19643 0.356873 0.913267 0.777142 0.328941 0.536515 0.922985 -0.056202 0.380711 -0.87154 -0.462801 -0.161966 -0.793652 -0.590006 -0.148357 -0.465052 -0.857037 0.221842 -0.0749518 -0.987959 0.135352 0.802903 0.450866 -0.389957 0.787431 0.609947 0.088983 0.291059 0.120202 -0.949124 0.100764 0.734542 -0.67104 -0.593759 0.423788 -0.683999 -0.792697 0.287354 -0.537643 0.106218 0.706861 -0.699332 -0.175859 0.736486 -0.653193 -0.458532 -0.845304 0.274246 -0.175191 -0.983831 -0.0372185 0.130989 -0.991298 -0.0130337 -0.0955591 -0.992207 0.07996 0.395571 0.730862 -0.556205 0.846365 0.398925 -0.352882 0.64503 0.57775 -0.500141 0.128884 0.791344 -0.597632 0.863315 -0.410416 0.293675 0.832283 -0.467783 0.297464 -0.0826532 -0.933859 -0.347961 0.226248 -0.97391 -0.0176284 0.48946 -0.871455 0.0315283 0.245212 -0.967641 -0.059511 0.283244 -0.820159 0.497104 0.0782672 -0.861888 0.501021 0.350381 -0.795676 0.494098 0.409971 -0.736041 0.538672 0.105047 -0.994462 -0.00316164 0.0951065 -0.995463 0.0028273 0.563696 -0.797149 0.216334 0.881636 -0.445434 0.155906 0.851069 -0.398183 0.342245 0.620596 -0.749451 0.230615 0.9778 -0.199811 0.0631132 0.721349 -0.667459 -0.184808 0.516395 -0.853809 0.0659228 -0.236032 -0.971738 0.00384559 -0.639891 -0.105739 -0.761156 -0.523919 0.313783 -0.791864 0.939033 0.290999 -0.183131 0.933095 -0.0680629 -0.353132 0.475681 0.694396 0.539946 0.580569 0.559017 -0.591979 0.0849959 0.872796 -0.480627 -0.716307 0.642995 -0.271038 0.392104 0.475649 0.787408 -0.00213164 0.68193 0.731414 0.223837 0.308644 0.924465 0.565173 -0.0219381 0.824681 -0.953645 0.0168741 0.30046 -0.252011 0.376046 0.891672 -0.715679 0.159873 0.679886 -0.161253 0.247862 0.955281 -0.118179 0.778115 0.616904 -0.265158 -2.06009e-05 0.964205 -0.143439 0.632932 0.760803 -0.691744 0.0919129 0.71627 -0.557581 0.0438949 -0.828961 -0.149788 0.378955 -0.913212 -0.900847 0.0935024 -0.423949 -0.959628 -0.00975636 -0.281101 -0.437437 0.313399 -0.84287 -0.00847356 -0.179313 -0.983756 0.0514208 -0.322895 -0.945037 -0.263525 -0.0966811 -0.959796 0.226016 0.0140526 -0.974022 0.10554 -0.277911 -0.954791 -0.936438 -0.0331347 0.349264 -0.945494 -0.0669552 0.31868 -0.450284 0.0350701 0.892196 -0.654843 0.00473393 0.75575 0.60861 0.0869894 -0.788686 0.423169 0.0549106 -0.904386 -0.113624 -0.466097 0.877407 -0.649551 0.121124 0.750608 -0.896133 0.0625112 0.439362 -0.853216 -0.221752 0.472069 0.395029 0.219446 -0.892074 0.201312 -0.12233 -0.971858 0.202465 -0.123108 -0.971521 0.395806 0.196752 -0.897009 -0.564884 0.608545 0.557296 -0.823748 0.48112 0.299937 -0.230552 0.728678 -0.644883 0.0069807 0.982774 -0.18468 0.222964 0.966765 -0.125112 -0.654901 0.215313 -0.724393 -0.51253 0.416068 -0.751133 0.790996 0.105941 0.602579 -0.542038 -0.25632 0.800309 -0.29988 0.199002 0.93299 0.233225 0.20218 -0.951173 0.0366593 0.771124 0.635629 0.354545 0.85016 0.389264 -0.244428 0.614063 0.750454 -0.405217 0.703345 0.584043 -0.383491 -0.848611 -0.364409 -0.599302 -0.56825 -0.563852 -0.221698 -0.438703 -0.870856 -0.113118 -0.945383 -0.305704 -0.418438 0.907214 0.043276 -0.43514 0.894878 -0.0992261 -0.102177 0.974349 -0.200511 0.0131113 0.979804 -0.199529 -0.23803 -0.919609 0.312507 -0.310131 -0.847466 0.430836 0.137908 -0.952551 0.271343 0.150952 -0.967092 0.204807 0.436276 -0.641422 -0.631064 0.287089 -0.83448 -0.470343 0.256942 -0.916322 -0.307141 0.440609 -0.750966 -0.491848 -0.668636 -0.109595 -0.735469 -0.850582 -0.51022 -0.127224 -0.777552 -0.628027 0.0315462 -0.791962 -0.386875 -0.47236 -0.474021 -0.860768 0.185427 -0.251099 -0.965601 -0.0675525 0.583001 -0.786508 -0.203753 0.556603 -0.794686 -0.242214 0.562006 -0.79734 0.219999 0.585762 -0.809001 0.0489914 -0.30778 -0.940192 0.145984 -0.2587 -0.965415 -0.0323743 0.494775 -0.770031 -0.402802 0.797835 -0.58014 -0.164003 0.839202 -0.542767 -0.033827 0.49518 -0.768785 -0.404681 -0.798479 -0.593555 0.100613 -0.721399 -0.628949 0.289838 -0.617229 -0.179228 0.766098 -0.816625 0.355293 0.454853 0.677708 0.49305 0.54554 0.93971 -0.183489 0.288577 0.333707 -0.591486 0.734019 0.231479 -0.948404 0.216674 0.539849 -0.841686 0.0113373 0.980262 -0.164551 0.109589 0.243505 0.144214 0.959118 0.1975 0.729548 0.654793 -0.236775 -0.260863 -0.935889 -0.901748 -0.161368 -0.401013 -0.640837 -0.561954 -0.523006 -0.270998 -0.232547 -0.934067 -0.0328019 0.939962 0.3397 0.361323 0.833319 0.41836 0.353439 0.805806 0.475138 0.0253482 0.890991 0.453313 0.710309 -0.397487 -0.580918 0.526418 -0.269651 -0.806332 0.964778 0.205893 0.163741 0.943712 -0.140234 0.299571 0.185486 0.979777 -0.0750396 0.444583 0.877412 -0.180264 -0.0584392 0.990242 -0.126517 0.155059 0.948589 -0.275927 0.905985 0.123025 0.405039 0.925777 0.140161 0.35113 0.385578 0.0622203 0.920575 0.325312 0.0485805 0.944358 0.933426 -0.291637 0.208958 0.764728 -0.0250557 -0.643865 0.854353 -0.104572 -0.509064 0.924467 -0.285489 0.252698 -0.149496 0.266515 -0.952166 -0.401087 0.517959 -0.755545 -0.481879 0.0304529 0.875708 -0.951787 0.114855 0.284447 -0.96858 0.0392447 -0.245585 -0.95204 0.16144 -0.259918 -0.751913 0.550717 -0.362405 -0.731489 0.645921 -0.218427 -0.882682 -0.263565 -0.38911 -0.73969 -0.0260303 0.672444 -0.00700185 0.349996 0.936725 0.030765 0.215571 0.976003 0.0097172 0.226762 -0.973902 0.340546 0.0685954 -0.937722 0.359222 0.250634 -0.898967 0.0634773 0.283454 -0.956883 -0.363929 -0.231178 -0.902282 -0.821042 0.344667 -0.455077 -0.672417 0.446298 -0.590486 -0.181391 0.981324 -0.0640394 -0.452367 0.891723 0.0139085 -0.939893 0.313836 0.134566 0.466654 -0.397992 -0.789833 0.382165 -0.367674 -0.847801 0.262568 0.923635 0.279204 -0.169724 0.980257 0.101442 -0.418174 0.901442 -0.111951 -0.346503 0.937858 0.0189068 0.0695933 -0.77647 0.626299 0.0881155 -0.992224 0.0879016 0.462262 -0.886513 0.0202392 0.390412 -0.821438 0.415714 -0.306314 0.777642 -0.549041 -0.121302 0.841779 -0.526018 0.132343 0.547813 -0.826066 0.233038 0.65154 -0.721934 -0.0751502 -0.995498 0.0577657 -0.359729 -0.880329 -0.309218 -0.333015 -0.927111 0.171949 -0.575914 -0.814577 -0.0691993 0.390448 0.229367 0.891595 0.392703 0.251831 0.884514 -0.60914 -0.010628 0.792991 -0.550519 0.0242403 0.834471 0.458506 -0.604704 0.651234 0.803956 -0.531004 0.267748 0.729284 -0.66579 0.157699 0.4732 -0.648723 0.59602 0.570682 -0.415125 -0.708515 0.243385 -0.388442 -0.88875 -0.833084 -0.531855 -0.151991 -0.933174 -0.344012 0.104121 -0.591585 -0.685206 -0.424877 -0.4215 -0.741559 -0.521945 -0.380896 -0.168988 -0.909044 -0.371834 -0.262832 -0.890314 0.214994 0.652119 0.726992 -0.895892 -0.214386 0.389122 -0.858363 -0.276301 0.432286 -0.0372391 0.540588 0.840462 0.790446 -0.474768 -0.387028 0.700674 -0.697694 -0.149265 0.612047 -0.769984 -0.180342 0.766583 -0.550782 -0.330136 0.120457 0.889636 0.440498 0.144115 0.325696 0.934426 0.319098 0.332685 0.88741 -0.166255 -0.245656 0.954994 0.446818 -0.353118 0.821986 0.674849 -0.283242 0.681434 -0.553123 0.746851 0.369145 -0.216763 0.955726 0.199001 0.700105 -0.609943 -0.371245 0.0570825 -0.111251 -0.992152 0.20784 -0.147877 -0.96692 0.745199 -0.552073 -0.374023 -0.689686 0.135765 -0.711267 -0.810565 0.251989 -0.528664 -0.0254241 -0.368423 -0.929311 0.000457957 -0.189097 -0.981958 0.667488 -0.593384 0.449839 0.368271 -0.696477 0.61587 -0.524827 -0.172654 0.833515 -0.137686 -0.762613 0.632032 -0.887719 0.295367 0.353147 -0.8472 0.499678 0.180481 -0.484191 0.149634 0.862073 -0.352394 0.510342 0.784455 0.220885 0.525193 0.821816 0.166443 0.646096 0.744887 -0.0188978 0.793939 0.607703 0.0648486 0.851679 0.520036 -0.71491 -0.568015 0.407753 -0.404428 -0.830315 0.383426 -0.143678 -0.988552 0.0460657 -0.737566 -0.518455 0.432666 -0.00824334 -0.977078 0.212724 -0.115433 -0.9481 -0.296278 0.160596 0.852407 0.497606 0.077344 0.878465 0.471505 -0.289381 0.808517 0.512405 -0.0134332 0.839983 0.542446 0.111558 -0.993207 0.0330829 -0.0869799 -0.948385 -0.304959 0.129076 -0.85676 0.499301 -0.236907 -0.237861 0.941965 -0.164981 0.744988 0.646355 -0.100035 0.73343 0.672364 -0.27218 -0.220795 0.936572 -0.183256 -0.825063 0.534498 -0.125134 -0.991905 -0.0215745 -0.0999697 -0.994814 -0.0187165 0.495675 -0.865308 0.0744836 0.626892 -0.769119 0.124347 -0.0843416 0.665695 -0.741442 -0.674767 0.491854 -0.550245 -0.958 0.14368 0.248178 -0.992005 -0.114277 0.0535384 -0.753797 -0.0300419 -0.65642 -0.798353 -0.446704 -0.403842 0.43999 -0.499495 0.746266 0.334491 -0.375777 0.864238 0.306283 -0.0435387 0.950944 -0.0934418 -0.995301 -0.0253754 -0.156716 -0.978506 0.134038 -0.532598 -0.515063 0.671603 -0.578957 -0.774453 0.255011 -0.290636 -0.498049 0.816993 0.271669 -0.451246 0.850043 -0.683284 -0.382824 0.621747 -0.905859 -0.22114 0.361272 -0.434825 -0.752483 -0.494668 -0.176715 -0.856813 -0.484399 0.219912 -0.894816 -0.388513 0.0352866 -0.830113 -0.556478 0.712669 -0.632836 0.302689 0.820734 -0.506049 0.26516 0.694064 -0.526123 -0.491396 0.842734 -0.109217 -0.527135 0.542163 0.507838 -0.669447 0.514008 0.673251 -0.531535 0.627995 0.740094 -0.240589 0.610463 0.760028 -0.222915 -0.578018 0.723345 -0.377714 -0.55683 0.792014 -0.25031 -0.395867 0.907889 -0.137935 -0.414931 0.897465 -0.149627 -0.644931 0.763935 0.0216343 -0.594166 0.793394 -0.132262 0.324028 0.939444 -0.11158 0.480142 0.87719 0.000813097 0.569181 0.795766 0.206857 0.571458 0.818927 0.0528617 -0.629098 0.451322 0.632886 -0.67818 0.60086 0.42313 0.812223 0.582005 -0.0395487 0.743851 0.663187 -0.0828754 0.659525 0.738948 -0.137776 0.663536 0.740973 -0.103336 -0.592086 -0.324526 0.737643 -0.843323 0.0804685 0.531348 -0.717387 0.167024 0.676357 -0.297863 -0.225056 0.9277 0.399441 -0.689663 -0.603996 0.478775 -0.0648296 -0.875541 -0.436551 0.0853853 0.895618 -0.232 -0.293007 0.927536 0.327514 -0.73144 0.598105 0.371026 -0.640883 0.672018 0.973193 -0.204119 -0.105974 0.679107 -0.657508 -0.326337 -0.99953 0.00077118 0.0306394 -0.785092 0.516239 0.34224 -0.90803 0.405983 -0.103245 -0.569603 0.181754 -0.801572 -0.0775025 -0.532354 0.842967 0.484273 0.00186734 0.874915 -0.359478 -0.370366 0.856507 -0.514107 -0.470965 0.716858 0.138791 0.568873 -0.810629 -0.104867 0.792194 -0.601191 0.572845 0.765464 -0.293111 0.521825 0.835037 -0.174388 0.975203 -0.128278 0.180342 0.892691 0.361763 0.268758 0.61804 -0.265448 -0.739976 0.785637 0.274786 -0.554317 -0.650782 -0.188159 0.735581 -0.59394 -0.281931 0.753492 -0.722689 -0.690982 0.0162823 -0.656495 -0.715447 -0.239061 0.433614 0.331257 -0.838002 -0.206836 -0.182704 -0.961165 0.354199 0.14559 -0.923768 0.557357 0.332953 -0.760589 -0.671398 -0.60819 -0.423474 -0.634161 -0.612621 -0.471736 0.0314608 -0.748262 -0.662657 0.0465235 -0.774962 -0.630293 0.471533 -0.721578 -0.506934 0.402662 -0.80283 -0.43969 -0.580073 -0.757174 0.300337 -0.546866 -0.74597 0.380088 -0.419436 -0.756739 -0.501417 -0.350477 -0.728404 -0.588722 -0.329264 -0.690509 -0.644036 -0.333456 -0.736212 -0.588897 -0.597903 -0.576867 -0.556539 -0.527425 -0.739656 -0.418009 -0.34895 -0.731876 -0.585313 -0.494343 -0.645307 -0.582412 -0.736144 -0.667242 0.113489 -0.665596 -0.57364 0.477409 -0.297647 0.212552 0.930714 0.0177881 -0.0923986 0.995563 0.877519 -0.385833 0.284768 -0.674802 0.725157 0.137073 -0.818617 0.479178 -0.31663 -0.81991 0.423052 -0.385714 -0.847137 0.404039 -0.345125 -0.763118 0.568009 -0.308248 0.74763 -0.462862 0.476243 -0.0766011 0.760014 -0.645377 0.279731 0.831189 -0.480494 0.456954 0.794567 -0.399821 0.283729 0.841423 -0.459897 -0.0420098 0.871766 -0.488118 -0.450939 0.738573 -0.501163 -0.506065 0.3692 -0.77948 0.181864 0.625293 -0.758904 0.190717 0.941686 0.277226 0.42618 0.890361 0.16009 -0.147668 0.939548 0.30894 0.00709173 0.614936 0.788545 -0.518056 0.748268 0.414383 -0.954649 0.297509 -0.0115731 -0.101619 0.88088 0.462303 -0.602707 0.746679 0.281453 -0.34488 -0.932507 0.107186 -0.18223 -0.9766 0.114214 -0.0691214 -0.98876 0.132573 -0.257118 -0.962871 0.0822721 -0.244328 -0.486714 -0.838697 -0.896772 -0.24651 -0.367469 -0.935315 -0.18355 -0.302482 -0.377634 -0.485106 -0.788711 -0.942062 0.172756 0.287533 -0.819554 0.444222 0.361937 -0.312349 -0.930328 -0.192165 -0.255295 -0.924403 -0.28338 0.079912 -0.658819 -0.748045 0.093868 -0.766521 -0.635322 -0.456416 0.760875 0.461252 -0.241423 0.868988 0.431942 -0.648637 -0.736911 -0.190349 -0.307774 -0.951159 0.0239143 -0.31395 -0.948674 0.0381238 -0.6768 -0.717611 -0.164244 -0.442421 -0.525014 -0.727065 -0.593736 -0.626437 -0.505029 -0.96341 -0.0833663 -0.254739 -0.973623 -0.124483 -0.191214 -0.10345 0.639933 -0.761436 -0.50894 -0.120627 -0.852308 -0.655962 0.448624 0.607 -0.480943 0.82571 0.294783 -0.322856 0.573439 0.752949 0.128175 0.203935 0.970558 0.341043 0.229066 -0.911712 0.320094 0.874236 -0.365036 0.00673914 -0.99501 -0.0995463 0.262053 -0.949585 0.172092 0.387001 -0.813666 0.433795 0.00384624 -0.991549 0.129677 0.105204 -0.79436 0.598268 0.766694 -0.587642 0.258568 0.871987 -0.449804 0.193172 0.31909 -0.784336 0.531977 0.0826475 -0.984707 -0.153367 0.0170287 -0.887036 -0.461386 0.601445 -0.428887 -0.674032 -0.336436 -0.908321 -0.248523 0.614908 -0.699832 -0.363488 0.544005 -0.363305 -0.756352 0.59725 -0.782268 -0.177057 -0.242476 -0.639867 -0.729229 -0.0931572 0.629818 -0.771136 -0.242616 0.400425 -0.883627 0.0581101 0.838867 -0.541226 0.14974 0.966207 -0.209815 0.0534842 -0.595272 0.801743 0.631757 0.115562 0.766504 0.633178 0.217356 0.742861 0.236588 -0.396167 0.887174 0.636585 0.742721 0.207664 0.535604 0.833875 0.133341 -0.281544 0.953655 0.106181 -0.028191 0.9747 -0.221731 0.307802 0.848674 -0.430129 0.0948943 0.935856 -0.339364 0.344923 0.936301 0.0661034 0.174066 0.984664 -0.0117488 0.118631 0.114171 -0.986353 0.0964495 0.725677 -0.681242 0.0508941 0.726797 -0.684964 0.0935302 0.0728568 -0.992947 0.814336 0.101712 0.571412 0.789438 0.120947 0.601797 0.689941 0.430632 0.58184 0.765907 0.412203 0.493432 0.0345259 -0.84791 -0.529014 -0.281043 -0.618101 -0.734143 -0.165562 -0.408609 0.897568 0.622258 -0.599348 0.503564 0.555715 -0.64598 0.523346 0.415027 -0.330764 0.847554 -0.0448936 0.335913 -0.940823 -0.0812621 -0.441498 -0.893575 -0.910951 -0.181539 -0.370421 -0.702022 -0.398395 -0.590293 -0.387333 -0.322955 -0.863524 -0.37866 -0.240497 -0.893744 0.213121 -0.96476 0.15433 0.224549 -0.8837 -0.410673 -0.0149127 -0.584404 -0.811326 0.320027 -0.875679 -0.36162 0.54395 -0.311206 -0.779275 0.785751 -0.307029 -0.536962 0.922264 -0.386297 0.0142651 0.850739 -0.347781 0.394071 -0.453222 -0.795135 -0.402926 -0.738618 -0.544001 -0.398129 -0.376159 -0.926374 0.0183315 -0.746946 -0.588429 0.309552 0.350459 -0.87124 -0.343685 0.365168 -0.867754 -0.33713 0.232422 -0.953542 -0.191671 0.225749 -0.95315 -0.201353 -0.172711 -0.805304 -0.567148 -0.289564 -0.670011 -0.683547 -0.335138 -0.824046 -0.456761 -0.267584 -0.811254 -0.51987 -0.721374 -0.3979 -0.566829 -0.860994 -0.248079 -0.44401 0.3948 -0.90494 -0.158795 0.305263 -0.927606 -0.215318 0.467735 -0.850532 0.240456 0.306232 -0.929584 -0.205174 -0.923214 -0.305975 0.232499 -0.364465 -0.930869 0.0254462 -0.688886 -0.616525 -0.381225 0.735843 0.48524 0.472311 0.880149 0.462351 -0.10756 0.905538 0.355121 -0.232143 0.372371 -0.896624 -0.239592 0.373082 -0.89701 -0.23703 -0.493731 -0.67668 -0.5462 -0.794019 -0.348194 -0.498292 -0.737597 -0.408507 -0.537655 -0.486918 -0.664053 -0.567402 -0.569 -0.109562 -0.815006 -0.631933 0.423834 -0.648865 0.6005 -0.794632 -0.0892125 0.839621 -0.268859 0.471965 0.427176 -0.859596 -0.280383 0.733945 -0.556453 -0.389468 0.603996 -0.577604 -0.549147 0.488243 -0.628603 -0.605373 -0.550859 0.051948 -0.83298 -0.983996 -0.0513769 0.170624 -0.90503 -0.403314 0.135122 -0.668549 -0.149234 -0.72854 0.80647 0.544344 -0.23086 0.21584 0.399645 -0.890897 0.592403 0.1488 -0.791781 0.942481 0.224045 -0.248058 0.589917 -0.0672833 -0.804655 0.465453 -0.403679 -0.787653 0.918629 -0.290529 -0.267793 0.841534 -0.504837 0.192253 -0.469672 0.235037 -0.850979 -0.623568 0.397785 -0.673001 -0.889469 0.428067 -0.16001 -0.745476 0.640262 0.185284 0.531664 0.813307 0.236359 0.547742 0.79429 0.262833 0.333507 0.42699 0.840507 0.5306 0.321751 0.784181 0.896307 -0.130135 -0.42391 0.587903 0.133171 -0.797894 0.698186 0.114995 -0.70662 0.937953 -0.0803105 -0.337334 -0.603605 0.432269 -0.669929 -0.911856 0.364966 -0.187934 -0.561025 -0.0255363 0.827405 -0.828227 0.0318622 0.559486 -0.950645 -0.055298 0.305314 -0.950964 -0.0204202 0.308627 -0.834347 0.503569 0.224242 0.856844 0.452472 -0.247157 0.978372 -0.0125894 0.206469 0.495278 -0.58687 0.640533 -0.0858369 0.440341 0.893718 -0.0359176 0.383404 0.922882 0.253242 0.377156 0.890855 0.284984 0.605608 0.742982 0.750438 0.0627297 -0.657957 0.855211 -0.376739 -0.355923 0.454628 0.044488 -0.88957 0.493227 0.118673 -0.861768 -0.496183 -0.0445614 -0.867073 -0.447291 0.430255 -0.784099 0.402767 0.544411 -0.735796 0.194936 0.323809 -0.925823 -0.647258 0.0712509 -0.758934 0.0610015 -0.996931 0.0490732 0.305965 -0.947214 0.0957672 0.977216 0.0943389 0.190131 -0.470947 0.830222 0.298229 -0.483536 0.675103 0.557162 -0.45201 0.45844 0.765193 0.483583 -0.675063 -0.557169 0.472819 -0.829392 -0.297575 -0.910516 -0.308456 -0.275346 -0.294649 0.864631 -0.406934 -0.20489 0.899144 -0.38673 -0.786816 0.583415 -0.201365 -0.352647 0.825384 -0.440886 0.230286 0.915108 -0.330977 0.382916 0.917111 -0.110826 -0.0506337 0.996211 0.0707121 -0.101979 0.944561 -0.312098 -0.205166 0.784059 -0.585797 0.00127979 0.716649 -0.697432 -0.133101 0.752526 -0.644972 0.0678079 0.950634 -0.302814 0.0077278 0.787124 -0.616746 0.306057 0.547102 -0.779108 -0.294962 0.729626 -0.616963 -0.219059 0.714307 -0.664664 -0.769556 0.608512 -0.193641 -0.510781 0.775174 -0.371762 -0.262823 0.76598 -0.586684 -0.329579 0.785827 -0.52331 0.708155 0.64664 0.283501 0.761826 0.476736 -0.438571 0.754854 0.485638 -0.440854 0.707558 0.678028 0.199099 0.205877 0.221635 -0.953149 -0.084732 0.297446 -0.950971 -0.239896 0.790933 -0.562917 -0.221675 0.865901 -0.448414 -0.368888 0.763788 -0.529669 -0.22343 0.71216 -0.665512 -0.61203 0.424266 -0.667396 -0.72007 0.506429 -0.474371 -0.423312 -0.382362 -0.821344 -0.369585 -0.572888 -0.731578 -0.443915 0.210655 -0.870956 -0.446593 0.210649 -0.869587 0.41093 0.320538 -0.853459 0.259038 0.293176 -0.920298 0.236982 0.198657 -0.950986 0.309114 0.273521 -0.910843 0.161632 0.938935 -0.303769 0.912214 0.406697 0.0496208 -0.31018 -0.124204 -0.94253 -0.281344 0.593113 -0.754362 -0.510553 0.569593 -0.644127 -0.991116 -0.0534213 -0.121802 0.619521 0.519933 0.588101 0.108842 0.9752 -0.192715 -0.239678 -0.951188 0.19441 -0.331455 -0.885462 0.325722 -0.872458 -0.393701 0.28951 -0.416536 -0.901449 -0.117846 -0.0206785 0.86386 -0.503307 -0.254617 0.294918 -0.920975 0.235826 0.0714916 -0.969162 -0.0372438 0.628381 -0.777014 0.123171 -0.972008 -0.200072 0.216046 -0.844207 0.490549 0.572353 -0.805666 0.152691 0.0830089 -0.517946 0.851376 -0.0814566 0.98406 0.158087 -0.867412 0.438303 0.235556 0.44425 0.871287 0.20857 -0.335988 0.900312 0.276676 0.905628 0.417544 -0.0741271 0.509964 0.850907 0.12607 -0.013594 0.992562 -0.120974 0.481778 0.875649 0.0335857 -0.872917 -0.415299 -0.256013 -0.991727 -0.0347655 0.123563 -0.994313 -0.0630674 0.085816 -0.505607 -0.662651 -0.552499 -0.809538 0.364217 0.460429 -0.801238 0.415247 0.430799 0.0156616 0.979949 -0.198634 0.090541 0.974288 0.206315 -0.259318 0.888209 0.379261 -0.146743 0.989033 0.0167493 -0.157911 0.852596 0.498141 0.161746 0.899725 0.40538 0.225868 -0.491485 0.841086 0.0916229 0.967735 0.234722 0.140111 0.965977 0.217386 0.318988 -0.453042 0.832466 -0.989412 -0.00762463 0.144932 -0.984661 0.035007 0.170929 -0.985221 0.0388374 0.166829 -0.989111 -0.00130249 0.147168 0.354557 -0.791987 0.497037 0.859449 -0.414285 0.299524 -0.312631 0.783624 0.536839 -0.0248839 0.994111 0.105468 0.150535 0.822415 0.548609 0.438123 0.197703 0.876905 0.357169 0.179016 0.916724 0.414786 -0.593155 0.690015 -0.614603 0.708902 0.346008 -0.838933 0.543001 0.0366292 -0.888672 0.31497 -0.333252 -0.655009 0.366012 -0.661059 -0.476997 -0.731891 -0.486631 -0.302467 0.675644 0.672324 -0.925851 0.228303 0.301126 -0.728857 0.461303 0.505931 0.244164 0.575306 -0.780645 0.140055 0.404329 -0.903827 0.151864 0.731431 -0.664791 0.803723 0.502081 -0.319289 0.232527 0.818686 -0.525057 0.33074 0.779747 0.531606 0.0412157 0.435389 0.899298 0.44566 0.786187 0.428132 0.192895 0.956675 0.218093 0.857871 0.257736 -0.444554 -0.731641 -0.329857 0.596569 -0.801107 -0.398141 0.446891 -0.856181 -0.505838 -0.105271 -0.867578 -0.497028 -0.0164508 -0.20732 -0.748767 0.629577 0.483041 -0.0419422 0.874592 -0.0353009 -0.59478 0.803113 -0.320225 -0.84572 0.426865 0.884478 0.238718 0.400889 0.876822 0.189425 0.441929 0.131074 -0.138203 -0.981692 0.0766332 -0.150413 -0.985649 0.85301 -0.0252245 -0.521285 0.857352 0.0478569 -0.512501 0.83644 0.39886 -0.375871 0.774094 0.390461 -0.498316 0.0514988 -0.820174 -0.569791 0.533996 -0.693948 -0.482996 0.669706 -0.196892 -0.71605 0.246757 -0.710093 -0.659454 0.752733 0.428595 0.4997 0.745143 0.436858 0.503902 0.751327 0.530415 0.392642 0.755928 0.641338 0.131371 -0.798776 0.557082 -0.227192 -0.0408937 0.215013 0.975755 0.807263 0.00494778 0.590171 -0.619529 0.7016 0.352053 0.853113 0.419132 0.310687 0.93908 0.32838 -0.101462 0.990396 -0.138088 0.00692539 -0.611823 0.194351 -0.766746 -0.499208 0.478075 -0.722659 0.11782 0.955039 0.272064 -0.267586 0.675773 0.686825 -0.46487 0.67002 0.578765 -0.252613 0.896424 0.364157 0.0576046 -0.960804 -0.271176 -0.201909 -0.972106 -0.119343 -0.505072 -0.853823 -0.126048 -0.316541 -0.680248 -0.661109 -0.52997 0.837681 -0.131995 -0.29213 0.956251 -0.0156393 -0.102309 0.959019 -0.264227 0.0203284 0.999467 -0.0255545 0.130399 -0.935047 0.32967 0.0893883 -0.924485 0.370591 0.534456 -0.842723 0.064615 0.306302 -0.92643 0.218874 -0.998141 0.00878876 0.0603097 -0.983298 -0.0661827 0.169543 -0.71869 0.580418 -0.382884 -0.74039 0.465143 -0.485247 -0.593331 -0.585476 -0.552428 -0.473836 -0.854838 -0.211495 -0.457338 -0.87492 -0.159239 -0.587164 -0.68052 -0.438328 -0.403792 -0.905838 -0.128102 -0.432362 -0.847466 -0.308002 -0.112767 0.82049 -0.560428 0.0153555 0.941326 -0.337148 0.121142 0.946321 -0.299668 0.178402 0.98158 -0.0683677 -0.521145 -0.789694 0.323716 -0.38945 -0.912831 0.122755 -0.591085 0.535609 -0.60311 -0.630202 0.513892 -0.582031 -0.511539 0.676642 -0.529607 -0.501854 0.665351 -0.552676 -0.701832 -0.711549 0.0336162 -0.694251 -0.718088 0.0486331 -0.79879 0.187869 0.571524 -0.804238 0.307054 0.508842 0.524745 0.84051 0.134853 0.959733 0.216855 -0.178567 0.704943 -0.47213 0.529291 0.457275 -0.873558 0.166718 0.738308 -0.669471 -0.0819124 0.954432 0.0521596 -0.293834 0.754559 0.243074 0.609554 0.378543 0.810047 0.447806 -0.312879 -0.940187 0.134741 -0.707188 -0.307477 0.636665 -0.903994 -0.376539 -0.202516 -0.492467 -0.84509 -0.208085 -0.855834 -0.385088 0.345334 -0.293116 -0.493065 0.819128 0.122701 -0.502248 0.855974 -0.386507 -0.620696 0.682165 -0.195725 -0.566382 -0.800564 -0.0480369 -0.781027 -0.622647 0.154265 -0.798039 -0.582526 0.382661 -0.829289 -0.407248 0.768669 -0.559224 0.310509 0.847809 -0.406352 0.340732 0.504171 -0.746235 -0.434678 0.794141 -0.238977 -0.558776 0.64482 0.3869 -0.659178 0.61533 0.512318 -0.599082 0.750702 0.643479 -0.149607 0.761337 0.633912 -0.136096 0.415934 -0.829913 0.371811 0.389917 -0.871881 0.296292 0.33892 -0.911734 0.232108 0.319813 -0.925151 0.204486 0.657784 -0.751807 0.0458861 0.63844 -0.767934 0.0516768 0.326112 0.945288 0.00904165 0.492063 0.843317 0.216082 0.438737 0.844507 0.307113 0.347335 0.931888 0.104614 0.599341 -0.501292 -0.624097 0.631804 -0.541459 -0.554658 0.646215 0.762886 -0.020243 0.951986 -0.0629982 -0.299588 0.913352 0.165175 -0.372163 0.657356 0.753492 0.0115452 0.867052 0.142156 -0.477506 0.885853 -0.109541 -0.450849 0.652576 -0.757413 0.021669 0.673055 -0.73763 0.0538351 0.0670221 -0.764897 -0.640657 0.0818464 -0.329337 -0.940658 -0.585249 0.0398716 0.809873 -0.298637 -0.343362 0.89046 0.281497 -0.664253 0.692479 0.0952369 -0.616693 0.781422 0.988507 -0.141827 -0.0523385 0.699083 -0.580797 -0.417082 0.272782 0.705642 -0.653957 0.0143875 0.751752 -0.659289 0.123705 0.689062 -0.714066 0.696897 -0.0692069 -0.713824 0.78851 -0.461124 -0.406961 0.532423 -0.635018 -0.559713 0.988363 -0.0107801 -0.151733 0.929712 0.33725 0.14798 0.687976 0.611452 0.390916 0.47818 0.862725 -0.164466 0.105362 0.885626 0.452288 0.0558141 0.988299 -0.14195 -0.0698804 -0.775422 -0.627565 -0.056663 -0.781 -0.621955 -0.614562 -0.78514 0.076609 -0.468302 -0.727575 -0.501327 -0.680402 -0.457486 0.572503 -0.521227 -0.766771 0.374679 -0.575753 -0.730331 0.367594 -0.938453 -0.190997 0.287795 0.375801 0.621436 -0.687453 -0.104349 0.588569 -0.801684 0.331201 0.804154 -0.493601 0.365499 0.850545 -0.378133 -0.574802 0.694004 -0.433544 -0.34353 0.666491 -0.661647 -0.977361 -0.203579 0.057633 -0.907206 -0.353274 0.228418 -0.92646 -0.101249 -0.362519 -0.948777 -0.0958452 -0.301058 -0.802053 0.597196 0.00821887 -0.724564 0.684702 -0.0786734 -0.840124 -0.42139 0.341502 -0.967522 -0.191937 0.164501 -0.981554 -0.13706 0.13329 -0.840171 -0.41703 0.346697 -0.853484 -0.484824 -0.191077 -0.729096 0.298171 -0.616047 -0.708668 0.614671 -0.346366 -0.976823 -0.0698349 0.202338 -0.863826 -0.0263741 -0.503099 -0.641517 0.764512 -0.0630587 -0.904186 0.420452 0.0752806 0.467794 -0.720982 -0.511228 -0.163393 -0.759204 -0.63001 -0.881175 -0.0717864 0.467309 -0.225899 0.675225 -0.702169 -0.455061 0.0984345 -0.885003 -0.069436 -0.986367 0.149191 -0.127763 -0.873855 -0.469099 0.0816227 -0.982797 -0.165672 0.00273709 -0.979397 0.201928 -0.0462585 0.9989 -0.00764587 0.322176 0.946499 -0.0184856 0.792238 0.552966 -0.258047 0.525816 0.837585 0.148219 0.33255 -0.942886 0.0193922 0.225108 -0.964689 0.136754 0.0647586 -0.937642 0.341518 0.379867 -0.85745 0.347104 0.0914708 0.906556 -0.412054 -0.0161023 0.590675 -0.806749 -0.113217 0.953798 -0.278299 -0.350347 0.834278 -0.42572 -0.435231 0.572329 0.694992 -0.373359 0.617192 0.692587 -0.636008 0.76578 0.0952578 -0.634148 0.765771 0.10701 -0.844752 -0.226761 0.484741 -0.525223 -0.434905 0.731436 -0.36996 -0.646603 0.667109 -0.781239 -0.273921 0.560922 -0.230493 -0.536922 0.811534 -0.28919 -0.729951 0.619307 -0.539716 0.778569 -0.320214 -0.330411 0.840114 -0.430158 -0.335792 0.821417 -0.460997 -0.220873 0.855881 -0.467635 0.0614657 -0.47659 0.876974 0.0333803 -0.466105 0.8841 -0.19185 0.222657 0.955833 -0.609076 0.67147 0.422084 -0.609263 0.671317 0.422057 -0.272818 0.176576 0.945723 -0.684555 -0.241114 0.687931 -0.672383 -0.209844 0.709836 -0.4629 -0.557916 0.688806 -0.466659 -0.559904 0.684644 -0.181716 -0.665217 0.7242 -0.0445446 -0.0349653 0.998395 -0.734627 0.295081 0.610942 -0.231678 0.868331 0.438549 -0.1145 0.904562 0.410678 0.12322 0.543541 0.830289 -0.473985 -0.584467 -0.658587 0.121943 0.440511 -0.889427 0.326549 0.279591 0.902881 -0.25976 -0.59466 0.760858 -0.408503 0.337431 0.848095 -0.673932 0.585065 0.451126 -0.066946 0.132142 0.988967 -0.206729 0.467682 0.859382 -0.735568 0.508042 0.448144 0.273492 0.920583 0.278798 0.408682 0.852304 0.32643 0.0855742 0.715988 0.692848 -0.183997 0.910738 0.369732 -0.426832 0.773505 -0.468513 -0.585627 0.522147 -0.620003 -0.0325317 0.0430353 -0.998544 0.269483 0.16662 -0.948481 0.672833 0.705188 -0.223619 0.85909 0.398574 0.321097 0.343546 0.820969 -0.456055 0.80477 0.568585 -0.170458 -0.0088236 -0.754845 0.655843 -0.0106675 -0.747179 0.664538 -0.309838 -0.808713 0.499984 -0.292944 -0.791732 0.536045 0.204874 -0.427283 -0.8806 -0.194105 -0.60749 -0.770246 -0.220284 -0.535999 -0.814972 0.240628 -0.43997 -0.865173 -0.0721803 -0.611871 -0.787658 -0.0565049 -0.527581 -0.847624 -0.360986 -0.789654 0.496121 -0.369553 -0.795412 0.480365 -0.53456 -0.532292 0.656438 -0.569809 -0.44022 0.693919 -0.288671 -0.137723 -0.947471 -0.349836 -0.0665259 -0.934446 0.0158385 -0.456068 0.889804 -0.353189 -0.852532 0.385288 -0.353339 -0.85246 0.385309 -0.0525279 -0.401614 0.914301 0.01283 -0.34124 -0.939889 0.316805 0.23902 -0.91788 0.341372 0.203128 -0.917717 0.0138882 -0.341815 -0.939665 -0.748916 0.403076 0.525979 -0.616159 -0.305672 0.725887 0.806976 0.369792 -0.460481 0.530569 0.819173 -0.217835 0.544733 0.611185 -0.574212 0.183003 0.125015 -0.975131 -0.522678 0.74643 -0.411886 -0.654101 0.674073 -0.343186 </float_array>
          <technique_common>
            <accessor count="1847" offset="0" source="#meshId0-bitangents-array" stride="3">
              <param name="X" type="float" />
              <param name="Y" type="float" />
              <param name="Z" type="float" />
            </accessor>
          </technique_common>
        </source>
        <source id="meshId0-tex0" name="meshId0-tex0">
          <float_array id="meshId0-tex0-array" count="3694"> 0.300734 0.717262 0.295217 0.721285 0.293687 0.717961 0.297438 0.713203 0.31091 0.76188 0.307717 0.763568 0.304194 0.760222 0.305379 0.756758 0.306308 0.714152 0.302045 0.708787 0.306376 0.704959 0.31426 0.708429 0.316392 0.767576 0.309846 0.768988 0.322188 0.775414 0.312548 0.775651 0.0642632 0.73648 0.0828363 0.741157 0.0758428 0.74136 0.0646366 0.741384 0.0655774 0.181551 0.0625591 0.178748 0.0742075 0.169753 0.078651 0.167512 0.0606518 0.174119 0.0734659 0.167241 0.0640357 0.746432 0.0756331 0.744405 0.0825843 0.743863 0.0641474 0.750816 0.0580317 0.16898 0.0768917 0.164602 0.0758428 0.74136 0.0828363 0.741157 0.0825843 0.743863 0.0756331 0.744405 0.0742075 0.169753 0.0734659 0.167241 0.0768917 0.164602 0.078651 0.167512 0.30826 0.721959 0.311778 0.730444 0.324592 0.752991 0.318619 0.76017 0.323072 0.7642 0.331989 0.761876 0.319932 0.722513 0.313188 0.717441 0.306308 0.714152 0.313188 0.717441 0.319932 0.722513 0.017772 0.727587 0.0185687 0.736254 0.0136215 0.735484 0.0135568 0.728247 0.0462631 0.563175 0.039712 0.560008 0.0422235 0.556628 0.046455 0.557525 0.019291 0.722552 0.013002 0.722086 0.0136916 0.71619 0.0208048 0.713965 0.0345305 0.555885 0.0384366 0.552682 0.0290905 0.548711 0.0365914 0.547355 0.071184 0.0566663 0.0685387 0.0435377 0.0718279 0.0469151 0.0774323 0.054145 0.0791662 0.651554 0.0767593 0.648745 0.0876802 0.644687 0.0907445 0.645475 0.0760436 0.644282 0.0873119 0.642666 0.0810105 0.0503631 0.0741169 0.0450472 0.0837225 0.045888 0.0717138 0.0415208 0.0769836 0.638915 0.0891315 0.641771 0.0685387 0.0435377 0.0717138 0.0415208 0.0741169 0.0450472 0.0718279 0.0469151 0.0907445 0.645475 0.0876802 0.644687 0.0873119 0.642666 0.0891315 0.641771 0.024938 0.726967 0.0325605 0.730713 0.0316372 0.568365 0.0348615 0.560923 0.0317515 0.55878 0.0235089 0.560053 0.0320076 0.718897 0.0245331 0.720338 0.019291 0.722552 0.0245331 0.720338 0.0320076 0.718897 0.291398 0.853037 0.297048 0.845677 0.298515 0.850619 0.29469 0.855393 0.0309911 0.172623 0.0336713 0.166993 0.0380905 0.168861 0.037952 0.174799 0.286192 0.85774 0.29182 0.860726 0.289383 0.865793 0.28179 0.865269 0.0244069 0.16901 0.0290993 0.164617 0.0185973 0.160175 0.0263759 0.160099 0.0835486 0.748488 0.0959337 0.749196 0.0929941 0.751464 0.0838157 0.753907 0.0955565 0.744253 0.0959313 0.740379 0.103443 0.739653 0.107352 0.74058 0.0955732 0.736233 0.103619 0.738235 0.0929732 0.75295 0.0855213 0.758372 0.0888425 0.761204 0.0968415 0.75119 0.0968428 0.731977 0.108068 0.738346 0.0968415 0.75119 0.0929732 0.75295 0.0929941 0.751464 0.0959337 0.749196 0.108068 0.738346 0.107352 0.74058 0.103443 0.739653 0.103619 0.738235 0.28464 0.849744 0.281431 0.841549 0.0237693 0.18199 0.0258689 0.174368 0.0221392 0.172688 0.014503 0.17541 0.274174 0.852497 0.281605 0.854167 0.0134184 0.226026 0.0195253 0.217137 0.0240627 0.220058 0.0219741 0.226351 0.0208213 0.631725 0.011899 0.630834 0.0126832 0.62694 0.0221505 0.625406 0.0283327 0.222958 0.0286761 0.227235 0.0341122 0.224565 0.0333972 0.230734 0.0167553 0.639105 0.011501 0.637842 0.0161729 0.647209 0.0116568 0.644142 0.125576 0.794121 0.132026 0.786012 0.1313 0.789866 0.128993 0.796033 0.262167 0.011501 0.265087 0.0117908 0.26636 0.0180489 0.266361 0.0209165 0.270774 0.012419 0.267749 0.0177711 0.132356 0.79081 0.133475 0.796925 0.138369 0.79627 0.13416 0.788866 0.27598 0.0134906 0.269066 0.0188436 0.132026 0.786012 0.13416 0.788866 0.132356 0.79081 0.1313 0.789866 0.266361 0.0209165 0.26636 0.0180489 0.267749 0.0177711 0.269066 0.0188436 0.0186669 0.232226 0.013002 0.239251 0.0320882 0.633717 0.0249588 0.634186 0.0253726 0.639648 0.0323679 0.644726 0.022979 0.242502 0.024477 0.234576 0.026688 0.461749 0.0328623 0.461887 0.0310088 0.465342 0.0262869 0.465275 0.296689 0.654914 0.301914 0.655164 0.302236 0.65866 0.298191 0.659669 0.0203139 0.46172 0.0217321 0.46595 0.013002 0.460117 0.0180715 0.468331 0.312015 0.653869 0.307328 0.66215 0.319113 0.65728 0.31203 0.664634 0.234462 0.0248929 0.225916 0.0313022 0.22696 0.0274875 0.23124 0.021995 0.197624 0.0224128 0.20076 0.0220079 0.202532 0.0287984 0.201789 0.0321944 0.205653 0.0237188 0.204054 0.0264423 0.226279 0.024742 0.227718 0.0205069 0.224866 0.0249089 0.224642 0.0213991 0.208881 0.0254921 0.205993 0.0272774 0.225916 0.0313022 0.224866 0.0249089 0.226279 0.024742 0.22696 0.0274875 0.205993 0.0272774 0.201789 0.0321944 0.202532 0.0287984 0.204054 0.0264423 0.0257752 0.452857 0.0301505 0.445299 0.303145 0.639506 0.30617 0.647836 0.311882 0.647201 0.315802 0.638915 0.0175678 0.445287 0.0192198 0.452833 0.308279 0.848518 0.305695 0.842854 0.30982 0.83939 0.313906 0.842647 0.313859 0.866489 0.318122 0.862856 0.321774 0.865295 0.32221 0.87083 0.319158 0.835846 0.31205 0.834405 0.313843 0.829972 0.319944 0.82804 0.30722 0.863265 0.313355 0.858526 0.30312 0.855017 0.309101 0.853557 0.0669089 0.59989 0.0817579 0.608689 0.076809 0.607711 0.064916 0.603991 0.0829236 0.66255 0.0807064 0.665247 0.070842 0.65564 0.0689169 0.652424 0.0772901 0.668397 0.0681691 0.655711 0.0761094 0.610107 0.06399 0.607997 0.0625347 0.611353 0.082296 0.61299 0.0728617 0.670606 0.0655367 0.653007 0.0761094 0.610107 0.076809 0.607711 0.0817579 0.608689 0.082296 0.61299 0.0689169 0.652424 0.070842 0.65564 0.0681691 0.655711 0.0655367 0.653007 0.323631 0.844818 0.327594 0.852368 0.304933 0.878499 0.307932 0.869592 0.303749 0.867753 0.295188 0.871087 0.333315 0.839982 0.325478 0.841685 0.0337575 0.614001 0.0365615 0.606217 0.0414725 0.610847 0.0378425 0.614963 0.278021 0.830156 0.279067 0.823334 0.282917 0.824138 0.284891 0.830041 0.0358634 0.619438 0.0327478 0.619386 0.0317097 0.624373 0.037091 0.623546 0.272921 0.825113 0.277676 0.82198 0.266773 0.81827 0.27227 0.817533 0.1081 0.789014 0.119044 0.791045 0.115643 0.791639 0.107564 0.792948 0.162034 0.0206181 0.161688 0.023292 0.154383 0.0205142 0.151031 0.0190059 0.160625 0.0243965 0.153752 0.0213777 0.115813 0.792839 0.107838 0.797261 0.110347 0.799866 0.120387 0.791862 0.158352 0.0288915 0.149592 0.0196546 0.120387 0.791862 0.115813 0.792839 0.115643 0.791639 0.119044 0.791045 0.149592 0.0196546 0.151031 0.0190059 0.154383 0.0205142 0.153752 0.0213777 0.0260925 0.609799 0.019065 0.604392 0.272065 0.842798 0.272696 0.834101 0.268418 0.831227 0.260666 0.836134 0.017505 0.616525 0.0253219 0.616246 0.253456 0.866053 0.25166 0.858778 0.257126 0.856418 0.259532 0.860642 0.288233 0.805685 0.281932 0.80044 0.285663 0.796103 0.289152 0.797899 0.261517 0.854216 0.264056 0.857129 0.270473 0.854255 0.265577 0.850555 0.279489 0.794042 0.283246 0.794432 0.275092 0.787513 0.281542 0.788692 0.130079 0.829061 0.132213 0.820545 0.133199 0.822348 0.134887 0.828259 0.26061 0.0227028 0.258453 0.0247403 0.255364 0.0190148 0.254283 0.0162606 0.256393 0.0260881 0.253997 0.0190232 0.139173 0.827083 0.134711 0.821573 0.143238 0.824906 0.133534 0.819034 0.25166 0.0272175 0.252096 0.016004 0.133534 0.819034 0.134711 0.821573 0.133199 0.822348 0.132213 0.820545 0.252096 0.016004 0.254283 0.0162606 0.255364 0.0190148 0.253997 0.0190232 0.262024 0.870001 0.262695 0.878742 0.272581 0.812076 0.275791 0.804091 0.2722 0.800365 0.263667 0.803067 0.272492 0.871852 0.267403 0.866112 0.0327844 0.650923 0.0365999 0.653026 0.0369247 0.657798 0.0348843 0.659177 0.0195779 0.478412 0.0252721 0.480842 0.0213339 0.48457 0.017505 0.482637 0.034876 0.663398 0.0389811 0.661731 0.043241 0.667108 0.0399955 0.669351 0.0259148 0.487173 0.0231061 0.486847 0.0276764 0.493027 0.0243554 0.491835 0.124188 0.878312 0.119572 0.878621 0.119927 0.868981 0.121256 0.869169 0.193468 0.0290207 0.19117 0.0307116 0.187086 0.0248176 0.186273 0.0225924 0.189028 0.0314587 0.185839 0.0246251 0.123096 0.870498 0.127293 0.877241 0.129458 0.873224 0.121477 0.867066 0.185204 0.0323912 0.184115 0.0220079 0.121477 0.867066 0.123096 0.870498 0.121256 0.869169 0.119927 0.868981 0.184115 0.0220079 0.186273 0.0225924 0.187086 0.0248176 0.185839 0.0246251 0.0252267 0.659152 0.016004 0.657508 0.034976 0.470804 0.0304189 0.477844 0.0351863 0.479699 0.044122 0.479398 0.0203964 0.667418 0.0274718 0.664276 0.301901 0.821057 0.309795 0.822537 0.308615 0.826899 0.300721 0.825807 0.355156 0.867361 0.347818 0.861383 0.349434 0.858334 0.356115 0.863199 0.29582 0.823602 0.296572 0.819317 0.288161 0.821338 0.287683 0.817095 0.343754 0.855661 0.347956 0.853275 0.337194 0.846967 0.34249 0.846052 0.0938442 0.608895 0.0982675 0.618093 0.0956984 0.616588 0.0894496 0.612539 0.0820476 0.864802 0.0885617 0.864064 0.0852762 0.870672 0.0824808 0.874892 0.0919799 0.866561 0.0863047 0.872889 0.0867578 0.615816 0.0945322 0.618162 0.0850496 0.621964 0.0988311 0.619746 0.0957197 0.871109 0.0828608 0.876648 0.0945322 0.618162 0.0956984 0.616588 0.0982675 0.618093 0.0988311 0.619746 0.0824808 0.874892 0.0852762 0.870672 0.0863047 0.872889 0.0828608 0.876648 0.305076 0.812456 0.310132 0.805006 0.336944 0.874099 0.342958 0.862811 0.338132 0.860307 0.326709 0.864406 0.297801 0.804024 0.298245 0.811804 0.319344 0.511541 0.314701 0.508292 0.319002 0.502278 0.323074 0.503764 0.346309 0.900576 0.351693 0.904291 0.348183 0.908567 0.341558 0.907822 0.324862 0.496609 0.32006 0.493993 0.33014 0.48982 0.321194 0.488816 0.352497 0.895408 0.354176 0.898903 0.358184 0.885811 0.362452 0.894606 0.0680554 0.853557 0.0779981 0.86887 0.0732582 0.866628 0.0622255 0.856938 0.079437 0.146829 0.0780186 0.150739 0.0641997 0.148706 0.0610337 0.14659 0.0757629 0.155397 0.0656213 0.152411 0.0704039 0.867846 0.06147 0.864415 0.0610337 0.868856 0.0726821 0.870725 0.0698153 0.160954 0.0624115 0.151824 0.0779981 0.86887 0.0726821 0.870725 0.0704039 0.867846 0.0732582 0.866628 0.0610337 0.14659 0.0641997 0.148706 0.0656213 0.152411 0.0624115 0.151824 0.329998 0.506917 0.336131 0.514071 0.332713 0.892455 0.341945 0.895165 0.344175 0.889452 0.338395 0.882076 0.341404 0.504131 0.333458 0.501119 0.304969 0.681348 0.298216 0.684467 0.29819 0.675979 0.302662 0.675108 0.325208 0.982298 0.333991 0.981596 0.33427 0.98734 0.330619 0.989634 0.308122 0.674148 0.310027 0.678245 0.311395 0.670436 0.316926 0.672008 0.342312 0.98347 0.341798 0.986902 0.353561 0.980881 0.351159 0.986342 0.0865162 0.16949 0.0820476 0.154095 0.0854663 0.159916 0.0898615 0.168978 0.0836915 0.525422 0.0805509 0.527148 0.0741856 0.515627 0.0743928 0.512832 0.0734825 0.525938 0.0727533 0.519022 0.087054 0.159476 0.0938598 0.167266 0.0958137 0.163924 0.0864024 0.156122 0.0655367 0.52809 0.0698403 0.516383 0.0698403 0.516383 0.0743928 0.512832 0.0741856 0.515627 0.0727533 0.519022 0.309715 0.688271 0.31094 0.697911 0.331556 0.964277 0.335767 0.973056 0.341556 0.970979 0.343303 0.961628 0.320937 0.691723 0.315324 0.685208 0.28318 0.781444 0.284475 0.770339 0.288316 0.772529 0.289626 0.776481 0.0267391 0.775943 0.0279543 0.782762 0.0247948 0.784005 0.0205069 0.776867 0.29393 0.771229 0.29464 0.775333 0.300544 0.768001 0.304118 0.771342 0.0355393 0.775975 0.0341768 0.778962 0.0469358 0.77321 0.0439345 0.778468 0.103044 0.8364 0.100059 0.82717 0.103494 0.831202 0.106602 0.836853 0.0932856 0.726863 0.0914854 0.729703 0.0850924 0.724479 0.0846355 0.722971 0.0869419 0.735814 0.0840493 0.725183 0.105317 0.830637 0.110175 0.833698 0.113425 0.82872 0.10167 0.826539 0.0790456 0.734673 0.0826699 0.723621 0.0840493 0.725183 0.0826699 0.723621 0.0846355 0.722971 0.0850924 0.724479 0.290215 0.780284 0.289726 0.789839 0.0238694 0.769813 0.0290101 0.776819 0.0290101 0.776819 0.034495 0.772853 0.0355393 0.775975 0.0267391 0.775943 0.0355936 0.764999 0.306779 0.787907 0.295067 0.780459 0.060077 0.699089 0.0562956 0.694535 0.0598321 0.692951 0.0632474 0.69775 0.0403469 0.63667 0.0360674 0.638692 0.037288 0.632303 0.0409831 0.629909 0.064172 0.702574 0.0662766 0.701042 0.0676422 0.707677 0.0702744 0.702064 0.0413184 0.642324 0.0355169 0.641845 0.0432129 0.64813 0.0371567 0.647072 0.0908743 0.176356 0.0824913 0.191138 0.0828282 0.186954 0.0861762 0.173639 0.112067 0.75149 0.116249 0.754477 0.117603 0.764982 0.117357 0.768404 0.118975 0.754481 0.11856 0.764011 0.0818608 0.185639 0.0821168 0.173608 0.0790456 0.175305 0.0806339 0.187107 0.122209 0.752332 0.119754 0.764582 0.0824913 0.191138 0.0806339 0.187107 0.0818608 0.185639 0.0828282 0.186954 0.117357 0.768404 0.117603 0.764982 0.11856 0.764011 0.119754 0.764582 0.0576419 0.699896 0.0490258 0.700247 0.0509432 0.631752 0.0433129 0.637176 0.0461497 0.641321 0.0544038 0.643317 0.0555243 0.710112 0.0613803 0.703699 0.0601569 0.716753 0.0635919 0.713965 0.0665104 0.717476 0.0651479 0.719573 0.0411884 0.724472 0.0427549 0.731554 0.0388344 0.733491 0.0370178 0.728201 0.0689142 0.7237 0.0715351 0.720883 0.075113 0.724391 0.0728466 0.728325 0.0440629 0.737903 0.0402009 0.736777 0.0455895 0.742985 0.0411472 0.740804 0.107564 0.82099 0.11202 0.81303 0.112359 0.814177 0.112183 0.822538 0.170606 0.0234769 0.174128 0.023166 0.174828 0.0295595 0.175418 0.0323585 0.177064 0.0228677 0.176211 0.028058 0.113641 0.814655 0.118949 0.820971 0.122312 0.818773 0.114422 0.813714 0.179897 0.0220079 0.176527 0.0305403 0.11202 0.81303 0.114422 0.813714 0.113641 0.814655 0.112359 0.814177 0.176211 0.028058 0.176527 0.0305403 0.063002 0.719887 0.0550297 0.722005 0.0506771 0.724895 0.0454364 0.732129 0.0465848 0.735399 0.0575347 0.739495 0.0638768 0.731238 0.0634958 0.723004 0.0196675 0.095079 0.0235466 0.0922031 0.025898 0.0946374 0.0234663 0.0994572 0.0274948 0.0876921 0.0287395 0.0897634 0.0207816 0.10511 0.0162247 0.103884 0.0692548 0.204905 0.0653569 0.204632 0.0640332 0.198055 0.0662645 0.197302 0.030952 0.0821508 0.0332584 0.0845832 0.0625347 0.194973 0.063583 0.19265 0.0635974 0.0611301 0.0595272 0.0752493 0.0585318 0.0740783 0.0590781 0.0610337 0.0687025 0.0626241 0.0611825 0.0754954 0.0733587 0.0651881 0.0630862 0.0763981 0.0569251 0.0736542 0.0550297 0.0610662 0.0968468 0.149743 0.0907111 0.151349 0.0865505 0.139941 0.0874994 0.136083 0.0902074 0.137281 0.0996766 0.148261 0.0591062 0.0775492 0.0569251 0.0736542 0.0585318 0.0740783 0.0595272 0.0752493 0.0611825 0.0754954 0.0630862 0.0763981 0.018415 0.0896776 0.0208409 0.0873398 0.0253739 0.0862591 0.0270647 0.0790456 0.0668187 0.19162 0.0754748 0.193777 0.0818147 0.197963 0.01 0.0875996 0.0152625 0.079921 0.0285556 0.045271 0.0304097 0.0530933 0.0269331 0.0523591 0.0229021 0.0462371 0.0680931 0.570041 0.0609367 0.567077 0.0623896 0.56528 0.068446 0.566806 0.0223924 0.0422258 0.0249301 0.0400884 0.0205069 0.0376614 0.0216848 0.0340662 0.0587497 0.564519 0.0613974 0.562023 0.0567919 0.559873 0.0605225 0.557862 0.0955565 0.709462 0.10925 0.7128 0.10645 0.713579 0.0970326 0.714428 0.114701 0.865856 0.110004 0.86432 0.119891 0.857534 0.123899 0.855058 0.109285 0.861829 0.118615 0.85729 0.105437 0.714939 0.0966505 0.717735 0.0969415 0.721542 0.106551 0.716379 0.109065 0.859062 0.119692 0.85574 0.106551 0.716379 0.105437 0.714939 0.10645 0.713579 0.10925 0.7128 0.123899 0.855058 0.119891 0.857534 0.118615 0.85729 0.119692 0.85574 0.0433496 0.0408004 0.0346152 0.0413191 0.0503557 0.579175 0.0571165 0.567782 0.0563998 0.565492 0.0490258 0.569852 0.0363697 0.0325149 0.0312648 0.0390667 0.0400198 0.853653 0.0403578 0.849406 0.045397 0.845825 0.0465299 0.849481 0.0797349 0.827988 0.0765286 0.820436 0.0796876 0.821145 0.0832926 0.826867 0.0505752 0.845759 0.0512512 0.848316 0.0555697 0.844551 0.0586558 0.848361 0.0778837 0.815323 0.080541 0.816316 0.0808947 0.810028 0.083756 0.812831 0.0988988 0.802523 0.112088 0.806088 0.109508 0.806615 0.098844 0.806669 0.0943127 0.848813 0.0910535 0.845116 0.10115 0.84519 0.108369 0.845448 0.091772 0.841372 0.101621 0.84403 0.108132 0.807873 0.0985585 0.810499 0.108555 0.809418 0.0989704 0.814171 0.0942708 0.838547 0.103833 0.843691 0.108555 0.809418 0.108132 0.807873 0.109508 0.806615 0.112088 0.806088 0.108369 0.845448 0.10115 0.84519 0.101621 0.84403 0.103833 0.843691 0.0474264 0.852617 0.0418589 0.863528 0.0715406 0.823075 0.0748425 0.816679 0.0752986 0.81527 0.0719425 0.811737 0.0561714 0.858635 0.0514311 0.850664 0.0805367 0.790032 0.0760436 0.78906 0.077054 0.784952 0.0783035 0.78499 0.0823113 0.493777 0.0790429 0.494797 0.0762774 0.49034 0.0760436 0.485814 0.0773486 0.781435 0.0789077 0.780747 0.0773179 0.777838 0.0793635 0.777007 0.0826687 0.498341 0.0798881 0.498453 0.0830045 0.503546 0.0803718 0.502853 0.216228 0.0116957 0.210691 0.0203431 0.21074 0.018299 0.212361 0.0105915 0.23877 0.0296683 0.238151 0.0254395 0.245344 0.0252789 0.248409 0.0256059 0.238525 0.0221747 0.244803 0.0238126 0.209474 0.0168086 0.208408 0.01 0.205129 0.0107373 0.208049 0.0179524 0.239464 0.0190059 0.24614 0.0227756 0.210691 0.0203431 0.208049 0.0179524 0.209474 0.0168086 0.21074 0.018299 0.248409 0.0256059 0.245344 0.0252789 0.244803 0.0238126 0.24614 0.0227756 0.0815381 0.787247 0.0890874 0.788631 0.0849688 0.489612 0.0844659 0.496704 0.0845216 0.497702 0.0881559 0.49993 0.0849309 0.778112 0.0804535 0.781318 0.0316151 0.865287 0.0237741 0.857663 0.0304165 0.856559 0.0357199 0.864911 0.0384701 0.749029 0.0273194 0.747091 0.0281538 0.744869 0.0361544 0.743956 0.0383497 0.869049 0.0361442 0.870874 0.0431644 0.872958 0.04274 0.876139 0.022408 0.746967 0.0222505 0.744254 0.014503 0.745844 0.0155731 0.742484 0.0897453 0.814531 0.0994092 0.821407 0.0956861 0.820938 0.0865505 0.820768 0.0850496 0.0130169 0.0914263 0.0100795 0.0930278 0.0168181 0.0933366 0.0208913 0.0969293 0.01 0.0955877 0.0153945 0.0940086 0.823013 0.0873102 0.825534 0.0946084 0.825183 0.0907704 0.829305 0.101757 0.0123189 0.0977079 0.016446 0.0994092 0.821407 0.0946084 0.825183 0.0940086 0.823013 0.0956861 0.820938 0.0933366 0.0208913 0.0930278 0.0168181 0.0955877 0.0153945 0.0977079 0.016446 0.028911 0.86333 0.016004 0.862926 0.0359491 0.758975 0.0263532 0.753392 0.020442 0.751457 0.022408 0.746967 0.020442 0.751457 0.0170879 0.760196 0.0267061 0.877804 0.0327482 0.870673 0.0170879 0.760196 0.0680909 0.589265 0.0736154 0.587143 0.0740794 0.590918 0.0691746 0.592631 0.0573436 0.130159 0.056345 0.127077 0.0628673 0.128556 0.0654133 0.131613 0.0628 0.595079 0.0614526 0.592496 0.0573911 0.595552 0.0550297 0.594025 0.0494523 0.132794 0.048676 0.130735 0.0451474 0.135868 0.0445228 0.133233 0.100059 0.877586 0.102891 0.865565 0.103702 0.86952 0.104728 0.877215 0.110619 0.66401 0.106352 0.665957 0.100641 0.658858 0.100546 0.656927 0.102467 0.669482 0.0994821 0.659302 0.109123 0.875362 0.104519 0.868211 0.112627 0.872875 0.104288 0.865566 0.0991337 0.669453 0.0985585 0.658398 0.103702 0.86952 0.102891 0.865565 0.104288 0.865566 0.104519 0.868211 0.100641 0.658858 0.0994821 0.659302 0.0985585 0.658398 0.100546 0.656927 0.0661579 0.587061 0.0668301 0.580377 0.0614611 0.140155 0.056663 0.133697 0.052142 0.136414 0.0501498 0.14448 0.0566453 0.585413 0.0608508 0.590843 0.0528686 0.514439 0.0515394 0.520442 0.0490258 0.516981 0.0494254 0.513476 0.0385188 0.0908966 0.0451695 0.0916732 0.0448509 0.0941453 0.0405683 0.0950047 0.0554755 0.507434 0.0499413 0.508994 0.0505861 0.50409 0.0559614 0.502325 0.0522252 0.0912338 0.0524622 0.0954703 0.0604087 0.0913185 0.0581147 0.0964296 0.0895525 0.625406 0.103707 0.63058 0.100747 0.631153 0.0895726 0.628491 0.0699283 0.124375 0.0685387 0.120823 0.0819551 0.120416 0.0847514 0.121765 0.0708919 0.116283 0.0816124 0.118166 0.0898835 0.631707 0.101223 0.632938 0.0909973 0.635955 0.103541 0.633406 0.0743933 0.112067 0.0858836 0.118447 0.103707 0.63058 0.103541 0.633406 0.101223 0.632938 0.100747 0.631153 0.0816124 0.118166 0.0858836 0.118447 0.0847514 0.121765 0.0819551 0.120416 0.0563881 0.515997 0.0612628 0.520871 0.0426504 0.0816443 0.0449017 0.0893322 0.0506999 0.0877571 0.0531218 0.0805466 0.0657173 0.511135 0.0589401 0.510358 0.0612866 0.0425153 0.0651307 0.0524825 0.0599116 0.0546051 0.0588649 0.0501488 0.055773 0.195205 0.0521639 0.188067 0.0548789 0.182734 0.0604106 0.184946 0.0556142 0.055996 0.0514811 0.0529922 0.049657 0.0579147 0.0452151 0.0555527 0.0477883 0.186243 0.0473026 0.180896 0.0407143 0.184136 0.0420364 0.179612 0.0925545 0.852056 0.105055 0.852879 0.103299 0.853983 0.0931833 0.856137 0.0851619 0.6902 0.0813094 0.687416 0.0892036 0.681357 0.0929706 0.680171 0.0794773 0.682932 0.0892097 0.67968 0.10396 0.855382 0.094676 0.859528 0.0971076 0.863797 0.106035 0.854932 0.0790456 0.678025 0.0917661 0.677941 0.106035 0.854932 0.10396 0.855382 0.103299 0.853983 0.105055 0.852879 0.0929706 0.680171 0.0892036 0.681357 0.0892097 0.67968 0.0917661 0.677941 0.0571038 0.0464909 0.0543268 0.0415208 0.0506567 0.197796 0.0526208 0.189707 0.0462146 0.189869 0.0400198 0.192714 0.0445228 0.0480083 0.0509251 0.04903 0.0416883 0.589117 0.0389557 0.581878 0.0448897 0.582324 0.0467938 0.586422 0.0343283 0.138582 0.040222 0.138564 0.0417776 0.142587 0.0357382 0.14585 0.0489002 0.590604 0.0458843 0.594013 0.0471541 0.600955 0.0513219 0.594281 0.0324787 0.132429 0.0403943 0.133537 0.0336675 0.125576 0.0409269 0.129109 0.0944998 0.0275981 0.0893293 0.0389779 0.0877771 0.0368342 0.0908004 0.0255795 0.103262 0.788234 0.100029 0.790514 0.0961847 0.781078 0.0959162 0.778204 0.0969323 0.790943 0.0948022 0.782631 0.086285 0.0359309 0.0869232 0.0250099 0.0835486 0.0257141 0.0855517 0.0402325 0.0929433 0.791613 0.0925545 0.777007 0.0893293 0.0389779 0.0855517 0.0402325 0.086285 0.0359309 0.0877771 0.0368342 0.0925545 0.777007 0.0959162 0.778204 0.0961847 0.781078 0.0948022 0.782631 0.0310139 0.588942 0.0387137 0.59095 0.0227796 0.145594 0.0291882 0.13877 0.0290673 0.132527 0.0220079 0.13058 0.0366857 0.600741 0.042563 0.596754 0.0458843 0.594013 0.042563 0.596754 0.0366857 0.600741 0.0495947 0.226422 0.0430218 0.222639 0.0464464 0.218638 0.0515216 0.221372 0.0598405 0.663959 0.0617827 0.66097 0.0644362 0.666564 0.0622238 0.671684 0.0584227 0.223946 0.058296 0.226747 0.064275 0.228556 0.0644753 0.225361 0.0555029 0.6572 0.0580358 0.655771 0.0509345 0.652563 0.0546004 0.652424 0.0964181 0.104851 0.0877215 0.112975 0.088408 0.109894 0.092006 0.101719 0.103061 0.769502 0.107551 0.769931 0.106363 0.779862 0.105526 0.781154 0.111693 0.77156 0.107759 0.780336 0.0870427 0.109228 0.0870777 0.100059 0.0820476 0.10259 0.0856105 0.111143 0.114831 0.774044 0.108677 0.780619 0.0877215 0.112975 0.0856105 0.111143 0.0870427 0.109228 0.088408 0.109894 0.105526 0.781154 0.106363 0.779862 0.107759 0.780336 0.108677 0.780619 0.0500239 0.22916 0.0458763 0.234442 0.0507304 0.668904 0.055015 0.664135 0.0525724 0.65851 0.0460238 0.659164 0.0582362 0.235622 0.0561035 0.2304 0.04244 0.0678482 0.0508534 0.0636947 0.0518956 0.0681332 0.0477836 0.0715247 0.0555681 0.546348 0.0601798 0.544087 0.0628016 0.550046 0.0606995 0.553837 0.0401522 0.0742073 0.0373408 0.0712034 0.0366278 0.0777095 0.0334108 0.0754855 0.05361 0.542085 0.0564 0.539368 0.050202 0.536139 0.054322 0.535347 0.134582 0.801129 0.142775 0.801022 0.140845 0.802181 0.134746 0.805208 0.142217 0.011501 0.144531 0.0160925 0.136518 0.0150026 0.134582 0.0143166 0.144816 0.0191388 0.137911 0.01626 0.135864 0.810348 0.141399 0.803612 0.139891 0.811921 0.143211 0.803303 0.142708 0.0222713 0.135488 0.0165144 0.142775 0.801022 0.143211 0.803303 0.141399 0.803612 0.140845 0.802181 0.137911 0.01626 0.135488 0.0165144 0.134582 0.0143166 0.136518 0.0150026 0.0380072 0.0634859 0.0367764 0.0565307 0.0460523 0.551091 0.0515156 0.546102 0.0500421 0.540443 0.05361 0.542085 0.0500421 0.540443 0.0430218 0.540098 0.0295129 0.068569 0.0358893 0.0696153 0.0430218 0.540098 0.0817139 0.760822 0.0813235 0.764254 0.0772363 0.764727 0.076783 0.762967 0.0400198 0.498682 0.0467958 0.498192 0.048316 0.499971 0.0428502 0.501661 0.0711837 0.766507 0.0739469 0.768387 0.0655367 0.770532 0.0700046 0.772621 0.0545777 0.49488 0.0561844 0.497561 0.0593805 0.48865 0.0611456 0.494085 0.127077 0.851945 0.127429 0.843556 0.128943 0.8446 0.130853 0.852915 0.118313 0.785669 0.118071 0.781572 0.125833 0.78206 0.126172 0.783 0.120807 0.776699 0.126627 0.780187 0.133479 0.850562 0.130441 0.842972 0.136386 0.846365 0.12961 0.840048 0.124972 0.774005 0.12985 0.781853 0.12961 0.840048 0.130441 0.842972 0.128943 0.8446 0.127429 0.843556 0.12985 0.781853 0.126172 0.783 0.125833 0.78206 0.126627 0.780187 0.0756749 0.760969 0.0769749 0.755993 0.040101 0.490469 0.0452333 0.495326 0.0499428 0.491375 0.0490335 0.484313 0.0665508 0.759788 0.0707436 0.763846 0.0345088 0.830061 0.0295129 0.82599 0.0336329 0.820535 0.0376676 0.822172 0.0445156 0.531697 0.040612 0.525171 0.0430466 0.523164 0.0481464 0.525838 0.0417713 0.824987 0.0443001 0.829485 0.0486609 0.836498 0.0503168 0.829023 0.0329453 0.520548 0.0354468 0.518369 0.0250099 0.522987 0.0276917 0.515834 0.1415 0.865683 0.136686 0.868139 0.136746 0.865055 0.138828 0.862477 0.0925333 0.132576 0.0895525 0.127781 0.0954804 0.128421 0.0976084 0.129923 0.0920995 0.121051 0.0964183 0.124927 0.134923 0.859561 0.134311 0.86468 0.127077 0.860185 0.132591 0.867243 0.0978138 0.118071 0.10034 0.12667 0.132591 0.867243 0.134311 0.86468 0.136746 0.865055 0.136686 0.868139 0.10034 0.12667 0.0976084 0.129923 0.0954804 0.128421 0.0964183 0.124927 0.0335705 0.832118 0.0300276 0.833295 0.0390332 0.535654 0.0384883 0.52769 0.0331138 0.528687 0.0295754 0.534644 0.038257 0.841275 0.0384727 0.835468 0.0525631 0.790922 0.0475248 0.786698 0.0490699 0.782942 0.053592 0.784156 0.0513169 0.24884 0.0487177 0.244848 0.0482879 0.240908 0.053725 0.242183 0.0505734 0.779431 0.0550847 0.77871 0.0531669 0.773167 0.0585732 0.772503 0.0405307 0.242278 0.0419885 0.238572 0.0325149 0.241279 0.0356978 0.23665 0.11657 0.835311 0.120156 0.825436 0.120842 0.829592 0.120072 0.836135 0.102355 0.704877 0.0982069 0.705767 0.0990678 0.698179 0.099995 0.694497 0.0937625 0.704279 0.0963319 0.697124 0.123137 0.836087 0.122054 0.828223 0.12814 0.834643 0.122422 0.825038 0.0895525 0.700482 0.0980461 0.692951 0.0963319 0.697124 0.0937625 0.704279 0.120156 0.825436 0.122422 0.825038 0.122054 0.828223 0.120842 0.829592 0.0963319 0.697124 0.0980461 0.692951 0.099995 0.694497 0.0990678 0.698179 0.0571025 0.786151 0.0597899 0.789434 0.0449866 0.247087 0.0460612 0.254368 0.0392601 0.247946 0.0336068 0.252614 0.0665108 0.779808 0.0601862 0.780884 0.0527555 0.118022 0.0552641 0.124011 0.0505821 0.12278 0.0490258 0.11941 0.080386 0.845924 0.0829578 0.841426 0.0856556 0.842286 0.084441 0.846548 0.0522253 0.111404 0.0556235 0.112773 0.055506 0.106742 0.0596379 0.104562 0.0850064 0.837841 0.0870465 0.837601 0.0857165 0.832705 0.0894228 0.833588 0.117569 0.840048 0.121552 0.848139 0.119163 0.847242 0.115919 0.84258 0.0977342 0.685035 0.0970575 0.680762 0.104828 0.681464 0.106903 0.683427 0.0988136 0.677177 0.104826 0.679021 0.112487 0.847432 0.119127 0.849553 0.112067 0.852006 0.123237 0.851938 0.101297 0.673438 0.109924 0.680755 0.104826 0.679021 0.0988136 0.677177 0.119127 0.849553 0.119163 0.847242 0.121552 0.848139 0.123237 0.851938 0.109924 0.680755 0.106903 0.683427 0.104828 0.681464 0.104826 0.679021 0.0581901 0.117558 0.0613594 0.120308 0.0760436 0.842686 0.0789411 0.840833 0.0806204 0.833819 0.0850064 0.837841 0.0806204 0.833819 0.0780897 0.832543 0.067142 0.110649 0.0612804 0.110673 0.0556235 0.112773 0.0612804 0.110673 0.067142 0.110649 0.0780897 0.832543 0.0705376 0.687052 0.0758622 0.686913 0.0734285 0.689988 0.0704704 0.689467 0.0492585 0.759979 0.0519171 0.764342 0.046696 0.765383 0.0430218 0.762476 0.0654983 0.688485 0.0636721 0.685832 0.0625668 0.689473 0.0595327 0.684759 0.0561674 0.758703 0.0585754 0.761383 0.0615126 0.755882 0.062387 0.760549 0.0954427 0.657137 0.0906289 0.674529 0.0900549 0.67139 0.0927837 0.656611 0.0730416 0.0892509 0.0742541 0.0855091 0.0869536 0.0938424 0.0893555 0.096823 0.0768986 0.0822165 0.0872861 0.0919916 0.088814 0.655426 0.0888158 0.6711 0.0875142 0.671372 0.0865505 0.656393 0.0800084 0.0805466 0.0891608 0.0923729 0.0906289 0.674529 0.0875142 0.671372 0.0888158 0.6711 0.0900549 0.67139 0.0893555 0.096823 0.0869536 0.0938424 0.0872861 0.0919916 0.0891608 0.0923729 0.0704849 0.68316 0.0736716 0.67623 0.0450692 0.750268 0.049765 0.757327 0.0537763 0.755402 0.0551706 0.746987 0.0636896 0.674939 0.0643623 0.682277 0.0383574 0.793864 0.0310139 0.793283 0.033685 0.790701 0.0390945 0.790515 0.0396779 0.0253363 0.0406004 0.0289726 0.0338061 0.0293872 0.0315717 0.0267141 0.0459825 0.794165 0.0473918 0.796776 0.054014 0.796759 0.0548383 0.800401 0.0455898 0.0224059 0.0476613 0.0239305 0.0504708 0.0170874 0.0528799 0.0193021 0.084623 0.129874 0.0769746 0.143161 0.0763787 0.141958 0.080686 0.128578 0.0703898 0.634046 0.0700396 0.628893 0.0799956 0.628578 0.0850098 0.630138 0.0703321 0.623504 0.0809737 0.627147 0.0748509 0.141629 0.0752487 0.128929 0.0685387 0.130364 0.0740274 0.143067 0.0744214 0.619402 0.0851033 0.627916 0.0740274 0.143067 0.0748509 0.141629 0.0763787 0.141958 0.0769746 0.143161 0.0850098 0.630138 0.0799956 0.628578 0.0809737 0.627147 0.0851033 0.627916 0.0372732 0.798502 0.032659 0.803802 0.0310139 0.0162588 0.0368155 0.0215544 0.0418272 0.0172033 0.0395203 0.01 0.0436718 0.807099 0.0438257 0.800293 0.04983 0.673438 0.0555238 0.679045 0.0520837 0.683901 0.0500757 0.680231 0.296824 0.750845 0.301473 0.752223 0.294407 0.754667 0.286434 0.746688 0.0462815 0.688788 0.048913 0.689812 0.0340159 0.688148 0.0463016 0.693963 0.300785 0.73664 0.30415 0.748627 0.301473 0.752223 0.296824 0.750845 0.308025 0.747104 0.302244 0.731806 0.0730416 0.707961 0.0915318 0.710288 0.090477 0.711413 0.0744591 0.71184 0.0840198 0.806667 0.0839645 0.801863 0.0959069 0.796872 0.0994507 0.796486 0.0835486 0.798837 0.0943901 0.796573 0.0900644 0.712729 0.0777528 0.71558 0.0906406 0.714 0.0790374 0.718818 0.0843419 0.795018 0.0967958 0.795118 0.0915318 0.710288 0.0906406 0.714 0.0900644 0.712729 0.090477 0.711413 0.0959069 0.796872 0.0943901 0.796573 0.0967958 0.795118 0.0994507 0.796486 0.0466021 0.67946 0.0472978 0.673789 0.292373 0.743862 0.286434 0.746688 0.28318 0.743554 0.296879 0.736966 0.291051 0.730476 0.036753 0.680007 0.043061 0.681887 0.0729071 0.836361 0.0720259 0.84112 0.0671767 0.841199 0.0655119 0.838708 0.0673501 0.812019 0.0596517 0.8118 0.0576557 0.808527 0.0638874 0.808583 0.0595399 0.84054 0.0594955 0.837804 0.0538828 0.840008 0.0535287 0.837704 0.053116 0.814248 0.0518878 0.811493 0.0475248 0.818458 0.0481653 0.815661 0.109907 0.7633 0.0990461 0.764859 0.102395 0.76262 0.108552 0.758926 0.119608 0.728514 0.114933 0.729461 0.112257 0.721832 0.112784 0.719969 0.110245 0.730413 0.11102 0.721777 0.105625 0.754484 0.100862 0.762328 0.101227 0.752991 0.0985585 0.763646 0.106063 0.730532 0.110618 0.720541 0.0990461 0.764859 0.0985585 0.763646 0.100862 0.762328 0.102395 0.76262 0.112257 0.721832 0.11102 0.721777 0.110618 0.720541 0.112784 0.719969 0.0659057 0.834526 0.0676255 0.82804 0.0637909 0.820902 0.0594191 0.815497 0.0539827 0.818033 0.0540429 0.824892 0.0571657 0.830069 0.0592826 0.835699 0.044997 0.612916 0.0501517 0.608895 0.0548768 0.612053 0.0514048 0.615279 0.0695073 0.0377461 0.0664362 0.0302085 0.0686498 0.0286353 0.0716585 0.0327104 0.0593656 0.615645 0.0572428 0.619623 0.0633068 0.619841 0.0627962 0.623824 0.0627217 0.0246365 0.0647795 0.02354 0.0577094 0.0220988 0.0615742 0.0205069 0.130312 0.804017 0.122058 0.81057 0.122726 0.808147 0.126593 0.801613 0.123936 0.747579 0.119332 0.747881 0.120288 0.739554 0.121343 0.737344 0.114936 0.745817 0.118872 0.739278 0.121541 0.807185 0.122855 0.800133 0.118071 0.799521 0.120518 0.809926 0.112067 0.743781 0.119909 0.73648 0.122726 0.808147 0.122058 0.81057 0.120518 0.809926 0.121541 0.807185 0.119909 0.73648 0.121343 0.737344 0.120288 0.739554 0.118872 0.739278 0.0503818 0.620226 0.0445228 0.623765 0.059743 0.0368072 0.0634095 0.0308089 0.0602721 0.0258985 0.0535287 0.0281159 0.0558079 0.62764 0.0549565 0.623979 0.354706 0.532099 0.362419 0.530057 0.362765 0.53166 0.356129 0.534865 0.0344984 0.104169 0.0321642 0.103652 0.0311951 0.0985483 0.0318806 0.0970575 0.347329 0.537041 0.347049 0.534882 0.341925 0.536133 0.341397 0.532088 0.0310224 0.110771 0.0284779 0.108171 0.0250099 0.113891 0.0250883 0.110416 0.188618 0.0177753 0.188665 0.0101738 0.190334 0.0134625 0.192845 0.0190138 0.14659 0.861062 0.151546 0.861245 0.148454 0.868251 0.146795 0.868822 0.155622 0.86286 0.15025 0.867951 0.196864 0.0175179 0.192291 0.0126357 0.198707 0.0141344 0.190666 0.01 0.157801 0.865591 0.149532 0.869711 0.190334 0.0134625 0.188665 0.0101738 0.190666 0.01 0.192291 0.0126357 0.146795 0.868822 0.148454 0.868251 0.15025 0.867951 0.149532 0.869711 0.357188 0.50983 0.3538 0.522363 0.0500242 0.102581 0.038598 0.105517 0.0348456 0.112956 0.0367328 0.117935 0.346973 0.52804 0.334214 0.519545 0.0625347 0.796816 0.0657144 0.792016 0.0694241 0.794448 0.0685662 0.79837 0.0385188 0.156623 0.0440606 0.160527 0.0447276 0.165228 0.0387027 0.16369 0.07342 0.795093 0.074216 0.798138 0.0792195 0.798779 0.0785919 0.794725 0.0517058 0.162415 0.0519985 0.165013 0.0590076 0.158951 0.0578148 0.163564 0.150334 0.854259 0.145387 0.856516 0.144975 0.854452 0.149083 0.850054 0.171056 0.875364 0.167306 0.877601 0.166006 0.873632 0.166907 0.871986 0.16268 0.878868 0.163583 0.872808 0.146514 0.84795 0.143578 0.85436 0.142061 0.847553 0.140586 0.857449 0.158598 0.877182 0.163626 0.868567 0.140586 0.857449 0.143578 0.85436 0.144975 0.854452 0.145387 0.856516 0.163626 0.868567 0.166907 0.871986 0.166006 0.873632 0.163583 0.872808 0.0688492 0.800814 0.0651503 0.804439 0.0447749 0.149592 0.0455428 0.156681 0.0518844 0.157101 0.0553124 0.15125 0.0755945 0.806338 0.0749247 0.800512 0.074216 0.798138 0.0749247 0.800512 0.0755945 0.806338 0.325188 0.788176 0.327066 0.780008 0.333537 0.785 0.333127 0.791111 0.0280119 0.211148 0.0351081 0.213256 0.0353009 0.21558 0.0302323 0.217216 0.328712 0.797988 0.323977 0.799601 0.324916 0.806206 0.321293 0.807061 0.0425246 0.21094 0.0440196 0.213635 0.0489173 0.206143 0.0497325 0.209258 0.163101 0.0138457 0.168296 0.010486 0.167958 0.013583 0.166791 0.0165407 0.108497 0.64773 0.105197 0.651655 0.103625 0.646406 0.103575 0.643223 0.0981575 0.651319 0.100344 0.64624 0.170624 0.0146365 0.172706 0.0175689 0.171442 0.01 0.177828 0.0147424 0.0940555 0.647103 0.100167 0.641917 0.171442 0.01 0.170624 0.0146365 0.167958 0.013583 0.168296 0.010486 0.100344 0.64624 0.100167 0.641917 0.103575 0.643223 0.103625 0.646406 0.317939 0.787657 0.31598 0.782901 0.0288486 0.203049 0.0334685 0.208733 0.0385211 0.204706 0.0376723 0.197624 0.308697 0.796222 0.317959 0.796154 </float_array>
          <technique_common>
            <accessor count="1847" offset="0" source="#meshId0-tex0-array" stride="2">
              <param name="S" type="float" />
              <param name="T" type="float" />
            </accessor>
          </technique_common>
        </source>
        <vertices id="meshId0-vertices">
          <input semantic="POSITION" source="#meshId0-positions" />
        </vertices>
        <polylist count="1672" material="defaultMaterial">
          <input offset="0" semantic="VERTEX" source="#meshId0-vertices" />
          <input offset="0" semantic="NORMAL" source="#meshId0-normals" />
          <input offset="0" semantic="TANGENT" source="#meshId0-tangents" />
          <input offset="0" semantic="BINORMAL" source="#meshId0-bitangents" />
          <input offset="0" semantic="TEXCOORD" source="#meshId0-tex0" set="0" />
          <vcount>3 3 3 3 3 3 3 3 3 3 3 3 3 3 3 3 3 3 3 3 3 3 3 3 3 3 3 3 3 3 3 3 3 3 3 3 3 3 3 3 3 3 3 3 3 3 3 3 3 3 3 3 3 3 3 3 3 3 3 3 3 3 3 3 3 3 3 3 3 3 3 3 3 3 3 3 3 3 3 3 3 3 3 3 3 3 3 3 3 3 3 3 3 3 3 3 3 3 3 3 3 3 3 3 3 3 3 3 3 3 3 3 3 3 3 3 3 3 3 3 3 3 3 3 3 3 3 3 3 3 3 3 3 3 3 3 3 3 3 3 3 3 3 3 3 3 3 3 3 3 3 3 3 3 3 3 3 3 3 3 3 3 3 3 3 3 3 3 3 3 3 3 3 3 3 3 3 3 3 3 3 3 3 3 3 3 3 3 3 3 3 3 3 3 3 3 3 3 3 3 3 3 3 3 3 3 3 3 3 3 3 3 3 3 3 3 3 3 3 3 3 3 3 3 3 3 3 3 3 3 3 3 3 3 3 3 3 3 3 3 3 3 3 3 3 3 3 3 3 3 3 3 3 3 3 3 3 3 3 3 3 3 3 3 3 3 3 3 3 3 3 3 3 3 3 3 3 3 3 3 3 3 3 3 3 3 3 3 3 3 3 3 3 3 3 3 3 3 3 3 3 3 3 3 3 3 3 3 3 3 3 3 3 3 3 3 3 3 3 3 3 3 3 3 3 3 3 3 3 3 3 3 3 3 3 3 3 3 3 3 3 3 3 3 3 3 3 3 3 3 3 3 3 3 3 3 3 3 3 3 3 3 3 3 3 3 3 3 3 3 3 3 3 3 3 3 3 3 3 3 3 3 3 3 3 3 3 3 3 3 3 3 3 3 3 3 3 3 3 3 3 3 3 3 3 3 3 3 3 3 3 3 3 3 3 3 3 3 3 3 3 3 3 3 3 3 3 3 3 3 3 3 3 3 3 3 3 3 3 3 3 3 3 3 3 3 3 3 3 3 3 3 3 3 3 3 3 3 3 3 3 3 3 3 3 3 3 3 3 3 3 3 3 3 3 3 3 3 3 3 3 3 3 3 3 3 3 3 3 3 3 3 3 3 3 3 3 3 3 3 3 3 3 3 3 3 3 3 3 3 3 3 3 3 3 3 3 3 3 3 3 3 3 3 3 3 3 3 3 3 3 3 3 3 3 3 3 3 3 3 3 3 3 3 3 3 3 3 3 3 3 3 3 3 3 3 3 3 3 3 3 3 3 3 3 3 3 3 3 3 3 3 3 3 3 3 3 3 3 3 3 3 3 3 3 3 3 3 3 3 3 3 3 3 3 3 3 3 3 3 3 3 3 3 3 3 3 3 3 3 3 3 3 3 3 3 3 3 3 3 3 3 3 3 3 3 3 3 3 3 3 3 3 3 3 3 3 3 3 3 3 3 3 3 3 3 3 3 3 3 3 3 3 3 3 3 3 3 3 3 3 3 3 3 3 3 3 3 3 3 3 3 3 3 3 3 3 3 3 3 3 3 3 3 3 3 3 3 3 3 3 3 3 3 3 3 3 3 3 3 3 3 3 3 3 3 3 3 3 3 3 3 3 3 3 3 3 3 3 3 3 3 3 3 3 3 3 3 3 3 3 3 3 3 3 3 3 3 3 3 3 3 3 3 3 3 3 3 3 3 3 3 3 3 3 3 3 3 3 3 3 3 3 3 3 3 3 3 3 3 3 3 3 3 3 3 3 3 3 3 3 3 3 3 3 3 3 3 3 3 3 3 3 3 3 3 3 3 3 3 3 3 3 3 3 3 3 3 3 3 3 3 3 3 3 3 3 3 3 3 3 3 3 3 3 3 3 3 3 3 3 3 3 3 3 3 3 3 3 3 3 3 3 3 3 3 3 3 3 3 3 3 3 3 3 3 3 3 3 3 3 3 3 3 3 3 3 3 3 3 3 3 3 3 3 3 3 3 3 3 3 3 3 3 3 3 3 3 3 3 3 3 3 3 3 3 3 3 3 3 3 3 3 3 3 3 3 3 3 3 3 3 3 3 3 3 3 3 3 3 3 3 3 3 3 3 3 3 3 3 3 3 3 3 3 3 3 3 3 3 3 3 3 3 3 3 3 3 3 3 3 3 3 3 3 3 3 3 3 3 3 3 3 3 3 3 3 3 3 3 3 3 3 3 3 3 3 3 3 3 3 3 3 3 3 3 3 3 3 3 3 3 3 3 3 3 3 3 3 3 3 3 3 3 3 3 3 3 3 3 3 3 3 3 3 3 3 3 3 3 3 3 3 3 3 3 3 3 3 3 3 3 3 3 3 3 3 3 3 3 3 3 3 3 3 3 3 3 3 3 3 3 3 3 3 3 3 3 3 3 3 3 3 3 3 3 3 3 3 3 3 3 3 3 3 3 3 3 3 3 3 3 3 3 3 3 3 3 3 3 3 3 3 3 3 3 3 3 3 3 3 3 3 3 3 3 3 3 3 3 3 3 3 3 3 3 3 3 3 3 3 3 3 3 3 3 3 3 3 3 3 3 3 3 3 3 3 3 3 3 3 3 3 3 3 3 3 3 3 3 3 3 3 3 3 3 3 3 3 3 3 3 3 3 3 3 3 3 3 3 3 3 3 3 3 3 3 3 3 3 3 3 3 3 3 3 3 3 3 3 3 3 3 3 3 3 3 3 3 3 3 3 3 3 3 3 3 3 3 3 3 3 3 3 3 3 3 3 3 3 3 3 3 3 3 3 3 3 3 3 3 3 3 3 3 3 3 3 3 3 3 3 3 3 3 3 3 3 3 3 3 3 3 3 3 3 3 3 3 3 3 3 3 3 3 3 3 3 3 3 3 3 3 3 3 3 3 3 3 3 3 3 3 3 3 3 3 3 3 3 3 3 3 3 3 3 3 3 3 3 3 3 3 3 3 3 3 3 3 3 3 3 3 3 3 3 3 3 3 3 3 3 3 3 3 3 3 3 3 3 3 3 3 3 3 3 3 3 3 3 3 3 3 3 3 3 3 3 3 3 3 3 3 3 3 3 3 3 3 3 3 3 3 3 3 3 3 3 3 3 3 3 3 3 3 3 3 3 3 3 3 3 3 3 3 3 3 3 3 3 3 3 3 3 3 3 3 3 3 3 3 3 3 3 3 3 3 3 3 3 3 3 3 3 3 3 3 3 3 3 3 3 3 3 3 3 3 3 3 3 3 3 3 3 3 3 3 3 3 3 3 3 3 3 3 3 3 3 3 3 3 3 3 3 3 3 3 3 3 3 3 3 3 3 3 3 3 3 3 3 3 3 3 3 3 3 3 3 3 3 3 3 3 3 3 3 3 3 3 3 3 3 3 3 3 3 3 3 3 3 3 3 3 3 3 3 3 3 3 3 3 3 3 3 3 3 3 3 3 3 3 3 3 3 3 3 3 3 3 3 3 3 3 3 3 3 3 3 3 3 3 3 3 3 3 3 3 3 3 3 3 3 3 3 3 3 3 3 3 3 3 3 3 3 3 3 3 3 3 3 3 3 3 3 3 3 3 3 3 3 3 3 3 3 3 3 3 3 3 3 3 3 3 3 3 3 3 3 3 3 3 3 3 3 3 3 3 3 3 3 3 3 3 3 3 3 3 3 3 3 3 3 3 3 3 3 3 3 3 3 3 3 3 3 3 3 3 3 3 3 3 3 3 3 3 3 3 3 3 3 3 3 3 3 3 3 3 3 3 3 3 3 3 3 3 3 3 3 3 3 3 3 </vcount>
          <p>3 0 1 1 2 3 7 4 5 5 6 7 9 8 0 0 3 9 11 8 9 9 10 11 4 12 13 13 5 4 13 12 14 14 15 13 19 16 17 17 18 19 23 20 21 21 22 23 21 24 25 25 22 21 27 26 19 19 18 27 27 28 29 29 26 27 24 30 31 31 25 24 35 32 33 33 34 35 39 36 37 37 38 39 41 1 0 0 40 41 7 42 43 43 4 7 44 12 4 4 43 44 45 14 12 12 44 45 48 11 46 46 47 48 40 0 8 8 49 40 49 50 41 41 40 49 43 42 45 45 44 43 54 51 52 52 53 54 58 55 56 56 57 58 60 59 51 51 54 60 62 59 60 60 61 62 56 63 64 64 57 56 63 65 66 66 64 63 70 67 68 68 69 70 74 71 72 72 73 74 72 75 76 76 73 72 78 77 70 70 69 78 80 79 77 77 78 80 75 81 82 82 76 75 86 83 84 84 85 86 90 87 88 88 89 90 92 52 51 51 91 92 55 93 94 94 56 55 56 94 95 95 63 56 96 65 63 63 95 96 99 62 97 97 98 99 91 51 59 59 100 91 100 101 92 92 91 100 94 93 96 96 95 94 105 102 103 103 104 105 109 106 107 107 108 109 111 110 102 102 105 111 113 110 111 111 112 113 107 106 114 114 115 107 114 116 117 117 115 114 121 118 119 119 120 121 125 122 123 123 124 125 124 123 126 126 127 124 129 121 120 120 128 129 131 130 129 129 128 131 126 132 133 133 127 126 137 134 135 135 136 137 141 138 139 139 140 141 143 103 102 102 142 143 109 144 145 145 106 109 106 145 146 146 114 106 147 116 114 114 146 147 110 113 148 148 149 110 142 102 110 110 149 142 149 148 143 143 142 149 145 144 147 147 146 145 153 150 151 151 152 153 157 154 155 155 156 157 159 153 152 152 158 159 159 158 160 160 161 159 155 154 162 162 163 155 163 162 164 164 165 163 169 166 167 167 168 169 173 170 171 171 172 173 171 174 175 175 172 171 177 169 168 168 176 177 179 178 177 177 176 179 174 180 181 181 175 174 185 182 183 183 184 185 189 186 187 187 188 189 191 150 153 153 190 191 157 192 193 193 154 157 194 162 154 154 193 194 195 164 162 162 194 195 159 161 196 196 197 159 190 153 159 159 197 190 191 190 197 197 196 191 195 194 193 193 192 195 201 198 199 199 200 201 205 202 203 203 204 205 207 206 198 198 201 207 209 208 206 206 207 209 203 210 211 211 204 203 211 210 212 212 213 211 217 214 215 215 216 217 221 218 219 219 220 221 219 222 223 219 223 220 225 217 216 216 224 225 227 225 224 224 226 227 223 222 228 228 229 223 233 230 231 231 232 233 237 234 235 235 236 237 239 199 198 198 238 239 202 240 241 241 203 202 210 203 241 241 242 210 242 243 212 212 210 242 206 208 244 244 245 206 198 206 245 245 238 198 245 244 239 239 238 245 241 240 243 243 242 241 249 246 247 247 248 249 253 250 251 251 252 253 255 254 249 249 248 255 257 254 255 255 256 257 250 258 259 259 251 250 259 258 260 260 261 259 262 263 264 262 264 265 269 266 267 267 268 269 267 270 271 271 268 267 273 265 264 264 272 273 275 274 273 273 272 275 270 276 277 277 271 270 281 278 279 279 280 281 285 282 283 283 284 285 246 249 286 286 287 246 250 253 288 288 289 250 290 258 250 250 289 290 291 260 258 258 290 291 254 257 292 292 293 254 286 249 254 254 293 286 293 292 287 287 286 293 289 288 291 291 290 289 297 294 295 295 296 297 301 298 299 299 300 301 303 294 297 297 302 303 305 304 303 303 302 305 298 306 307 307 299 298 307 306 308 308 309 307 313 310 311 311 312 313 317 314 315 315 316 317 316 315 318 318 319 316 321 313 312 312 320 321 323 322 321 321 320 323 318 324 325 325 319 318 329 326 327 327 328 329 333 330 331 331 332 333 335 295 294 294 334 335 301 336 337 337 298 301 338 306 298 298 337 338 339 308 306 306 338 339 303 304 340 340 341 303 334 294 303 303 341 334 340 335 334 334 341 340 337 336 339 339 338 337 345 342 343 343 344 345 349 346 347 347 348 349 351 345 344 344 350 351 353 352 351 351 350 353 348 347 354 354 355 348 355 354 356 356 357 355 361 358 359 359 360 361 365 362 363 363 364 365 363 366 367 367 364 363 369 368 361 361 360 369 371 370 368 368 369 371 366 372 373 373 367 366 377 374 375 375 376 377 381 378 379 379 380 381 383 342 345 345 382 383 346 384 385 385 347 346 386 354 347 347 385 386 387 356 354 354 386 387 351 352 388 388 389 351 345 351 389 389 382 345 389 388 383 383 382 389 385 384 387 387 386 385 393 390 391 391 392 393 397 394 395 395 396 397 399 398 393 393 392 399 401 398 399 399 400 401 396 395 402 402 403 396 403 402 404 404 405 403 409 406 407 407 408 409 413 410 411 411 412 413 411 414 415 415 412 411 417 406 409 409 416 417 419 418 417 417 416 419 414 420 421 421 415 414 422 423 424 422 424 425 429 426 427 427 428 429 431 390 393 393 430 431 394 432 433 433 395 394 434 402 395 395 433 434 434 435 404 404 402 434 398 401 436 436 437 398 398 437 430 430 393 398 437 436 431 431 430 437 433 432 435 435 434 433 441 438 439 439 440 441 445 442 443 443 444 445 447 438 441 441 446 447 449 447 446 446 448 449 443 450 451 451 444 443 451 450 452 452 453 451 454 455 456 454 456 457 461 458 459 459 460 461 459 462 463 463 460 459 465 464 457 457 456 465 467 466 464 464 465 467 468 469 463 468 463 462 473 470 471 471 472 473 477 474 475 475 476 477 479 439 438 438 478 479 442 480 481 481 443 442 482 450 443 443 481 482 450 482 483 483 452 450 447 449 484 484 485 447 438 447 485 485 478 438 485 484 479 479 478 485 481 480 483 483 482 481 489 486 487 487 488 489 493 490 491 491 492 493 495 494 489 489 488 495 497 496 494 494 495 497 491 490 498 498 499 491 498 500 501 501 499 498 505 502 503 503 504 505 509 506 507 507 508 509 511 508 507 507 510 511 513 505 504 504 512 513 515 514 513 513 512 515 516 517 511 516 511 510 521 518 519 519 520 521 525 522 523 523 524 525 527 486 489 489 526 527 493 528 529 529 490 493 530 498 490 490 529 530 531 500 498 498 530 531 494 496 532 532 533 494 489 494 533 533 526 489 533 532 527 527 526 533 529 528 531 531 530 529 537 534 535 535 536 537 541 538 539 539 540 541 543 534 537 537 542 543 545 543 542 542 544 545 540 539 546 546 547 540 546 548 549 549 547 546 553 550 551 551 552 553 557 554 555 555 556 557 556 555 558 558 559 556 561 553 552 552 560 561 563 562 561 561 560 563 558 564 565 565 559 558 552 551 563 563 560 552 569 566 567 567 568 569 571 535 534 534 570 571 538 572 573 573 539 538 574 546 539 539 573 574 575 548 546 546 574 575 543 545 576 576 577 543 543 577 570 570 534 543 576 571 570 570 577 576 573 572 575 575 574 573 581 578 579 579 580 581 585 582 583 583 584 585 587 581 580 580 586 587 589 587 586 586 588 589 583 582 590 590 591 583 591 590 592 592 593 591 597 594 595 595 596 597 601 598 599 599 600 601 599 602 603 603 600 599 605 597 596 596 604 605 607 606 605 605 604 607 603 602 608 608 609 603 607 604 596 596 595 607 613 610 611 611 612 613 615 578 581 581 614 615 616 617 582 616 582 585 618 619 620 618 620 621 622 592 590 590 619 622 589 623 624 624 587 589 581 587 624 624 614 581 624 623 615 615 614 624 617 616 622 622 619 617 628 625 626 626 627 628 632 629 630 630 631 632 634 633 625 625 628 634 636 635 633 633 634 636 629 637 638 638 630 629 638 637 639 639 640 638 644 641 642 642 643 644 648 645 646 646 647 648 647 646 649 649 650 647 652 644 643 643 651 652 654 653 652 652 651 654 649 655 656 656 650 649 660 657 658 658 659 660 664 661 662 662 663 664 625 665 666 666 626 625 632 667 668 668 629 632 637 629 668 668 669 637 669 670 639 639 637 669 635 671 672 672 633 635 633 672 665 665 625 633 672 671 666 666 665 672 668 667 670 670 669 668 676 673 674 674 675 676 680 677 678 678 679 680 682 681 676 676 675 682 684 681 682 682 683 684 679 678 685 685 686 679 686 685 687 687 688 686 692 689 690 690 691 692 693 694 695 693 695 696 695 694 697 697 698 695 700 692 691 691 699 700 702 701 700 700 699 702 697 703 704 704 698 697 708 705 706 706 707 708 696 695 709 709 710 696 673 676 711 673 711 712 677 713 714 714 678 677 715 685 678 678 714 715 685 715 716 716 687 685 681 684 717 717 718 681 676 681 718 718 711 676 712 711 718 712 718 717 714 713 716 716 715 714 722 719 720 720 721 722 721 720 723 723 724 721 726 719 722 722 725 726 730 727 728 728 729 730 723 731 732 732 724 723 734 730 729 729 733 734 738 735 736 736 737 738 736 735 739 739 740 736 740 739 741 741 742 740 744 738 737 737 743 744 748 745 746 746 747 748 750 745 748 748 749 750 754 751 752 752 753 754 756 751 754 754 755 756 720 719 757 757 758 720 723 720 758 758 759 723 723 759 760 760 731 723 762 730 734 734 761 762 763 727 730 730 762 763 726 764 757 757 719 726 764 765 758 758 757 764 758 765 760 760 759 758 769 766 767 767 768 769 773 770 771 771 772 773 775 766 769 769 774 775 777 775 774 774 776 777 771 778 779 779 772 771 778 780 781 781 779 778 785 782 783 783 784 785 789 786 787 787 788 789 788 787 790 790 791 788 793 785 784 784 792 793 795 794 793 793 792 795 790 796 797 797 791 790 801 798 799 799 800 801 805 802 803 803 804 805 807 806 767 767 766 807 770 808 809 809 771 770 771 809 810 810 778 771 810 811 780 780 778 810 777 812 813 813 775 777 807 766 775 775 813 807 813 812 806 806 807 813 809 808 811 811 810 809 817 814 815 815 816 817 821 818 819 819 820 821 823 817 816 816 822 823 825 823 822 822 824 825 820 819 826 826 827 820 826 828 829 829 827 826 833 830 831 831 832 833 834 835 836 834 836 837 835 838 839 839 836 835 841 833 832 832 840 841 843 841 840 840 842 843 838 844 845 845 839 838 849 846 847 847 848 849 853 850 851 851 852 853 817 854 855 855 814 817 819 818 856 856 857 819 826 819 857 857 858 826 859 828 826 826 858 859 825 860 861 861 823 825 861 854 817 817 823 861 855 854 861 861 860 855 857 856 859 859 858 857 865 862 863 863 864 865 869 866 867 867 868 869 871 865 864 864 870 871 871 870 872 872 873 871 867 866 874 874 875 867 875 874 876 876 877 875 881 878 879 879 880 881 885 882 883 883 884 885 884 883 886 886 887 884 889 881 880 880 888 889 891 890 889 889 888 891 886 892 893 893 887 886 897 894 895 895 896 897 901 898 899 899 900 901 862 865 902 862 902 903 904 905 866 904 866 869 874 866 905 905 906 874 876 874 906 906 907 876 873 908 909 909 871 873 871 909 902 902 865 871 909 908 903 903 902 909 905 904 907 907 906 905 913 910 911 911 912 913 917 914 915 915 916 917 919 910 913 913 918 919 921 919 918 918 920 921 915 922 923 923 916 915 922 924 925 925 923 922 926 927 928 926 928 929 933 930 931 931 932 933 932 931 934 934 935 932 937 929 928 928 936 937 939 937 936 936 938 939 934 940 941 941 935 934 945 942 943 943 944 945 949 946 947 947 948 949 911 910 950 911 950 951 914 952 953 953 915 914 953 954 922 922 915 953 957 924 955 955 956 957 921 958 959 959 919 921 919 959 950 950 910 919 959 958 951 951 950 959 952 960 954 954 953 952 964 961 962 962 963 964 968 965 966 966 967 968 970 961 964 964 969 970 972 970 969 969 971 972 966 965 973 973 974 966 973 975 976 976 974 973 980 977 978 978 979 980 984 981 982 982 983 984 982 985 986 986 983 982 988 987 980 980 979 988 990 989 987 987 988 990 985 991 992 992 986 985 996 993 994 994 995 996 1000 997 998 998 999 1000 1002 962 961 961 1001 1002 965 968 1003 1003 1004 965 1005 973 965 965 1004 1005 1005 1006 975 975 973 1005 972 1007 1008 1008 970 972 1008 1001 961 961 970 1008 1007 1002 1001 1001 1008 1007 1003 1006 1005 1005 1004 1003 1012 1009 1010 1010 1011 1012 1016 1013 1014 1014 1015 1016 1018 1017 1009 1009 1012 1018 1020 1017 1018 1018 1019 1020 1014 1021 1022 1022 1015 1014 1021 1023 1024 1024 1022 1021 1028 1025 1026 1026 1027 1028 1032 1029 1030 1030 1031 1032 1031 1030 1033 1033 1034 1031 1036 1035 1028 1028 1027 1036 1038 1037 1035 1035 1036 1038 1033 1039 1040 1040 1034 1033 1044 1041 1042 1042 1043 1044 1048 1045 1046 1046 1047 1048 1050 1010 1009 1009 1049 1050 1013 1051 1052 1052 1014 1013 1052 1053 1021 1021 1014 1052 1054 1023 1021 1021 1053 1054 1017 1020 1055 1055 1056 1017 1009 1017 1056 1056 1049 1009 1056 1055 1050 1050 1049 1056 1052 1051 1054 1054 1053 1052 1060 1057 1058 1058 1059 1060 1064 1061 1062 1062 1063 1064 1066 1060 1059 1059 1065 1066 1068 1066 1065 1065 1067 1068 1063 1062 1069 1069 1070 1063 1070 1069 1071 1071 1072 1070 1076 1073 1074 1074 1075 1076 1080 1077 1078 1078 1079 1080 1078 1081 1082 1082 1079 1078 1084 1076 1075 1075 1083 1084 1086 1085 1084 1084 1083 1086 1081 1087 1088 1088 1082 1081 1092 1089 1090 1090 1091 1092 1096 1093 1094 1094 1095 1096 1057 1060 1097 1097 1098 1057 1061 1099 1100 1061 1100 1062 1100 1101 1069 1069 1062 1100 1102 1071 1069 1069 1101 1102 1066 1068 1103 1103 1104 1066 1097 1060 1066 1066 1104 1097 1104 1103 1098 1098 1097 1104 1100 1099 1102 1102 1101 1100 1108 1105 1106 1106 1107 1108 1112 1109 1110 1110 1111 1112 1114 1105 1108 1108 1113 1114 1116 1115 1114 1114 1113 1116 1109 1117 1118 1118 1110 1109 1118 1117 1119 1119 1120 1118 1124 1121 1122 1122 1123 1124 1128 1125 1126 1126 1127 1128 1127 1126 1129 1129 1130 1127 1132 1124 1123 1123 1131 1132 1134 1133 1132 1132 1131 1134 1129 1135 1136 1136 1130 1129 1140 1137 1138 1138 1139 1140 1144 1141 1142 1142 1143 1144 1146 1145 1106 1106 1105 1146 1112 1147 1148 1148 1109 1112 1109 1148 1149 1149 1117 1109 1149 1150 1119 1119 1117 1149 1153 1115 1151 1151 1152 1153 1114 1154 1146 1146 1105 1114 1154 1155 1145 1145 1146 1154 1148 1147 1150 1150 1149 1148 1159 1156 1157 1157 1158 1159 1163 1160 1161 1161 1162 1163 1165 1156 1159 1159 1164 1165 1167 1166 1165 1165 1164 1167 1161 1160 1168 1168 1169 1161 1169 1168 1170 1170 1171 1169 1175 1172 1173 1173 1174 1175 1179 1176 1177 1177 1178 1179 1178 1177 1180 1180 1181 1178 1183 1175 1174 1174 1182 1183 1185 1184 1183 1183 1182 1185 1181 1180 1186 1186 1187 1181 1191 1188 1189 1189 1190 1191 1192 1193 1194 1192 1194 1195 1197 1157 1156 1156 1196 1197 1160 1163 1198 1198 1199 1160 1168 1160 1199 1199 1200 1168 1201 1170 1168 1168 1200 1201 1165 1166 1202 1202 1203 1165 1156 1165 1203 1203 1196 1156 1202 1197 1196 1196 1203 1202 1198 1201 1200 1200 1199 1198 1207 1204 1205 1205 1206 1207 1211 1208 1209 1209 1210 1211 1213 1204 1207 1207 1212 1213 1215 1213 1212 1212 1214 1215 1209 1208 1216 1216 1217 1209 1216 1218 1219 1219 1217 1216 1223 1220 1221 1221 1222 1223 1227 1224 1225 1225 1226 1227 1226 1225 1228 1228 1229 1226 1231 1230 1223 1223 1222 1231 1233 1232 1230 1230 1231 1233 1228 1234 1235 1235 1229 1228 1239 1236 1237 1237 1238 1239 1243 1240 1241 1241 1242 1243 1245 1205 1204 1204 1244 1245 1208 1211 1246 1246 1247 1208 1208 1247 1248 1248 1216 1208 1251 1218 1249 1249 1250 1251 1213 1215 1252 1252 1253 1213 1244 1204 1213 1213 1253 1244 1252 1245 1244 1244 1253 1252 1247 1246 1254 1254 1248 1247 1258 1255 1256 1256 1257 1258 1262 1259 1260 1260 1261 1262 1264 1263 1258 1258 1257 1264 1266 1265 1263 1263 1264 1266 1260 1267 1268 1268 1261 1260 1267 1269 1270 1270 1268 1267 1274 1271 1272 1272 1273 1274 1278 1275 1276 1276 1277 1278 1277 1276 1279 1279 1280 1277 1282 1281 1274 1274 1273 1282 1284 1283 1281 1281 1282 1284 1279 1285 1286 1286 1280 1279 1290 1287 1288 1288 1289 1290 1294 1291 1292 1292 1293 1294 1296 1255 1258 1258 1295 1296 1260 1259 1297 1297 1298 1260 1299 1267 1260 1260 1298 1299 1300 1269 1267 1267 1299 1300 1263 1265 1301 1301 1302 1263 1263 1302 1295 1295 1258 1263 1302 1301 1296 1296 1295 1302 1298 1297 1300 1300 1299 1298 1306 1303 1304 1304 1305 1306 1310 1307 1308 1308 1309 1310 1312 1303 1306 1306 1311 1312 1314 1313 1312 1312 1311 1314 1309 1308 1315 1315 1316 1309 1315 1317 1318 1318 1316 1315 1322 1319 1320 1320 1321 1322 1326 1323 1324 1324 1325 1326 1325 1324 1327 1327 1328 1325 1330 1329 1322 1322 1321 1330 1332 1331 1329 1329 1330 1332 1327 1333 1334 1334 1328 1327 1338 1335 1336 1336 1337 1338 1342 1339 1340 1340 1341 1342 1344 1304 1303 1303 1343 1344 1307 1345 1346 1346 1308 1307 1347 1315 1308 1308 1346 1347 1348 1317 1315 1315 1347 1348 1312 1313 1349 1349 1350 1312 1312 1350 1343 1343 1303 1312 1350 1349 1344 1344 1343 1350 1346 1345 1348 1348 1347 1346 1354 1351 1352 1352 1353 1354 1358 1355 1356 1356 1357 1358 1360 1354 1353 1353 1359 1360 1362 1360 1359 1359 1361 1362 1357 1356 1363 1363 1364 1357 1363 1365 1366 1366 1364 1363 1370 1367 1368 1368 1369 1370 1374 1371 1372 1372 1373 1374 1373 1372 1375 1375 1376 1373 1378 1377 1370 1370 1369 1378 1380 1379 1377 1377 1378 1380 1384 1381 1382 1382 1383 1384 1388 1385 1386 1386 1387 1388 1392 1389 1390 1390 1391 1392 1351 1354 1393 1393 1394 1351 1396 1395 1356 1356 1355 1396 1397 1363 1356 1356 1395 1397 1398 1365 1363 1363 1397 1398 1360 1362 1399 1399 1400 1360 1360 1400 1393 1393 1354 1360 1400 1399 1394 1394 1393 1400 1395 1396 1398 1398 1397 1395 1404 1401 1402 1402 1403 1404 1408 1405 1406 1406 1407 1408 1410 1401 1404 1404 1409 1410 1412 1410 1409 1409 1411 1412 1407 1406 1413 1413 1414 1407 1413 1415 1416 1416 1414 1413 1420 1417 1418 1418 1419 1420 1424 1421 1422 1422 1423 1424 1423 1422 1425 1425 1426 1423 1428 1427 1420 1420 1419 1428 1430 1429 1427 1427 1428 1430 1434 1431 1432 1432 1433 1434 1438 1435 1436 1436 1437 1438 1442 1439 1440 1440 1441 1442 1402 1401 1443 1443 1444 1402 1406 1405 1445 1445 1446 1406 1406 1446 1447 1447 1413 1406 1450 1415 1448 1448 1449 1450 1453 1412 1451 1451 1452 1453 1401 1410 1454 1454 1443 1401 1454 1455 1444 1444 1443 1454 1445 1456 1447 1447 1446 1445 1460 1457 1458 1458 1459 1460 1464 1461 1462 1462 1463 1464 1466 1457 1460 1460 1465 1466 1468 1466 1465 1465 1467 1468 1461 1469 1470 1470 1462 1461 1469 1471 1472 1472 1470 1469 1476 1473 1474 1474 1475 1476 1480 1477 1478 1478 1479 1480 1479 1478 1481 1481 1482 1479 1484 1483 1476 1476 1475 1484 1486 1483 1484 1484 1485 1486 1481 1487 1488 1488 1482 1481 1492 1489 1490 1490 1491 1492 1496 1493 1494 1494 1495 1496 1498 1458 1457 1457 1497 1498 1464 1499 1500 1500 1461 1464 1501 1469 1461 1461 1500 1501 1502 1471 1469 1469 1501 1502 1468 1503 1504 1504 1466 1468 1457 1466 1504 1504 1497 1457 1503 1498 1497 1497 1504 1503 1500 1499 1502 1502 1501 1500 1508 1505 1506 1506 1507 1508 1512 1509 1510 1510 1511 1512 1505 1508 1513 1505 1513 1514 1516 1514 1513 1513 1515 1516 1510 1509 1517 1517 1518 1510 1517 1519 1520 1520 1518 1517 1524 1521 1522 1522 1523 1524 1528 1525 1526 1526 1527 1528 1526 1529 1530 1530 1527 1526 1532 1524 1523 1523 1531 1532 1534 1533 1532 1532 1531 1534 1529 1535 1536 1536 1530 1529 1540 1537 1538 1538 1539 1540 1544 1541 1542 1542 1543 1544 1546 1506 1505 1505 1545 1546 1509 1512 1547 1547 1548 1509 1549 1517 1509 1509 1548 1549 1550 1519 1517 1517 1549 1550 1514 1516 1551 1551 1552 1514 1545 1505 1514 1514 1552 1545 1551 1546 1545 1545 1552 1551 1548 1547 1550 1550 1549 1548 1556 1553 1554 1554 1555 1556 1560 1557 1558 1558 1559 1560 1562 1561 1556 1556 1555 1562 1564 1563 1561 1561 1562 1564 1568 1565 1566 1566 1567 1568 1570 1569 1566 1566 1565 1570 1574 1571 1572 1572 1573 1574 1578 1575 1576 1576 1577 1578 1577 1576 1579 1579 1580 1577 1582 1574 1573 1573 1581 1582 1584 1582 1581 1581 1583 1584 1579 1585 1586 1586 1580 1579 1590 1587 1588 1588 1589 1590 1594 1591 1592 1592 1593 1594 1553 1556 1595 1595 1596 1553 1599 1597 1568 1568 1598 1599 1565 1568 1597 1597 1600 1565 1600 1601 1570 1570 1565 1600 1561 1563 1602 1602 1603 1561 1556 1561 1603 1603 1595 1556 1603 1602 1596 1596 1595 1603 1601 1600 1597 1597 1599 1601 1607 1604 1605 1605 1606 1607 1611 1608 1609 1609 1610 1611 1613 1607 1606 1606 1612 1613 1615 1613 1612 1612 1614 1615 1610 1609 1616 1616 1617 1610 1617 1616 1618 1618 1619 1617 1623 1620 1621 1621 1622 1623 1627 1624 1625 1625 1626 1627 1625 1628 1629 1629 1626 1625 1631 1630 1623 1623 1622 1631 1633 1632 1630 1630 1631 1633 1628 1634 1635 1635 1629 1628 1639 1636 1637 1637 1638 1639 1643 1640 1641 1641 1642 1643 1645 1604 1607 1607 1644 1645 1608 1646 1647 1647 1609 1608 1647 1648 1616 1616 1609 1647 1648 1649 1618 1618 1616 1648 1615 1650 1651 1651 1613 1615 1651 1644 1607 1607 1613 1651 1650 1645 1644 1644 1651 1650 1647 1646 1649 1649 1648 1647 1655 1652 1653 1653 1654 1655 1659 1656 1657 1657 1658 1659 1661 1655 1654 1654 1660 1661 1663 1661 1660 1660 1662 1663 1658 1657 1664 1664 1665 1658 1664 1666 1667 1667 1665 1664 1671 1668 1669 1669 1670 1671 1675 1672 1673 1673 1674 1675 1674 1673 1676 1676 1677 1674 1679 1671 1670 1670 1678 1679 1681 1680 1679 1679 1678 1681 1676 1682 1683 1683 1677 1676 1687 1684 1685 1685 1686 1687 1691 1688 1689 1689 1690 1691 1693 1652 1655 1655 1692 1693 1657 1656 1694 1694 1695 1657 1657 1695 1696 1696 1664 1657 1696 1697 1666 1666 1664 1696 1699 1661 1663 1663 1698 1699 1692 1655 1661 1661 1699 1692 1698 1693 1692 1692 1699 1698 1695 1694 1697 1697 1696 1695 1703 1700 1701 1701 1702 1703 1707 1704 1705 1705 1706 1707 1709 1700 1703 1703 1708 1709 1711 1709 1708 1708 1710 1711 1705 1704 1712 1712 1713 1705 1713 1712 1714 1714 1715 1713 1719 1716 1717 1717 1718 1719 1723 1720 1721 1721 1722 1723 1722 1721 1724 1724 1725 1722 1727 1726 1719 1719 1718 1727 1729 1728 1726 1726 1727 1729 1724 1730 1731 1731 1725 1724 1735 1732 1733 1733 1734 1735 1739 1736 1737 1737 1738 1739 1741 1740 1701 1701 1700 1741 1707 1742 1743 1743 1704 1707 1743 1744 1712 1712 1704 1743 1745 1714 1712 1712 1744 1745 1747 1746 1709 1709 1711 1747 1700 1709 1746 1746 1741 1700 1746 1747 1740 1740 1741 1746 1743 1742 1745 1745 1744 1743 1751 1748 1749 1749 1750 1751 1755 1752 1753 1753 1754 1755 1757 1751 1750 1750 1756 1757 1759 1758 1757 1757 1756 1759 1754 1753 1760 1760 1761 1754 1760 1762 1763 1763 1761 1760 1767 1764 1765 1765 1766 1767 1771 1768 1769 1769 1770 1771 1769 1772 1773 1773 1770 1769 1775 1774 1767 1767 1766 1775 1777 1776 1774 1774 1775 1777 1772 1778 1779 1779 1773 1772 1783 1780 1781 1781 1782 1783 1787 1784 1785 1785 1786 1787 1789 1748 1751 1751 1788 1789 1753 1752 1790 1790 1791 1753 1792 1760 1753 1753 1791 1792 1793 1762 1760 1760 1792 1793 1796 1758 1794 1794 1795 1796 1757 1797 1788 1788 1751 1757 1797 1798 1789 1789 1788 1797 1791 1790 1793 1793 1792 1791 1802 1799 1800 1800 1801 1802 1806 1803 1804 1804 1805 1806 1808 1799 1802 1802 1807 1808 1810 1808 1807 1807 1809 1810 1805 1804 1811 1811 1812 1805 1811 1813 1814 1814 1812 1811 1818 1815 1816 1816 1817 1818 1822 1819 1820 1820 1821 1822 1821 1820 1823 1823 1824 1821 1826 1818 1817 1817 1825 1826 1825 1827 1828 1828 1826 1825 1823 1829 1830 1830 1824 1823 1834 1831 1832 1832 1833 1834 1838 1835 1836 1836 1837 1838 1800 1799 1839 1839 1840 1800 1804 1803 1841 1841 1842 1804 1843 1811 1804 1804 1842 1843 1844 1813 1811 1811 1843 1844 1810 1845 1846 1846 1808 1810 1799 1808 1846 1846 1839 1799 1846 1845 1840 1840 1839 1846 1842 1841 1844 1844 1843 1842 </p>
        </polylist>
      </mesh>
    </geometry>
    <geometry id="meshId1" name="meshId1_name" >
      <mesh>
        <source id="meshId1-positions" name="meshId1-positions">
          <float_array id="meshId1-positions-array" count="10983"> 0.0264846 0.0635123 -0.585858 0.0264525 0.0737169 -0.623437 7.24318e-11 0.0735832 -0.623437 -0.00041479 0.0654796 -0.586547 0.0572275 0.051898 -0.587014 0.0551881 0.0551815 -0.623437 0.0814041 0.0298758 -0.590987 0.0780226 0.030049 -0.623437 0.101076 0.0130101 -0.593569 0.095255 0.0149169 -0.623437 0.115322 -0.00955978 -0.59463 0.108182 -0.013206 -0.623437 0.119748 -0.0443128 -0.595122 0.105377 -0.0445755 -0.623437 0.0939232 -0.0753099 -0.623437 0.105377 -0.0445755 -0.623437 0.119748 -0.0443128 -0.595122 0.108043 -0.0748513 -0.593535 0.0815277 -0.102627 -0.591471 0.0762513 -0.100535 -0.623437 0.0453894 -0.121386 -0.590155 0.0418977 -0.116919 -0.623437 7.24318e-11 -0.126507 -0.58957 7.24318e-11 -0.120718 -0.623437 0.0275775 0.063696 -0.555423 0.0566832 0.050465 -0.555884 0.083024 0.0299209 -0.556349 0.10299 0.0121786 -0.558296 0.120375 -0.0121251 -0.559698 0.127747 -0.0504013 -0.560748 0.127747 -0.0504013 -0.560748 0.1138 -0.0783932 -0.556658 0.0868957 -0.104546 -0.554047 0.0482428 -0.123932 -0.554248 7.24318e-11 -0.12885 -0.555744 7.24318e-11 0.0669465 -0.554346 0.131573 -0.0217519 -0.527192 0.133569 -0.0534253 -0.538379 0.0287382 0.0657208 -0.521231 0.0572436 0.0485406 -0.522273 0.0825814 0.0301302 -0.524292 0.10567 0.0121401 -0.526338 7.24318e-11 0.0683011 -0.519507 0.105124 0.0188707 -0.496119 0.113134 0.022178 -0.46207 0.133379 0.00030772 -0.465201 0.131239 -0.00110456 -0.495515 0.127322 0.0153293 -0.426668 0.139115 -0.00983135 -0.438079 0.140314 -0.0195602 -0.397874 0.140829 -0.0350529 -0.420363 0.130838 -0.0644656 -0.393304 0.139688 -0.0633947 -0.418669 0.105284 -0.096544 -0.406818 0.135484 -0.0919678 -0.434245 0.139688 -0.0633947 -0.418669 0.130838 -0.0644656 -0.393304 0.0849069 -0.118446 -0.444137 0.1309 -0.110766 -0.465522 0.083511 -0.120476 -0.487608 0.129452 -0.105929 -0.497376 0.0899332 -0.108897 -0.520929 0.0522144 -0.128409 -0.519338 7.24318e-11 -0.134312 -0.515706 0.048851 -0.133213 -0.486779 7.24318e-11 -0.133827 -0.485643 0.045884 -0.134498 -0.443535 7.24318e-11 -0.13996 -0.437462 0.0778917 -0.12037 -0.400549 0.0442362 -0.137221 -0.397252 7.24318e-11 -0.146443 -0.390214 0.0755904 -0.119412 -0.353216 0.0435718 -0.13732 -0.350084 7.24318e-11 -0.145321 -0.343808 0.0834739 0.0358878 -0.492605 0.0576819 0.0486887 -0.493216 7.24318e-11 0.0635138 -0.490554 0.0286013 0.0632329 -0.491617 0.061488 0.0567683 -0.455706 0.0903979 0.0429604 -0.458464 0.0305673 0.0659039 -0.456499 -7.24318e-11 0.073351 -0.455894 0.098247 0.0466295 -0.427126 0.0640928 0.0592047 -0.425795 0.0322227 0.0712007 -0.427573 0.00082958 0.0822414 -0.427444 0.148615 -0.0224229 -0.360108 0.133982 -0.0630896 -0.356638 0.155833 -0.0232883 -0.323207 0.14073 -0.0595038 -0.318336 0.164582 -0.0242621 -0.284876 0.152084 -0.060082 -0.281321 0.162243 -0.0605302 -0.241426 0.17456 -0.0230536 -0.245564 0.176185 -0.0179423 -0.202292 0.163787 -0.0599515 -0.198378 0.169024 -0.0196063 -0.157882 0.159855 -0.0592467 -0.14659 0.133982 -0.0630896 -0.356638 0.105203 -0.09247 -0.357117 0.11106 -0.0936366 -0.314975 0.14073 -0.0595038 -0.318336 0.0779057 -0.123036 -0.311113 0.0458185 -0.138694 -0.308093 7.24318e-11 -0.148003 -0.301151 0.132655 -0.100664 -0.233342 0.123295 -0.0976808 -0.274568 0.152084 -0.060082 -0.281321 0.162243 -0.0605302 -0.241426 0.159855 -0.0592467 -0.14659 0.134634 -0.104277 -0.148617 0.13709 -0.101864 -0.19543 0.163787 -0.0599515 -0.198378 0.088781 -0.129061 -0.22874 0.082873 -0.127997 -0.269377 0.0952502 -0.132164 -0.144501 0.0938114 -0.130456 -0.190754 0.0510138 -0.143499 -0.187562 0.0495545 -0.141199 -0.226936 0.0472377 -0.139863 -0.266343 0.0494956 -0.146406 -0.140117 7.24318e-11 -0.147372 -0.259368 7.24318e-11 -0.149262 -0.181059 7.24318e-11 -0.150128 -0.13304 7.24318e-11 -0.14725 -0.22101 0.0710563 0.0670954 -0.393515 0.10521 0.0494535 -0.395316 0.132085 0.0161206 -0.396042 7.24318e-11 0.0926682 -0.389725 0.034469 0.0811657 -0.393808 0.0776117 0.0755366 -0.35413 0.111636 0.0535854 -0.357434 0.139224 0.018852 -0.359625 0.0381629 0.0988121 -0.350374 7.24318e-11 0.103826 -0.348976 0.116645 0.0573702 -0.320619 0.144593 0.0227813 -0.323233 7.24318e-11 0.10647 -0.314258 0.0391372 0.100804 -0.316104 0.0796963 0.0782404 -0.318782 0.12182 0.0616666 -0.273285 0.151849 0.025817 -0.276728 7.24318e-11 0.108185 -0.271835 0.0403199 0.101517 -0.273881 0.0884976 0.0836065 -0.272285 0.12777 0.0667213 -0.238263 0.162071 0.0287327 -0.24244 0.0407133 0.10586 -0.23746 -7.24318e-11 0.112592 -0.235898 0.0913398 0.089797 -0.240161 0.165866 0.0274812 -0.203145 0.132653 0.0681535 -0.201638 7.24318e-11 0.115431 -0.196242 0.0422773 0.109764 -0.199113 0.0917691 0.0902766 -0.19863 0.160758 0.0223858 -0.149313 0.128722 0.0651294 -0.153278 0.0440442 0.114929 -0.153188 7.24318e-11 0.120492 -0.150886 0.0922681 0.0880759 -0.153903 0.12231 0.0592493 -0.107865 0.159646 0.0192676 -0.0987091 0.0880022 0.0814434 -0.106495 7.24318e-11 0.114024 -0.1043 0.0416853 0.111949 -0.107853 0.0860934 0.0798442 -0.0559882 0.118205 0.0562806 -0.0600206 0.148348 0.0350595 -0.0596709 7.24318e-11 0.106825 -0.0531665 0.0399104 0.108804 -0.0534131 0.0778999 0.0730851 -0.00991824 0.112146 0.0557661 -0.0148233 0.134651 0.0410545 -0.0152555 7.24318e-11 0.0969538 -0.00677206 0.0352811 0.0910517 -0.00877076 0.0317642 0.0841425 0.0304257 0.0725869 0.0663593 0.0264502 0.104837 0.04794 0.0248599 0.127301 0.0340241 0.021135 7.24318e-11 0.0857794 0.0320607 0.029613 0.0742135 0.0660581 0.0669751 0.0505616 0.0633386 0.09968 0.0329697 0.0575391 0.124164 0.0128022 0.054367 7.24318e-11 0.0727324 0.0661322 0.144315 -0.0692039 -0.0917212 0.121981 -0.113835 -0.103002 0.0909273 -0.133461 -0.101469 0.0472047 -0.145509 -0.097391 7.24318e-11 -0.148736 -0.0924616 0.132721 -0.0841664 -0.0539011 0.106639 -0.116571 -0.0611858 0.120634 -0.0946414 -0.00790486 0.0910838 -0.119493 -0.0121715 0.109003 -0.0880895 0.0385312 0.0810082 -0.113673 0.0355809 0.105581 -0.0616647 0.0763932 0.0847207 -0.0994786 0.0749682 0.0811104 -0.130644 -0.0597792 0.0429175 -0.142897 -0.0555162 7.24318e-11 -0.148265 -0.051529 0.0704028 -0.128389 -0.0120509 0.0380762 -0.139664 -0.0108573 7.24318e-11 -0.146359 -0.0102336 0.0641913 -0.123816 0.0367152 0.0361007 -0.135529 0.0358757 7.24318e-11 -0.140723 0.0366935 0.0637959 -0.116092 0.0775949 0.0373298 -0.131292 0.077324 7.24318e-11 -0.136293 0.0760874 0.130292 -0.0838808 -0.525237 0.133569 -0.0534253 -0.538379 0.131239 -0.00110456 -0.495515 0.133379 0.00030772 -0.465201 0.155068 -0.0146007 -0.470274 0.154473 -0.0149364 -0.495491 0.131573 -0.0217519 -0.527192 0.155028 -0.0296876 -0.519517 0.150783 -0.0566782 -0.526386 0.133569 -0.0534253 -0.538379 0.130292 -0.0838808 -0.525237 0.149029 -0.079913 -0.518283 0.146252 -0.103278 -0.498792 0.129452 -0.105929 -0.497376 0.148159 -0.109709 -0.46529 0.1309 -0.110766 -0.465522 0.135484 -0.0919678 -0.434245 0.1309 -0.110766 -0.465522 0.148159 -0.109709 -0.46529 0.153103 -0.0923526 -0.438469 0.139688 -0.0633947 -0.418669 0.162158 -0.0680089 -0.428796 0.140829 -0.0350529 -0.420363 0.16541 -0.0424109 -0.430546 0.160803 -0.0225696 -0.44552 0.139115 -0.00983135 -0.438079 0.178704 -0.0247926 -0.473271 0.175016 -0.0254673 -0.495453 0.170484 -0.0382823 -0.514918 0.163979 -0.0605411 -0.520916 0.162258 -0.0822393 -0.512742 0.161783 -0.103169 -0.4964 0.166672 -0.112477 -0.467133 0.166672 -0.112477 -0.467133 0.172423 -0.0994738 -0.442056 0.184876 -0.0713446 -0.431475 0.189179 -0.0485082 -0.436113 0.185994 -0.0320969 -0.4506 0.184641 -0.0487818 -0.512997 0.175717 -0.0655956 -0.518622 0.172036 -0.0837142 -0.511563 0.17382 -0.104236 -0.497101 0.193643 -0.039528 -0.493191 0.198524 -0.040003 -0.471898 0.206209 -0.0456283 -0.458162 0.210278 -0.060869 -0.442138 0.20196 -0.0796459 -0.436054 0.191114 -0.106038 -0.447155 0.180512 -0.115592 -0.469244 0.180512 -0.115592 -0.469244 0.224571 -0.0912866 -0.447154 0.229572 -0.0727426 -0.458833 0.181086 -0.0718884 -0.524915 0.189717 -0.0530768 -0.520064 0.223571 -0.0587241 -0.472334 0.20459 -0.0481862 -0.5026 0.215973 -0.0521682 -0.486952 0.210081 -0.113036 -0.459158 0.193528 -0.118578 -0.478828 0.180967 -0.108272 -0.501475 0.193528 -0.118578 -0.478828 0.178397 -0.0895744 -0.517741 0.226481 -0.0669872 -0.510449 0.215783 -0.0599223 -0.523944 0.199752 -0.0608682 -0.532649 0.187305 -0.0765444 -0.535698 0.186496 -0.0973161 -0.528547 0.19042 -0.113811 -0.515198 0.202481 -0.122527 -0.490751 0.202481 -0.122527 -0.490751 0.216637 -0.117421 -0.474505 0.231277 -0.104923 -0.472138 0.235974 -0.0899491 -0.480384 0.233867 -0.075692 -0.498866 0.23995 -0.0863054 -0.519204 0.236404 -0.0772582 -0.530917 0.225519 -0.0707858 -0.541819 0.208167 -0.0719854 -0.546879 0.19453 -0.0852582 -0.550683 0.192207 -0.103136 -0.541971 0.19855 -0.117628 -0.528199 0.20922 -0.125018 -0.512728 0.227539 -0.121695 -0.499422 0.20922 -0.125018 -0.512728 0.238449 -0.110582 -0.501044 0.241052 -0.0984012 -0.508303 0.246871 -0.0975824 -0.538056 0.243764 -0.0894155 -0.546686 0.236403 -0.0838807 -0.556606 0.220978 -0.0840308 -0.565816 0.204001 -0.0942526 -0.563094 0.198161 -0.109004 -0.552628 0.204516 -0.120878 -0.541159 0.215 -0.126693 -0.530311 0.215 -0.126693 -0.530311 0.232264 -0.123911 -0.523117 0.241174 -0.114399 -0.526933 0.246008 -0.10523 -0.531205 0.258762 -0.122677 -0.625238 0.26321 -0.132153 -0.620603 0.266228 -0.135741 -0.632256 0.263107 -0.128735 -0.637048 0.256424 -0.130892 -0.639089 0.250283 -0.125195 -0.628239 0.247064 -0.132711 -0.627799 0.254949 -0.136322 -0.639145 0.247064 -0.132711 -0.627799 0.254949 -0.136322 -0.639145 0.256558 -0.141892 -0.636466 0.249763 -0.141866 -0.624721 0.261024 -0.142401 -0.634148 0.258043 -0.141942 -0.621414 0.266228 -0.135741 -0.632256 0.26321 -0.132153 -0.620603 0.253347 -0.119608 -0.608226 0.245152 -0.120205 -0.616633 0.258037 -0.128819 -0.607569 0.253121 -0.1399 -0.606094 0.258037 -0.128819 -0.607569 0.241657 -0.138712 -0.61374 0.239304 -0.127197 -0.615502 0.239304 -0.127197 -0.615502 0.261458 -0.136606 -0.647841 0.266396 -0.135347 -0.646428 0.268529 -0.145831 -0.654532 0.266568 -0.146417 -0.655894 0.265396 -0.147231 -0.654447 0.260541 -0.140385 -0.647821 0.260541 -0.140385 -0.647821 0.265396 -0.147231 -0.654447 0.265569 -0.147603 -0.652834 0.261505 -0.142746 -0.644528 0.266854 -0.147625 -0.651892 0.26478 -0.143013 -0.643466 0.26718 -0.140002 -0.6433 0.268742 -0.146433 -0.652715 0.26718 -0.140002 -0.6433 0.268742 -0.146433 -0.652715 0.263086 -0.13077 -0.637975 0.257466 -0.131707 -0.639613 0.263086 -0.13077 -0.637975 0.257466 -0.131707 -0.639613 0.255913 -0.136737 -0.640032 0.255913 -0.136737 -0.640032 0.254949 -0.136322 -0.639145 0.255913 -0.136737 -0.640032 0.257621 -0.140737 -0.638093 0.255913 -0.136737 -0.640032 0.257621 -0.140737 -0.638093 0.257621 -0.140737 -0.638093 0.261616 -0.142045 -0.635361 0.261616 -0.142045 -0.635361 0.265217 -0.136168 -0.634344 0.265217 -0.136168 -0.634344 0.265217 -0.136168 -0.634344 0.265217 -0.136168 -0.634344 0.266854 -0.147625 -0.651892 0.265569 -0.147603 -0.652834 0.226041 -0.123759 -0.624852 0.231112 -0.136909 -0.622791 0.227087 -0.1378 -0.634192 0.222008 -0.130762 -0.636822 0.217647 -0.123019 -0.620918 0.226041 -0.123759 -0.624852 0.222008 -0.130762 -0.636822 0.214504 -0.131992 -0.635726 0.212805 -0.136497 -0.633666 0.213859 -0.130567 -0.617938 0.213859 -0.130567 -0.617938 0.212805 -0.136497 -0.633666 0.215325 -0.14273 -0.631436 0.216815 -0.139481 -0.616616 0.222547 -0.145652 -0.63225 0.224725 -0.146739 -0.619297 0.233354 -0.123161 -0.614575 0.220764 -0.119246 -0.612507 0.233354 -0.123161 -0.614575 0.236537 -0.137454 -0.613744 0.227535 -0.14413 -0.605575 0.215991 -0.135662 -0.600949 0.214777 -0.127693 -0.601454 0.214777 -0.127693 -0.601454 0.218927 -0.138093 -0.644114 0.216863 -0.146615 -0.649555 0.215398 -0.146302 -0.64918 0.214125 -0.138384 -0.643229 0.21459 -0.147249 -0.647882 0.214271 -0.141746 -0.639993 0.216369 -0.144228 -0.638742 0.214271 -0.141746 -0.639993 0.21459 -0.147249 -0.647882 0.215265 -0.149316 -0.647782 0.217458 -0.149828 -0.648245 0.219627 -0.144881 -0.639941 0.221416 -0.141681 -0.64189 0.217501 -0.148718 -0.649686 0.216863 -0.146615 -0.649555 0.218927 -0.138093 -0.644114 0.220575 -0.13602 -0.640187 0.215044 -0.135691 -0.639362 0.220575 -0.13602 -0.640187 0.215044 -0.135691 -0.639362 0.214303 -0.138857 -0.636767 0.214303 -0.138857 -0.636767 0.214303 -0.138857 -0.636767 0.216324 -0.142673 -0.63456 0.216324 -0.142673 -0.63456 0.214303 -0.138857 -0.636767 0.220944 -0.144389 -0.635876 0.220944 -0.144389 -0.635876 0.222856 -0.139544 -0.638884 0.222856 -0.139544 -0.638884 0.220575 -0.13602 -0.640187 0.220575 -0.13602 -0.640187 0.217501 -0.148718 -0.649686 0.217458 -0.149828 -0.648245 0.215265 -0.149316 -0.647782 0.266806 -0.132898 -0.586002 0.273184 -0.133783 -0.592062 0.27265 -0.126178 -0.592778 0.267481 -0.124727 -0.587187 0.2643 -0.120594 -0.596847 0.270961 -0.12269 -0.600068 0.259733 -0.129309 -0.601924 0.268019 -0.128415 -0.603866 0.26834 -0.137071 -0.602923 0.259367 -0.136404 -0.600071 0.259733 -0.129309 -0.601924 0.268019 -0.128415 -0.603866 0.270943 -0.139421 -0.595616 0.263908 -0.139591 -0.590832 0.273184 -0.133783 -0.592062 0.266806 -0.132898 -0.586002 0.283073 -0.130616 -0.601795 0.281581 -0.12913 -0.605837 0.279522 -0.131556 -0.607809 0.279522 -0.131556 -0.607809 0.279279 -0.13597 -0.607026 0.281517 -0.137185 -0.603282 0.282915 -0.134317 -0.601311 0.282915 -0.134317 -0.601311 0.288776 -0.136502 -0.609667 0.289256 -0.137295 -0.608096 0.290124 -0.138438 -0.608835 0.289429 -0.137948 -0.610309 0.2892 -0.139235 -0.610667 0.289429 -0.137948 -0.610309 0.290124 -0.138438 -0.608835 0.289818 -0.139733 -0.60906 0.282194 -0.1304 -0.606049 0.2807 -0.132283 -0.607258 0.2807 -0.132283 -0.607258 0.280594 -0.13581 -0.607074 0.282164 -0.136879 -0.604309 0.283185 -0.134938 -0.60253 0.283185 -0.134938 -0.60253 0.283495 -0.132081 -0.602542 0.282194 -0.1304 -0.606049 0.285667 -0.132698 -0.608096 0.284207 -0.134332 -0.609247 0.2807 -0.132283 -0.607258 0.280594 -0.13581 -0.607074 0.2807 -0.132283 -0.607258 0.284207 -0.134332 -0.609247 0.284296 -0.137198 -0.608969 0.282164 -0.136879 -0.604309 0.285688 -0.138003 -0.606617 0.283185 -0.134938 -0.60253 0.286524 -0.136489 -0.605263 0.283495 -0.132081 -0.602542 0.283185 -0.134938 -0.60253 0.286524 -0.136489 -0.605263 0.286901 -0.134344 -0.605441 0.203823 -0.11932 -0.592495 0.2106 -0.126336 -0.596737 0.202167 -0.128347 -0.600313 0.197289 -0.124646 -0.598879 0.195095 -0.12674 -0.591654 0.198736 -0.124313 -0.586581 0.196998 -0.135564 -0.588959 0.200685 -0.13471 -0.583564 0.200685 -0.13471 -0.583564 0.196998 -0.135564 -0.588959 0.200955 -0.141396 -0.592422 0.205596 -0.142568 -0.588082 0.211438 -0.136201 -0.596507 0.203893 -0.136665 -0.599343 0.2106 -0.126336 -0.596737 0.202167 -0.128347 -0.600313 0.194247 -0.13242 -0.607403 0.190621 -0.129599 -0.605189 0.188966 -0.131594 -0.601902 0.190111 -0.136179 -0.60056 0.190111 -0.136179 -0.60056 0.192675 -0.138905 -0.601288 0.195407 -0.137762 -0.604647 0.194247 -0.13242 -0.607403 0.187195 -0.137742 -0.610247 0.187492 -0.140341 -0.611153 0.186504 -0.141432 -0.60945 0.186233 -0.139188 -0.608237 0.18792 -0.141325 -0.608259 0.186504 -0.141432 -0.60945 0.187492 -0.140341 -0.611153 0.188931 -0.14061 -0.610089 0.188516 -0.133349 -0.603476 0.189522 -0.132045 -0.606349 0.189522 -0.132045 -0.606349 0.188516 -0.133349 -0.603476 0.190045 -0.13662 -0.601818 0.190045 -0.13662 -0.601818 0.190045 -0.13662 -0.601818 0.191802 -0.1385 -0.6025 0.192675 -0.138905 -0.601288 0.190111 -0.136179 -0.60056 0.190045 -0.13662 -0.601818 0.191802 -0.1385 -0.6025 0.193296 -0.13802 -0.605486 0.193296 -0.13802 -0.605486 0.192398 -0.133641 -0.6077 0.193296 -0.13802 -0.605486 0.192398 -0.133641 -0.6077 0.194247 -0.13242 -0.607403 0.192398 -0.133641 -0.6077 0.192398 -0.133641 -0.6077 0.279061 -0.131825 -0.572078 0.277797 -0.133266 -0.568062 0.28109 -0.136055 -0.568473 0.282347 -0.134927 -0.571813 0.281426 -0.136552 -0.574023 0.278152 -0.134221 -0.575133 0.279341 -0.139425 -0.574712 0.276814 -0.138107 -0.57572 0.276814 -0.138107 -0.57572 0.279341 -0.139425 -0.574712 0.277448 -0.141953 -0.572109 0.275478 -0.141675 -0.572933 0.275262 -0.139531 -0.568342 0.278208 -0.13996 -0.568449 0.277797 -0.133266 -0.568062 0.28109 -0.136055 -0.568473 0.268522 -0.127375 -0.579929 0.270111 -0.125311 -0.573551 0.270872 -0.129841 -0.56745 0.264181 -0.137605 -0.566364 0.270872 -0.129841 -0.56745 0.265436 -0.14044 -0.576774 0.266957 -0.135092 -0.580828 0.266957 -0.135092 -0.580828 0.28571 -0.140585 -0.569241 0.288459 -0.143968 -0.570085 0.288667 -0.143606 -0.570547 0.286539 -0.139801 -0.570662 0.286356 -0.140407 -0.572087 0.289157 -0.144707 -0.570694 0.288319 -0.144121 -0.57105 0.285892 -0.141628 -0.57236 0.285892 -0.141628 -0.57236 0.288319 -0.144121 -0.57105 0.287908 -0.144264 -0.570635 0.285042 -0.142727 -0.571489 0.28485 -0.142462 -0.569943 0.285042 -0.142727 -0.571489 0.287908 -0.144264 -0.570635 0.288988 -0.144858 -0.570296 0.288988 -0.144858 -0.570296 0.288459 -0.143968 -0.570085 0.28571 -0.140585 -0.569241 0.288459 -0.143968 -0.570085 0.288988 -0.144858 -0.570296 0.289157 -0.144707 -0.570694 0.288319 -0.144121 -0.57105 0.281611 -0.136897 -0.569192 0.282567 -0.136572 -0.571777 0.282567 -0.136572 -0.571777 0.281611 -0.136897 -0.569192 0.282216 -0.137574 -0.573214 0.282216 -0.137574 -0.573214 0.280453 -0.139762 -0.574082 0.280453 -0.139762 -0.574082 0.280453 -0.139762 -0.574082 0.278633 -0.141586 -0.571748 0.280453 -0.139762 -0.574082 0.278633 -0.141586 -0.571748 0.279391 -0.140022 -0.568845 0.279391 -0.140022 -0.568845 0.281611 -0.136897 -0.569192 0.281611 -0.136897 -0.569192 0.223506 -0.111376 -0.603973 0.232207 -0.11002 -0.605571 0.24037 -0.109687 -0.602989 0.248326 -0.110025 -0.597566 0.254767 -0.111363 -0.591467 0.258823 -0.113662 -0.583546 0.202887 -0.118294 -0.572324 0.208964 -0.110343 -0.584335 0.212017 -0.118629 -0.594329 0.216195 -0.119985 -0.599046 0.261685 -0.117373 -0.567641 0.261408 -0.123535 -0.561459 0.261408 -0.123535 -0.561459 0.256196 -0.130455 -0.555312 0.215877 -0.145128 -0.580273 0.222235 -0.146656 -0.590833 0.24859 -0.146661 -0.593126 0.256547 -0.144997 -0.58175 0.258197 -0.139907 -0.565585 0.258383 -0.143799 -0.572302 0.239136 -0.146729 -0.600358 0.230929 -0.149201 -0.588145 0.205537 -0.127963 -0.566543 0.205537 -0.127963 -0.566543 0.246908 -0.14115 -0.557061 0.26076 -0.115225 -0.576742 0.244001 -0.102117 -0.588182 0.248866 -0.10363 -0.582306 0.247933 -0.0989282 -0.572084 0.233205 -0.0958279 -0.582791 0.202887 -0.118294 -0.572324 0.205537 -0.127963 -0.566543 0.233205 -0.0958279 -0.582791 0.247933 -0.0989282 -0.572084 0.221492 -0.104934 -0.59228 0.230192 -0.103578 -0.593879 0.212647 -0.102958 -0.58045 0.212647 -0.102958 -0.58045 0.254552 -0.109254 -0.554294 0.253366 -0.114943 -0.548485 0.252245 -0.101555 -0.564186 0.252245 -0.101555 -0.564186 0.254552 -0.109254 -0.554294 0.253366 -0.114943 -0.548485 0.239104 -0.132559 -0.543133 0.21874 -0.137558 -0.551056 0.247448 -0.146365 -0.569739 0.24342 -0.149615 -0.578581 0.250086 -0.122215 -0.544437 0.253366 -0.114943 -0.548485 0.250086 -0.122215 -0.544437 0.21874 -0.137558 -0.551056 0.224973 -0.147338 -0.567847 0.21874 -0.137558 -0.551056 0.239104 -0.132559 -0.543133 0.237683 -0.150574 -0.58342 0.127301 0.0340241 0.021135 0.124164 0.0128022 0.054367 0.141828 0.00944072 0.045922 0.144742 0.0289336 0.0217256 0.134651 0.0410545 -0.0152555 0.157434 0.0398841 -0.0119718 0.164592 0.0341142 -0.0500329 0.148348 0.0350595 -0.0596709 0.173127 0.0216876 -0.0928715 0.159646 0.0192676 -0.0987091 0.179626 0.00902887 -0.120298 0.167097 0.00432678 -0.123844 0.183773 -0.0159861 -0.149152 0.172053 -0.0221626 -0.146824 0.114124 -0.0211499 0.0733397 0.130919 -0.0210752 0.063846 0.105581 -0.0616647 0.0763932 0.116495 -0.0567663 0.0646038 0.109003 -0.0880895 0.0385312 0.118989 -0.079376 0.0359634 0.120634 -0.0946414 -0.00790486 0.130678 -0.0849949 -0.00585182 0.132721 -0.0841664 -0.0539011 0.138986 -0.0761414 -0.047796 0.144315 -0.0692039 -0.0917212 0.155806 -0.0639315 -0.0873489 0.165955 -0.0796448 -0.0244139 0.152621 -0.0779726 0.00863961 0.186858 -0.0650944 -0.00664686 0.170852 -0.0648353 0.020312 0.180707 -0.0287154 0.0265228 0.196383 -0.0309569 -0.00198147 0.194387 0.00542394 -0.0141747 0.179145 0.00636374 0.0118498 0.172682 0.0292343 -0.00557878 0.185952 0.0257018 -0.032147 0.162197 0.00739067 0.0307155 0.160363 -0.0249413 0.0495903 0.14959 -0.0592056 0.0431651 0.136493 -0.0741182 0.0289863 0.161662 0.0229064 0.0158845 0.17714 -0.0746302 -0.0586328 0.194619 0.0185177 -0.0798966 0.2011 0.0116473 -0.111832 0.20654 -0.00420181 -0.142511 0.207353 0.00210953 -0.0569773 0.217386 -0.00239081 -0.0953741 0.224181 -0.00934821 -0.12082 0.210176 -0.0299247 -0.0426055 0.198983 -0.0587189 -0.0465971 0.153847 -0.0585744 -0.103553 0.162229 -0.0519894 -0.131835 0.164785 -0.0544797 -0.131276 0.159662 -0.05979 -0.105947 0.205736 -0.0861131 -0.078192 0.202509 -0.0623942 -0.0783401 0.182877 -0.0748059 -0.0762472 0.182907 -0.0866115 -0.0753685 0.165501 -0.070486 -0.0910912 0.163604 -0.0815999 -0.089186 0.162388 -0.0670312 -0.107487 0.158308 -0.0758776 -0.108964 0.163523 -0.0652149 -0.129055 0.163327 -0.0723878 -0.13075 0.174053 -0.0494744 -0.147294 0.164785 -0.0544797 -0.131276 0.162229 -0.0519894 -0.131835 0.169656 -0.0444839 -0.145342 0.178819 -0.0550955 -0.151116 0.178184 -0.0673556 -0.151673 0.163327 -0.0723878 -0.13075 0.163523 -0.0652149 -0.129055 0.200211 -0.0648545 -0.155374 0.200573 -0.0500039 -0.154808 0.223724 -0.0535298 -0.131468 0.223362 -0.0683803 -0.132035 0.221872 -0.0807532 -0.0993124 0.22235 -0.0585977 -0.104622 0.215916 -0.0265434 -0.0779207 0.223327 -0.0303979 -0.0989021 0.180438 -0.034738 -0.152244 0.172288 -0.0321103 -0.145943 0.205766 -0.0264153 -0.155026 0.2269 -0.0277556 -0.13315 0.224843 -0.0389295 -0.107121 0.197321 -0.116804 -0.249203 0.207673 -0.12261 -0.250355 0.20424 -0.124759 -0.257267 0.196631 -0.119449 -0.258192 0.189443 -0.124484 -0.256519 0.189248 -0.122001 -0.24815 0.187347 -0.130248 -0.24622 0.189248 -0.122001 -0.24815 0.189443 -0.124484 -0.256519 0.189016 -0.132343 -0.254717 0.195275 -0.136736 -0.243791 0.195167 -0.137402 -0.25472 0.201817 -0.134589 -0.255509 0.202051 -0.134136 -0.245502 0.20424 -0.124759 -0.257267 0.207673 -0.12261 -0.250355 0.195887 -0.135717 -0.263542 0.191963 -0.132559 -0.264169 0.193344 -0.138756 -0.273667 0.195082 -0.140039 -0.273601 0.200476 -0.133714 -0.264736 0.196109 -0.139553 -0.274602 0.197853 -0.137141 -0.274511 0.201732 -0.129088 -0.266288 0.195798 -0.125413 -0.266669 0.201732 -0.129088 -0.266288 0.197853 -0.137141 -0.274511 0.195383 -0.136313 -0.274816 0.193386 -0.136701 -0.274618 0.192029 -0.127144 -0.265516 0.192029 -0.127144 -0.265516 0.193386 -0.136701 -0.274618 0.195383 -0.136313 -0.274816 0.190567 -0.13163 -0.256799 0.195513 -0.136177 -0.256291 0.190567 -0.13163 -0.256799 0.195513 -0.136177 -0.256291 0.200814 -0.133785 -0.257118 0.200814 -0.133785 -0.257118 0.202906 -0.125788 -0.258812 0.202906 -0.125788 -0.258812 0.196631 -0.119449 -0.258192 0.20424 -0.124759 -0.257267 0.202906 -0.125788 -0.258812 0.196502 -0.121341 -0.25963 0.202906 -0.125788 -0.258812 0.196502 -0.121341 -0.25963 0.189443 -0.124484 -0.256519 0.191052 -0.125385 -0.258482 0.191052 -0.125385 -0.258482 0.191052 -0.125385 -0.258482 0.191052 -0.125385 -0.258482 0.229629 -0.116886 -0.247231 0.238361 -0.12179 -0.244612 0.237525 -0.125529 -0.257585 0.23187 -0.122205 -0.261621 0.220099 -0.121356 -0.247561 0.225943 -0.125746 -0.262063 0.220099 -0.121356 -0.247561 0.225943 -0.125746 -0.262063 0.224675 -0.132074 -0.259838 0.220578 -0.131257 -0.247945 0.230168 -0.136045 -0.257715 0.22589 -0.137927 -0.246396 0.232232 -0.13534 -0.245135 0.235816 -0.133366 -0.256761 0.238361 -0.12179 -0.244612 0.237525 -0.125529 -0.257585 0.234103 -0.135899 -0.267617 0.230273 -0.133314 -0.269483 0.233509 -0.137997 -0.278461 0.235636 -0.139584 -0.277458 0.237678 -0.133746 -0.267579 0.2371 -0.139091 -0.279737 0.238087 -0.136172 -0.278878 0.238112 -0.129515 -0.268407 0.238112 -0.129515 -0.268407 0.238087 -0.136172 -0.278878 0.235857 -0.134792 -0.279688 0.23302 -0.127262 -0.270423 0.230762 -0.12909 -0.27061 0.234469 -0.137191 -0.280405 0.230762 -0.12909 -0.27061 0.234469 -0.137191 -0.280405 0.235857 -0.134792 -0.279688 0.226434 -0.132027 -0.26125 0.231026 -0.134677 -0.2589 0.231026 -0.134677 -0.2589 0.226434 -0.132027 -0.26125 0.235438 -0.133053 -0.258523 0.235438 -0.133053 -0.258523 0.23675 -0.126587 -0.259754 0.23675 -0.126587 -0.259754 0.237525 -0.125529 -0.257585 0.23675 -0.126587 -0.259754 0.231908 -0.123801 -0.262786 0.23187 -0.122205 -0.261621 0.231908 -0.123801 -0.262786 0.23675 -0.126587 -0.259754 0.225943 -0.125746 -0.262063 0.227638 -0.126694 -0.26316 0.227638 -0.126694 -0.26316 0.225943 -0.125746 -0.262063 0.227638 -0.126694 -0.26316 0.226434 -0.132027 -0.26125 0.224675 -0.132074 -0.259838 0.227638 -0.126694 -0.26316 0.270803 -0.13738 -0.252142 0.268266 -0.136159 -0.254747 0.273777 -0.139779 -0.260756 0.27561 -0.140975 -0.25895 0.273117 -0.135152 -0.25135 0.277692 -0.140402 -0.260659 0.273117 -0.135152 -0.25135 0.277692 -0.140402 -0.260659 0.27797 -0.137325 -0.25983 0.273814 -0.131453 -0.252215 0.276001 -0.136338 -0.261467 0.27016 -0.129981 -0.25567 0.268014 -0.133142 -0.256049 0.275238 -0.138952 -0.262348 0.268014 -0.133142 -0.256049 0.275238 -0.138952 -0.262348 0.266545 -0.137592 -0.247177 0.262485 -0.135191 -0.249927 0.264255 -0.134445 -0.250958 0.268114 -0.136718 -0.24868 0.264255 -0.134445 -0.250958 0.268114 -0.136718 -0.24868 0.271194 -0.133749 -0.247174 0.271218 -0.133706 -0.245031 0.271194 -0.133749 -0.247174 0.271218 -0.133706 -0.245031 0.271194 -0.133749 -0.247174 0.271687 -0.129309 -0.248181 0.272238 -0.128163 -0.246439 0.271687 -0.129309 -0.248181 0.271194 -0.133749 -0.247174 0.266438 -0.12635 -0.250565 0.267197 -0.127654 -0.251417 0.267197 -0.127654 -0.251417 0.262988 -0.129476 -0.251075 0.264602 -0.130518 -0.251888 0.264602 -0.130518 -0.251888 0.262988 -0.129476 -0.251075 0.264602 -0.130518 -0.251888 0.264255 -0.134445 -0.250958 0.262485 -0.135191 -0.249927 0.264602 -0.130518 -0.251888 0.258015 -0.11963 -0.235493 0.26408 -0.123598 -0.231646 0.268203 -0.124795 -0.23943 0.262615 -0.122276 -0.243363 0.266438 -0.12635 -0.250565 0.272238 -0.128163 -0.246439 0.249891 -0.122909 -0.237405 0.257074 -0.126606 -0.245444 0.262988 -0.129476 -0.251075 0.249891 -0.122909 -0.237405 0.257074 -0.126606 -0.245444 0.256539 -0.134109 -0.244411 0.250806 -0.135298 -0.235915 0.262988 -0.129476 -0.251075 0.262386 -0.138219 -0.240298 0.258168 -0.139314 -0.232802 0.262657 -0.131713 -0.228307 0.267212 -0.133538 -0.237669 0.267212 -0.133538 -0.237669 0.262657 -0.131713 -0.228307 0.271218 -0.133706 -0.245031 0.281961 -0.147403 -0.21992 0.285426 -0.149658 -0.221966 0.286236 -0.150566 -0.220121 0.283539 -0.148346 -0.217756 0.285164 -0.146713 -0.217159 0.28832 -0.151047 -0.221043 0.285164 -0.146713 -0.217159 0.28832 -0.151047 -0.221043 0.288076 -0.148056 -0.220448 0.286139 -0.144418 -0.218353 0.287362 -0.147262 -0.222169 0.284791 -0.14349 -0.220601 0.283002 -0.144926 -0.221367 0.287038 -0.14956 -0.22254 0.283002 -0.144926 -0.221367 0.287038 -0.14956 -0.22254 0.276971 -0.145374 -0.21154 0.275374 -0.141317 -0.21596 0.278354 -0.143638 -0.218113 0.280069 -0.146374 -0.214663 0.280184 -0.142057 -0.209733 0.282359 -0.144083 -0.21366 0.280406 -0.137842 -0.211436 0.280184 -0.142057 -0.209733 0.282359 -0.144083 -0.21366 0.28318 -0.140677 -0.215055 0.281242 -0.139778 -0.217291 0.278456 -0.137011 -0.21427 0.27948 -0.14134 -0.21846 0.276853 -0.138751 -0.215669 0.276853 -0.138751 -0.215669 0.27948 -0.14134 -0.21846 0.274225 -0.133312 -0.203249 0.279166 -0.13454 -0.207554 0.276126 -0.132691 -0.212687 0.271514 -0.130542 -0.208842 0.280406 -0.137842 -0.211436 0.278456 -0.137011 -0.21427 0.272657 -0.134566 -0.215064 0.268116 -0.132164 -0.212101 0.276853 -0.138751 -0.215669 0.264099 -0.140442 -0.210462 0.268116 -0.132164 -0.212101 0.272657 -0.134566 -0.215064 0.269363 -0.142962 -0.215084 0.276853 -0.138751 -0.215669 0.275374 -0.141317 -0.21596 0.269363 -0.142962 -0.215084 0.273559 -0.147314 -0.209028 0.267357 -0.146773 -0.204898 0.275374 -0.141317 -0.21596 0.276971 -0.145374 -0.21154 0.273559 -0.147314 -0.209028 0.273318 -0.139271 -0.201538 0.278249 -0.141498 -0.205693 0.276971 -0.145374 -0.21154 0.280184 -0.142057 -0.209733 0.278249 -0.141498 -0.205693 0.273318 -0.139271 -0.201538 0.279166 -0.13454 -0.207554 0.278249 -0.141498 -0.205693 0.280184 -0.142057 -0.209733 0.280406 -0.137842 -0.211436 0.216012 -0.115875 -0.231586 0.224354 -0.113191 -0.2296 0.231065 -0.116114 -0.226404 0.242087 -0.117676 -0.222817 0.249096 -0.115695 -0.220677 0.255234 -0.119521 -0.216886 0.196722 -0.114387 -0.233992 0.187327 -0.119479 -0.233158 0.206171 -0.115805 -0.233465 0.201073 -0.135742 -0.231096 0.19397 -0.137909 -0.230194 0.185176 -0.129385 -0.230651 0.221542 -0.138575 -0.2311 0.216542 -0.133946 -0.229591 0.226066 -0.136351 -0.226924 0.250974 -0.140538 -0.21987 0.243518 -0.137105 -0.224177 0.25789 -0.129799 -0.216811 0.257469 -0.146448 -0.195836 0.255857 -0.143088 -0.202087 0.26224 -0.139941 -0.191197 0.25789 -0.129799 -0.216811 0.263998 -0.130378 -0.191889 0.26171 -0.1252 -0.199215 0.26224 -0.139941 -0.191197 0.243484 -0.121882 -0.238576 0.236897 -0.117426 -0.224453 0.213339 -0.121167 -0.24669 0.21084 -0.116417 -0.232382 0.239606 -0.127834 -0.228988 0.243484 -0.121882 -0.238576 0.232376 -0.130488 -0.227959 0.207037 -0.128507 -0.232628 0.254975 -0.13437 -0.20661 0.26075 -0.128155 -0.211257 0.256923 -0.12474 -0.207251 0.26075 -0.128155 -0.211257 0.243373 -0.145638 -0.182627 0.24705 -0.140415 -0.193499 0.249175 -0.136865 -0.176532 0.238251 -0.141153 -0.197013 0.23216 -0.140842 -0.202954 0.246228 -0.139003 -0.199234 0.232734 -0.133489 -0.212592 0.226633 -0.132813 -0.214599 0.191747 -0.139975 -0.211222 0.19966 -0.140324 -0.212888 0.212087 -0.123087 -0.245824 0.212421 -0.12858 -0.230649 0.212087 -0.123087 -0.245824 0.213339 -0.121167 -0.24669 0.220099 -0.121356 -0.247561 0.213339 -0.121167 -0.24669 0.187327 -0.119479 -0.233158 0.181893 -0.128903 -0.209539 0.185899 -0.117224 -0.210492 0.203427 -0.108365 -0.215252 0.208095 -0.108976 -0.21417 0.193962 -0.108381 -0.210115 0.185899 -0.117224 -0.210492 0.211973 -0.105977 -0.208039 0.224822 -0.111442 -0.210605 0.229829 -0.113597 -0.208036 0.21839 -0.106633 -0.206991 0.231515 -0.111261 -0.201617 0.246274 -0.118121 -0.202009 0.249757 -0.121482 -0.196383 0.250511 -0.118388 -0.187673 0.239606 -0.113876 -0.198635 0.253922 -0.125045 -0.177914 0.249175 -0.136865 -0.176532 0.21994 -0.139878 -0.20827 0.210299 -0.137871 -0.217138 0.205294 -0.137045 -0.2178 0.21278 -0.140711 -0.210456 0.191347 -0.104693 -0.194989 0.206122 -0.0992317 -0.194688 0.214025 -0.0996043 -0.193713 0.226314 -0.103844 -0.189173 0.234122 -0.108781 -0.183305 0.241604 -0.113097 -0.175095 0.182437 -0.11442 -0.194522 0.17848 -0.127875 -0.19335 0.182437 -0.11442 -0.194522 0.184137 -0.140483 -0.191371 0.244399 -0.120747 -0.168112 0.241957 -0.133073 -0.164043 0.233062 -0.144328 -0.167226 0.241957 -0.133073 -0.164043 0.19355 -0.146602 -0.189994 0.210539 -0.150866 -0.187196 0.204341 -0.150603 -0.189172 0.221203 -0.150312 -0.182431 0.227314 -0.149604 -0.177323 0.204763 -0.147141 -0.171337 0.198565 -0.146878 -0.173313 0.18883 -0.146451 -0.171506 0.212663 -0.148301 -0.162882 0.220554 -0.147173 -0.157302 0.225246 -0.141087 -0.148042 0.178826 -0.1403 -0.172812 0.17245 -0.127315 -0.17563 0.176407 -0.11386 -0.176803 0.183711 -0.0997236 -0.177403 0.176407 -0.11386 -0.176803 0.195798 -0.091734 -0.177464 0.205648 -0.0914261 -0.17608 0.218363 -0.093633 -0.17246 0.226936 -0.099906 -0.1672 0.231724 -0.106607 -0.158706 0.234292 -0.115202 -0.152194 0.233032 -0.130334 -0.147532 0.233032 -0.130334 -0.147532 0.203796 -0.148701 -0.148115 0.180932 -0.143277 -0.151772 0.213269 -0.0871578 -0.161423 0.220518 -0.0900843 -0.154203 0.201585 -0.0791726 -0.162879 0.224885 -0.0875397 -0.140388 0.224885 -0.0875397 -0.140388 0.201585 -0.0791726 -0.162879 0.182291 -0.102807 -0.0735475 0.204919 -0.102973 -0.0747096 0.182291 -0.102807 -0.0735475 0.182111 -0.117381 -0.0770728 0.203377 -0.117251 -0.078412 0.204919 -0.102973 -0.0747096 0.185766 -0.13935 -0.0921608 0.20558 -0.134341 -0.0903491 0.190852 -0.144888 -0.112957 0.211459 -0.141006 -0.107967 0.217465 -0.140772 -0.128514 0.196595 -0.14503 -0.133158 0.223644 -0.100016 -0.100465 0.221077 -0.111802 -0.100942 0.223644 -0.100016 -0.100465 0.226345 -0.129807 -0.131403 0.221958 -0.127599 -0.117382 0.21758 -0.125619 -0.102564 0.226968 -0.105458 -0.132225 0.226345 -0.129807 -0.131403 0.161576 -0.0992882 -0.0862467 0.161576 -0.0992882 -0.0862467 0.166249 -0.116176 -0.0906941 0.174402 -0.133405 -0.0996409 0.177809 -0.141691 -0.119521 0.179318 -0.143163 -0.136038 0.223644 -0.100016 -0.100465 0.221077 -0.111802 -0.100942 0.221958 -0.127599 -0.117382 0.21758 -0.125619 -0.102564 0.154409 -0.0924844 -0.1122 0.161979 -0.0861988 -0.134745 0.179508 -0.0826453 -0.158242 0.161979 -0.0861988 -0.134745 0.179508 -0.0826453 -0.158242 0.170763 -0.0952927 -0.157626 0.167115 -0.109753 -0.157554 0.164552 -0.124141 -0.155896 0.167115 -0.109753 -0.157554 0.170929 -0.137126 -0.153078 0.154409 -0.0924844 -0.1122 0.161252 -0.109746 -0.115971 0.161979 -0.0861988 -0.134745 0.163809 -0.100354 -0.137759 0.161979 -0.0861988 -0.134745 0.163809 -0.100354 -0.137759 0.168718 -0.134204 -0.138803 0.165878 -0.130954 -0.122321 0.163184 -0.123219 -0.113249 0.162638 -0.113503 -0.14181 0.162638 -0.113503 -0.14181 0.202491 -0.0593809 -0.068333 0.0284559 0.0635879 0.080598 7.24318e-11 0.0667811 0.0825393 7.24318e-11 0.0466829 0.130108 0.0258505 0.0425813 0.129562 0.0535376 0.0292847 0.126114 0.0662557 0.050439 0.0819119 0.0811826 0.00553622 0.124597 0.0881495 0.0231679 0.0782589 0.114124 -0.0211499 0.0733397 0.089919 -0.0286863 0.121114 0.0876041 -0.065489 0.120919 0.105581 -0.0616647 0.0763932 0.0876041 -0.065489 0.120919 0.0730072 -0.095422 0.119999 0.0570887 -0.116254 0.118308 0.0333057 -0.133613 0.118678 7.24318e-11 -0.138636 0.117019 0.0118138 -0.096132 0.968053 7.24318e-11 -0.092368 0.968382 7.24318e-11 -0.0966885 0.98816 0.00867021 -0.0992902 0.987986 0.0150684 -0.0771881 0.837213 7.24318e-11 -0.0749522 0.838036 7.24318e-11 -0.0789659 0.872972 0.0130656 -0.080147 0.873315 0.010953 -0.0488018 0.661422 0.0104821 -0.0552041 0.701419 0.0259656 -0.060862 0.701329 0.0267472 -0.0550998 0.6626 0.0256154 -0.052673 0.621307 0.0124792 -0.0462838 0.621412 0.0391493 -0.016073 0.346261 0.0202301 -0.00833918 0.346864 0.0156813 -0.0177988 0.391934 0.0325104 -0.0235638 0.39238 0.0446733 -0.00721676 0.294924 0.0248418 0.00289494 0.29861 0.0257598 0.013783 0.236475 0.0460269 0.00128993 0.235466 0.0491856 0.0112132 0.17537 0.0261204 0.0266574 0.177878 0.0261204 0.0266574 0.177878 0.0491856 0.0112132 0.17537 0.0159298 -0.103292 0.967149 0.0115866 -0.104973 0.988148 0.0235208 -0.0939386 0.872993 0.0218826 -0.0877078 0.837259 0.0328067 -0.0732528 0.700573 0.0336182 -0.0687876 0.663277 0.0328432 -0.064415 0.620836 0.0483837 -0.0420056 0.39177 0.0539226 -0.0322458 0.345995 0.0610622 -0.0236872 0.296165 0.0627327 -0.0185598 0.235098 0.0665071 -0.00993816 0.171726 0.0665071 -0.00993816 0.171726 0.0734313 -0.0402572 0.169945 0.0706455 -0.0461361 0.2326 0.0734313 -0.0402572 0.169945 0.0662294 -0.0492844 0.293955 0.0621083 -0.0530699 0.346265 0.055562 -0.0587364 0.390734 0.0382357 -0.0824521 0.662359 0.0411851 -0.0770344 0.620264 0.0371397 -0.0882622 0.700574 0.0268128 -0.103242 0.871681 0.0253638 -0.0988107 0.83717 0.0133905 -0.112095 0.987564 0.0175704 -0.111485 0.966633 0.0717913 -0.0718469 0.168381 0.0706461 -0.0731835 0.229804 0.0717913 -0.0718469 0.168381 0.06789 -0.0752568 0.292146 0.061413 -0.0791778 0.345927 0.0579245 -0.0829731 0.390134 0.0417922 -0.0980841 0.661944 0.0454142 -0.0940418 0.620102 0.0380385 -0.103524 0.698893 0.0265836 -0.11556 0.870044 0.028097 -0.113457 0.836551 0.0170881 -0.120096 0.966056 0.0134401 -0.117994 0.98743 0.0717913 -0.0718469 0.168381 0.0632045 -0.0965178 0.166506 0.062685 -0.101634 0.227806 0.0632045 -0.0965178 0.166506 0.0717913 -0.0718469 0.168381 0.0706461 -0.0731835 0.229804 0.06789 -0.0752568 0.292146 0.059456 -0.102762 0.289968 0.061413 -0.0791778 0.345927 0.0552086 -0.100835 0.344908 0.0509642 -0.105551 0.389218 0.0579245 -0.0829731 0.390134 0.0417922 -0.0980841 0.661944 0.0364628 -0.114271 0.659483 0.0374777 -0.109816 0.618469 0.0454142 -0.0940418 0.620102 0.0380385 -0.103524 0.698893 0.0334313 -0.117162 0.698029 0.0234937 -0.125812 0.869393 0.0237531 -0.123497 0.835242 0.028097 -0.113457 0.836551 0.0265836 -0.11556 0.870044 0.0146781 -0.127672 0.9658 0.0170881 -0.120096 0.966056 0.0134401 -0.117994 0.98743 0.0118085 -0.122918 0.987474 0.0486237 -0.115732 0.163846 0.0486237 -0.115732 0.163846 0.0482976 -0.118794 0.226012 0.0484343 -0.120298 0.287812 0.0438043 -0.115491 0.343698 0.0402839 -0.119183 0.388281 0.0261126 -0.127403 0.6562 0.0284198 -0.124969 0.617037 0.0241752 -0.127832 0.696547 0.0172383 -0.133566 0.868902 0.0187938 -0.130459 0.83541 0.00970996 -0.128514 0.987228 0.01114 -0.133135 0.965402 0.02999 -0.129521 0.162708 0.02999 -0.129521 0.162708 0.0300921 -0.131442 0.225674 0.0276451 -0.134606 0.286794 0.026615 -0.131011 0.343531 0.023641 -0.130701 0.387395 0.0155757 -0.132535 0.656097 0.0202874 -0.131289 0.616319 0.0157786 -0.132164 0.694874 0.00959716 -0.137674 0.86819 0.011542 -0.136196 0.834914 0.00539971 -0.13129 0.98704 0.00699285 -0.136721 0.965422 7.24318e-11 -0.13687 0.160979 7.24318e-11 -0.139008 0.225319 7.24318e-11 -0.13687 0.160979 7.24318e-11 -0.138178 0.286946 7.24318e-11 -0.13684 0.343268 7.24318e-11 -0.134686 0.386789 7.24318e-11 -0.134021 0.613099 7.24318e-11 -0.134646 0.656653 7.24318e-11 -0.13629 0.694862 7.24318e-11 -0.139124 0.868325 7.24318e-11 -0.137824 0.836168 7.24318e-11 -0.139261 0.96543 0.000331832 -0.133537 0.988422 0.0155422 -0.0180954 0.431282 0.0146887 -0.0265653 0.471513 0.029294 -0.0347451 0.46958 0.0319306 -0.0243192 0.430051 0.0414175 -0.0488719 0.467508 0.0472963 -0.0432623 0.429574 0.0502108 -0.0715846 0.466879 0.054545 -0.0638425 0.428159 0.0530131 -0.0908793 0.465869 0.0588523 -0.0870716 0.427232 0.0504086 -0.10752 0.424332 0.0588523 -0.0870716 0.427232 0.0530131 -0.0908793 0.465869 0.0469408 -0.10668 0.464559 0.0364109 -0.122619 0.463168 0.0383719 -0.122542 0.423877 0.0227091 -0.132713 0.462119 0.0234533 -0.131821 0.423069 7.24318e-11 -0.136267 0.461027 7.24318e-11 -0.136062 0.422475 0.015421 -0.0287071 0.508107 0.0295927 -0.0353786 0.506689 0.012796 -0.0392441 0.547419 0.0268776 -0.0437618 0.545899 0.0423062 -0.0519193 0.50454 0.0374066 -0.0587787 0.546569 0.0507515 -0.0772078 0.504058 0.0440477 -0.0763007 0.546357 0.0506315 -0.0934448 0.503395 0.0455832 -0.0948946 0.546561 0.0506315 -0.0934448 0.503395 0.0439753 -0.109421 0.501524 0.0421087 -0.112309 0.545466 0.0455832 -0.0948946 0.546561 0.0346797 -0.124814 0.49995 0.0332668 -0.123578 0.54453 0.0207389 -0.134888 0.499026 0.0217224 -0.130823 0.542881 7.24318e-11 -0.135508 0.498255 7.24318e-11 -0.133172 0.541953 0.0299028 -0.0457735 0.580987 0.0133792 -0.0401903 0.583234 0.037832 -0.0611728 0.579858 0.0436835 -0.0777592 0.579687 0.0453525 -0.0946385 0.579354 0.0453525 -0.0946385 0.579354 0.0396399 -0.110469 0.578001 0.0318477 -0.124815 0.578017 0.0203044 -0.131737 0.57809 7.24318e-11 -0.133257 0.575869 7.24318e-11 -0.0586046 0.73862 0.0237677 -0.0654125 0.73763 7.24318e-11 -0.0621094 0.772043 0.0201335 -0.0686287 0.771479 0.0298877 -0.0766696 0.736154 0.0277215 -0.0845584 0.772087 0.0361862 -0.0897926 0.735487 0.0304026 -0.0931665 0.771978 0.035931 -0.105071 0.73388 0.0316321 -0.106759 0.770277 0.035931 -0.105071 0.73388 0.0320485 -0.121253 0.732404 0.0316321 -0.106759 0.770277 0.028998 -0.121357 0.769189 0.0236925 -0.130452 0.732239 0.0224128 -0.130349 0.768191 0.0146893 -0.133931 0.732149 0.0129422 -0.135749 0.76769 7.24318e-11 -0.137764 0.732173 7.24318e-11 -0.135499 0.767649 7.24318e-11 -0.0707098 0.812403 0.0186929 -0.0741851 0.80755 0.0239588 -0.0877818 0.805801 0.0272284 -0.0966927 0.805892 0.0271298 -0.108921 0.805058 0.0271298 -0.108921 0.805058 0.0255646 -0.122369 0.804076 0.0206653 -0.129968 0.802313 0.0126572 -0.135914 0.801299 7.24318e-11 -0.138397 0.800657 7.24318e-11 -0.0855329 0.906594 0.0148481 -0.0863076 0.905732 0.0220832 -0.0955859 0.905451 0.0244773 -0.104888 0.905546 0.0254257 -0.117281 0.905094 0.0254257 -0.117281 0.905094 0.0217135 -0.125718 0.903666 0.0168724 -0.132541 0.903208 0.0108655 -0.136597 0.902673 7.24318e-11 -0.13938 0.902336 0.00539567 -0.101985 0.996255 0.00824284 -0.106102 0.995261 7.24318e-11 -0.101275 0.998838 0.00935233 -0.112349 0.994551 0.00857839 -0.118027 0.993647 0.00857839 -0.118027 0.993647 0.00653574 -0.123727 0.992697 7.24318e-11 -0.112675 0.999953 7.24318e-11 -0.118224 0.998615 7.24318e-11 -0.118224 0.998615 7.24318e-11 -0.123858 0.99703 7.24318e-11 -0.106519 1 7.24318e-11 0.0230002 0.178008 7.24318e-11 0.0230002 0.178008 7.24318e-11 0.0112381 0.237765 7.24318e-11 0.00408307 0.302342 7.24318e-11 -0.00845928 0.351595 7.24318e-11 -0.0167126 0.395343 7.24318e-11 -0.020536 0.432411 7.24318e-11 -0.0288653 0.472872 7.24318e-11 -0.030309 0.510226 7.24318e-11 -0.0394665 0.547718 7.24318e-11 -0.0410737 0.584637 7.24318e-11 -0.0456532 0.623688 7.24318e-11 -0.0888838 0.936886 0.0134554 -0.0910208 0.936117 0.0202692 -0.0998197 0.936944 0.0231175 -0.109381 0.937076 0.022355 -0.119867 0.937201 0.0202709 -0.129129 0.937747 0.022355 -0.119867 0.937201 0.0154219 -0.133863 0.937131 0.0101897 -0.137909 0.936306 7.24318e-11 -0.140084 0.934158 7.24318e-11 -0.0479264 0.662011 7.24318e-11 -0.0548464 0.704706 0.162229 -0.0519894 -0.131835 0.153847 -0.0585744 -0.103553 0.172053 -0.0221626 -0.146824 0.162229 -0.0519894 -0.131835 0.167097 0.00432678 -0.123844 0.0258938 0.0768524 -0.648315 0 0.0744355 -0.647418 0.0535963 0.0694367 -0.646001 0.0602104 0.0580735 -0.656677 0.0588299 0.0577656 -0.667854 0.0611373 0.0732426 -0.675866 0.0575801 0.0750799 -0.672609 0.0528462 0.080468 -0.692945 0.0580053 0.0781456 -0.692845 0.0554151 0.0718224 -0.705822 0.0501234 0.0751333 -0.709676 0.0551128 0.069578 -0.718742 0.0539623 0.06577 -0.71135 0.0682909 0.0630253 -0.70067 0.0725929 0.0591008 -0.705609 0.0696529 0.0581683 -0.685139 0.0775224 0.0546079 -0.685179 0.0719636 0.0524604 -0.666552 0.0652202 0.0574471 -0.673652 0.069966 0.0448171 -0.641402 0.0793444 0.0436067 -0.658665 0.0446731 0.0827442 -0.715042 0.0504384 0.0761097 -0.724971 0.0645969 0.065617 -0.728812 0.0806779 0.0561302 -0.712417 0.0867438 0.0527755 -0.681722 0.0503042 0.0793129 -0.738966 0.0435786 0.088321 -0.737177 0.0399384 0.0932623 -0.757881 0.049484 0.083846 -0.758121 0.0317237 0.0910192 -0.782354 0.0460858 0.0858914 -0.780682 0.0928412 0.035267 -0.650585 0.0804243 0.0333391 -0.632333 0.101967 0.0186708 -0.638815 0.0945056 0.0451935 -0.679058 0.108182 -0.013206 -0.623437 0.113471 -0.00609803 -0.63675 0.0917199 -0.0756485 -0.637846 0.104703 -0.0418125 -0.633241 0.105377 -0.0445755 -0.623437 0.0939232 -0.0753099 -0.623437 0.113096 0.014333 -0.653756 0.104259 0.0283841 -0.653876 0.108138 0.0273397 -0.674797 0.102298 0.035638 -0.676252 0.10085 0.0322026 -0.701554 0.0948254 0.0405276 -0.703705 0.0882287 -0.0763279 -0.650759 0.0931614 -0.0645144 -0.649104 0.0903264 0.0412301 -0.727306 0.0945875 0.031916 -0.723837 0.0885787 0.030741 -0.748101 0.0869063 0.0423956 -0.750711 0.0882062 0.0481486 -0.705798 0.064596 0.0719435 -0.747277 0.0796101 0.0607959 -0.738274 0.0601568 0.0767416 -0.770618 0.0731202 0.0644357 -0.76065 0.0476742 0.081745 -0.671897 0.0463822 0.0852299 -0.693361 0.0223556 0.0830748 -0.69175 0.0240623 0.0795898 -0.670701 0 0.0795898 -0.669871 0 0.0830748 -0.691335 0.0568966 0.0813879 -0.798719 0.0419192 0.0898174 -0.804465 0.0275666 0.0953079 -0.803423 0.041479 0.0993002 -0.822537 0.0273547 0.106557 -0.820841 0.037767 0.108094 -0.844486 0.0249393 0.114912 -0.843418 0.031156 0.108707 -0.871267 0.0204842 0.115181 -0.871411 0.031373 0.118767 -0.896016 0.0209451 0.124862 -0.89756 0.0217852 0.134661 -0.924789 0.0324542 0.128829 -0.92307 0.0291811 0.135785 -0.944009 0.0211148 0.143721 -0.94514 0.0502793 0.0869562 -0.82259 0.0450768 0.0951109 -0.847753 0.0382282 0.0971354 -0.871 0.0403423 0.108058 -0.894591 0.0406399 0.119336 -0.922441 0.0386256 0.126169 -0.943082 0.0551066 0.0736447 -0.816678 0.0686715 0.0699607 -0.788732 0.0523881 0.0810502 -0.843811 0.0422291 0.0873481 -0.872298 0.0409867 0.095103 -0.899982 0.0406735 0.104625 -0.925292 0.0419005 0.110202 -0.949543 0.0345073 0.114875 -0.970165 0.0327026 0.129892 -0.962334 0.0221058 0.089569 -0.713256 0.0211597 0.0939661 -0.734251 0.0108458 0.149177 -0.946047 0.0121058 0.136308 -0.924381 0.0118545 0.128221 -0.896884 0.0112753 0.119066 -0.872237 0.0134007 0.119531 -0.843519 0.0147125 0.11109 -0.82109 0.0150042 0.0980379 -0.802217 0.0175096 0.0945299 -0.781653 0.0195009 0.0951143 -0.756735 0 0.0939795 -0.734827 0 0.0942976 -0.758388 0 0.0890338 -0.713403 0 0.138765 -0.923167 0 0.151047 -0.945901 0 0.130049 -0.89748 0 0.120932 -0.872391 0 0.119133 -0.845121 0 0.113146 -0.821523 0 0.0971905 -0.803147 0 0.0938687 -0.782205 0.0762513 -0.100535 -0.623437 0.0736317 -0.0972645 -0.641486 0.0418977 -0.116919 -0.623437 0.0418506 -0.114874 -0.64424 7.24318e-11 -0.120718 -0.623437 0 -0.117963 -0.645614 0.0704056 -0.0809201 -0.674805 0.072033 -0.0747824 -0.678485 0.112611 -0.0106561 -0.641688 0.112072 0.00754015 -0.655944 0.107817 0.0191902 -0.676029 0.100858 0.0257604 -0.698092 0.0945056 0.0262357 -0.718884 0.0871009 0.0233122 -0.743725 0.0930564 -0.056559 -0.652043 0.105106 -0.0350736 -0.639365 0.0753511 -0.0687422 -0.682885 0.080764 0.0527903 -0.754472 0.0733085 0.0587157 -0.782916 0.0776815 0.0483159 -0.781619 0.0859753 0.0502729 -0.729575 0.0220565 0.120352 -0.98578 0.0218264 0.134696 -0.977514 0.027623 0.136631 -0.959066 0.0202259 0.141792 -0.961026 0.0114673 0.147596 -0.96364 0 0.148939 -0.964647 0 0.125034 -0.99235 0 0.138618 -0.983793 0.0096374 0.136488 -0.980966 0.0114527 0.12304 -0.988303 0.0545294 0.0688947 -0.846054 0.0610671 0.0628056 -0.81412 0.054452 0.055564 -0.847881 0.0629767 0.0512193 -0.814017 0.0421517 0.0740175 -0.874125 0.0398438 0.0857818 -0.90081 0.0395306 0.0953036 -0.92612 0.0407576 0.100881 -0.950371 0.0333644 0.105554 -0.970993 0.0209136 0.111031 -0.986608 0.0116595 0.113126 -0.986716 0 0.114417 -0.987721 0.0361417 0.0317509 -0.764 0 0.0444857 -0.761338 0 0.0581649 -0.790569 0.0330209 0.0389391 -0.794394 0 0.0672403 -0.819639 0.0277078 0.0494053 -0.822849 0 0.0788788 -0.84289 0.0246286 0.0587516 -0.847626 0 0.0924478 -0.873567 0.0215843 0.0802855 -0.878223 0 0.0972516 -0.897672 0.0189931 0.092033 -0.899225 0 0.104023 -0.922881 0.0168365 0.0931067 -0.927005 0 0.103961 -0.95009 0.0146796 0.0960227 -0.950718 0 0.0982779 -0.969166 0.00934689 0.0976181 -0.964581 0.0104753 0.103279 -0.980225 0 0.103433 -0.981348 0.0104753 0.103279 -0.980225 0 0.103433 -0.981348 0.0182526 0.103958 -0.98107 0.0216224 0.0948645 -0.971169 0.0216224 0.0948645 -0.971169 0.0182526 0.103958 -0.98107 0.0300568 0.0918282 -0.95197 0.0300568 0.0918282 -0.95197 0.0309262 0.0843798 -0.927535 0.0309262 0.0843798 -0.927535 0.0317784 0.0835799 -0.902329 0.0317784 0.0835799 -0.902329 0.0311387 0.062123 -0.880383 0.0311387 0.062123 -0.880383 0.0346852 0.0446485 -0.852305 0.0346852 0.0446485 -0.852305 0.0499889 0.0432941 -0.822995 0.0499889 0.0432941 -0.822995 0.0635088 0.0346302 -0.794238 0.0635088 0.0346302 -0.794238 0.068751 0.0222866 -0.771499 0.0824776 0.0290062 -0.766965 0.068751 0.0222866 -0.771499 0.0793741 0.0182735 -0.757417 0.0700903 0.0164459 -0.757102 0.0373131 0.0251243 -0.74655 0.0700903 0.0164459 -0.757102 0 0.0237844 -0.744146 0.107817 0.0191902 -0.676029 0.112072 0.00754015 -0.655944 0.104282 0.00389331 -0.657576 0.0950047 0.0141409 -0.674934 0.100858 0.0257604 -0.698092 0.0871232 0.0196746 -0.694555 0.0833424 0.0205885 -0.712787 0.0945056 0.0262357 -0.718884 0.0788466 0.017907 -0.732273 0.0871009 0.0233122 -0.743725 0.075019 0.0163452 -0.743643 0.0793741 0.0182735 -0.757417 0.0673448 0.015691 -0.741859 0.0381346 0.01837 -0.736134 0.0763775 0.0157774 -0.708164 0.0690417 0.0127254 -0.725326 0.0833456 0.0146857 -0.693112 0.0949405 -0.0527444 -0.657164 0.103288 -0.0486536 -0.664441 0.106004 -0.0351572 -0.655076 0.103894 -0.0344605 -0.646624 0.102634 -0.0187538 -0.656136 0.101556 -0.0174251 -0.651421 0.0961605 -0.00512628 -0.662983 0.0983358 -0.00874237 -0.666783 0.0837046 -0.0657049 -0.68431 0.0924126 -0.0600266 -0.689226 0.091351 0.00230097 -0.679431 0.0945675 -0.00217841 -0.683321 0.0917139 0.000487539 -0.698794 0.0878486 0.00482323 -0.697363 0.0891547 -0.000466342 -0.715094 0.0854877 0.00333585 -0.714635 0.0801243 -0.00348191 -0.734908 0.0859309 -0.00766584 -0.732695 0.0751583 -0.016642 -0.753614 0.0826981 -0.0221967 -0.749484 0.0758327 -0.035315 -0.76848 0.0737527 -0.0285444 -0.768549 0.0671473 -0.0341032 -0.787252 0.0659641 -0.0278833 -0.787043 0.0686281 -0.0937567 -0.658825 0.0389075 -0.111364 -0.662565 0 -0.114193 -0.666781 0 -0.103991 -0.691179 0.0321854 -0.0996569 -0.68611 0 -0.0969563 -0.716152 0.0271565 -0.0920739 -0.713704 0 -0.0809309 -0.786952 0.0275938 -0.0765351 -0.784555 0.026153 -0.0859625 -0.757848 0 -0.08967 -0.759079 0 -0.08183 -0.821264 0.0301674 -0.0752369 -0.817935 0.0318502 -0.0776307 -0.857321 0 -0.0799404 -0.860096 0 -0.0834397 -0.890229 0.0303213 -0.0753204 -0.887568 0 -0.080339 -0.920869 0.0231979 -0.0675281 -0.920896 0 -0.077882 -0.960272 0.0241114 -0.0686615 -0.952872 0 -0.0704553 -0.983273 0.0183875 -0.0660976 -0.980618 0 -0.0601019 -0.996427 0.0165785 -0.0547805 -0.996344 0.0562705 -0.0903953 -0.681325 0.0440488 -0.0827379 -0.710097 0.059265 -0.0737485 -0.708353 0.0724625 -0.0690708 -0.709111 0.0825047 -0.0634735 -0.708609 0.0385734 -0.0696803 -0.782847 0.0439924 -0.077042 -0.756337 0.0395123 -0.0677691 -0.818292 0.0424686 -0.0705094 -0.853614 0.0389573 -0.0675878 -0.887933 0.0298833 -0.0596514 -0.91953 0.0320814 -0.0585155 -0.952644 0.0282137 -0.0594037 -0.978814 0.0921371 -0.0425825 -0.709717 0.097885 -0.0406976 -0.693473 0.0948335 -0.0199162 -0.71363 0.0979882 -0.0185158 -0.695624 0.104493 -0.0389007 -0.676641 0.101013 -0.0181213 -0.678238 0 -0.0934724 -0.73821 0.0271197 -0.088494 -0.736347 0.0444958 -0.0811075 -0.73422 0.0566908 -0.0719944 -0.735928 0.0524902 -0.0679599 -0.759839 0.0670019 -0.0637025 -0.738068 0.062305 -0.0574704 -0.763884 0.0708834 -0.0464826 -0.765432 0.063264 -0.0450569 -0.785879 0.0567543 -0.0543496 -0.783009 0.0896823 -0.0205263 -0.731704 0.0842312 -0.0331201 -0.746898 0.0757856 -0.053893 -0.736644 0.0862301 -0.040463 -0.72755 0.0566337 -0.0225721 -0.813908 0.057817 -0.028792 -0.814117 0.0544835 -0.0299914 -0.836797 0.0526051 -0.0243932 -0.837518 0.0554669 -0.0404466 -0.811424 0.0533437 -0.0394269 -0.835085 0.0483985 -0.0508141 -0.80931 0.0512299 -0.0516741 -0.84159 0.0498342 -0.0409428 -0.850415 0.0465471 -0.0364469 -0.851489 0.0396761 -0.0442419 -0.863034 0.0495737 -0.0508527 -0.85821 0.0465343 -0.061769 -0.848034 0.0436359 -0.0599013 -0.814124 0.0470102 -0.0625662 -0.782922 0.0456507 -0.0500115 -0.891897 0.0492723 -0.052597 -0.868428 0.0406599 -0.0458109 -0.915327 0.0339987 -0.0485642 -0.948939 0.0307947 -0.0518674 -0.974314 0.0239397 -0.0502762 -0.993447 0.0241145 -0.0431947 -0.993115 0 -0.0433338 -0.999407 0.0138132 -0.0462908 -1 0.0361045 -0.0457222 -0.8887 0.0342262 -0.0389671 -0.909405 0.0286206 -0.0425438 -0.950365 0.0270236 -0.0471244 -0.972572 0.0248804 -0.0380324 -0.990933 0.0125736 -0.0421671 -0.995266 0 -0.0417759 -0.995245 0 -0.0164055 -0.762109 0.0199584 -0.0194389 -0.763073 0.0165118 -0.0338424 -0.778921 0 -0.0334163 -0.780016 0.0165282 -0.0478296 -0.808729 0 -0.0495959 -0.807526 0.0126691 -0.0536661 -0.832872 0 -0.0569575 -0.832114 0 -0.0702366 -0.884686 0.0140375 -0.0664906 -0.884995 0.0136202 -0.0578022 -0.916152 0 -0.0635374 -0.916136 0.0140169 -0.0524631 -0.947948 0 -0.0570845 -0.944167 0 -0.060174 -0.966706 0.0142614 -0.0529211 -0.966319 0.00960788 -0.0464296 -0.982961 0 -0.0467002 -0.984371 0.0125736 -0.0421671 -0.995266 0 -0.0417759 -0.995245 0 -0.0467002 -0.984371 0.00960788 -0.0464296 -0.982961 0.0452653 -0.0273202 -0.781457 0.0535497 -0.0226125 -0.761964 0.0737527 -0.0285444 -0.768549 0.0659641 -0.0278833 -0.787043 0.0452653 -0.0273202 -0.781457 0.0310441 -0.0376523 -0.780044 0.0407995 -0.0242004 -0.760733 0.0535497 -0.0226125 -0.761964 0.0268089 -0.0418805 -0.808249 0.0349049 -0.0313502 -0.809555 0.0566337 -0.0225721 -0.813908 0.0349049 -0.0313502 -0.809555 0.0526051 -0.0243932 -0.837518 0.0325604 -0.0370833 -0.833741 0.0325604 -0.0370833 -0.833741 0.024035 -0.0475086 -0.83296 0.0248804 -0.0380324 -0.990933 0.0181753 -0.0421766 -0.982713 0.0220697 -0.0466667 -0.969241 0.0270236 -0.0471244 -0.972572 0.0220697 -0.0466667 -0.969241 0.0181753 -0.0421766 -0.982713 0.0286206 -0.0425438 -0.950365 0.0220108 -0.0436804 -0.950077 0.0220108 -0.0436804 -0.950077 0.0342262 -0.0389671 -0.909405 0.0187782 -0.0446416 -0.913633 0.0187782 -0.0446416 -0.913633 0.0227635 -0.0556229 -0.885101 0.0361045 -0.0457222 -0.8887 0.0227635 -0.0556229 -0.885101 0.0135569 -0.0625999 -0.86079 0 -0.0668723 -0.859437 0.0245832 -0.0543852 -0.858826 0.0245832 -0.0543852 -0.858826 0.0396761 -0.0442419 -0.863034 0.0465471 -0.0364469 -0.851489 0.0274393 -0.04582 -0.850224 0.0274393 -0.04582 -0.850224 0.0230824 -0.00690416 -0.75224 0.0481364 -0.0140509 -0.744251 0 -0.00457794 -0.750248 0.0611395 -0.0147205 -0.747808 0.0751583 -0.016642 -0.753614 0.069005 -0.00576514 -0.733157 0.0801243 -0.00348191 -0.734908 0.0792161 0.00413799 -0.713218 0.0854877 0.00333585 -0.714635 0.0840804 0.00684566 -0.696809 0.0878486 0.00482323 -0.697363 0.0883844 0.00425515 -0.678914 0.091351 0.00230097 -0.679431 0.0945034 -0.00207023 -0.659171 0.0961605 -0.00512628 -0.662983 0.102399 -0.0152527 -0.646404 0.101556 -0.0174251 -0.651421 0.102399 -0.0152527 -0.646404 0.0577582 -0.00613693 -0.725882 0.0285552 0.00244284 -0.735777 0 0.00154371 -0.741657 0.0881357 0.0113763 -0.672985 0.0971368 0.000144296 -0.656288 0.105377 -0.0445755 -0.623437 0.104703 -0.0418125 -0.633241 0.105106 -0.0350736 -0.639365 0.112611 -0.0106561 -0.641688 0.107127 -0.0108226 -0.645794 0.105106 -0.0350736 -0.639365 0.102399 -0.0152527 -0.646404 0 0.0204372 -0.737424 0.0375124 0.0138073 -0.726594 0 0.0156256 -0.729336 0.069746 0.0145982 -0.703041 0.0678335 0.008724 -0.718964 0.0767141 0.0135066 -0.687988 0.0815043 0.0101972 -0.667861 0.0905054 -0.00103488 -0.651164 0.095768 -0.0164318 -0.641281 0.0611395 -0.0147205 -0.747808 0.069005 -0.00576514 -0.733157 0.0681802 0.00232365 -0.7091 0.0792161 0.00413799 -0.713218 0.0314912 0.00597057 -0.727164 0 0.00529355 -0.734912 0.0776764 0.0041188 -0.69568 0.0819803 0.00152829 -0.677785 0.0880994 -0.00479709 -0.658041 0.0959955 -0.0179795 -0.645275 0.0819803 0.00152829 -0.677785 0.0776764 0.0041188 -0.69568 0.0880994 -0.00479709 -0.658041 0.0959955 -0.0179795 -0.645275 0.0681802 0.00232365 -0.7091 0.0681802 0.00232365 -0.7091 0.0314912 0.00597057 -0.727164 0.0352733 0.010893 -0.726806 0 0.0117834 -0.731409 0 0.00529355 -0.734912 0.0588299 0.0577656 -0.667854 0.053071 0.0549951 -0.670766 0.0567057 0.0691447 -0.678239 0.0611373 0.0732426 -0.675866 0.0580053 0.0781456 -0.692845 0.052744 0.0733011 -0.692729 0.0496562 0.0684711 -0.70608 0.0554151 0.0718224 -0.705822 0.0539623 0.06577 -0.71135 0.0482033 0.0610085 -0.7097 0.0625319 0.059674 -0.700927 0.0682909 0.0630253 -0.70067 0.0576721 0.0502543 -0.685396 0.0696529 0.0581683 -0.685139 0.0561429 0.0528515 -0.676398 0.0652202 0.0574471 -0.673652 0.0588299 0.0577656 -0.667854 0.0521638 0.0526631 -0.662004 0.0572342 0.0724019 -0.672429 0.0517077 0.0778529 -0.693453 0.0474001 0.071115 -0.712077 0.0453734 0.062672 -0.719789 0.0653618 0.0588431 -0.704889 0.0585823 0.0457026 -0.683224 0.0564491 0.0493257 -0.670671 -0.0264525 0.0737169 -0.623437 -0.0258938 0.0768524 -0.648315 -0.0535963 0.0694367 -0.646001 -0.0556553 0.0548275 -0.623437 -0.0602104 0.0580735 -0.656677 -0.0575801 0.0750799 -0.672609 -0.0611373 0.0732426 -0.675866 -0.0588299 0.0577656 -0.667854 -0.0528462 0.080468 -0.692945 -0.0580053 0.0781456 -0.692845 -0.0501234 0.0751333 -0.709676 -0.0554151 0.0718224 -0.705822 -0.0551128 0.069578 -0.718742 -0.0539623 0.06577 -0.71135 -0.0725929 0.0591008 -0.705609 -0.0682909 0.0630253 -0.70067 -0.0775224 0.0546079 -0.685179 -0.0696529 0.0581683 -0.685139 -0.0719636 0.0524604 -0.666552 -0.0652202 0.0574471 -0.673652 -0.069966 0.0448171 -0.641402 -0.0793444 0.0436067 -0.658665 -0.0446731 0.0827442 -0.715042 -0.0504384 0.0761097 -0.724971 -0.0645969 0.065617 -0.728812 -0.0806779 0.0561302 -0.712417 -0.0867438 0.0527755 -0.681722 -0.0503042 0.0793129 -0.738966 -0.0435786 0.088321 -0.737177 -0.0399384 0.0932623 -0.757881 -0.049484 0.083846 -0.758121 -0.0317237 0.0910192 -0.782354 -0.0460858 0.0858914 -0.780682 -0.0928412 0.035267 -0.650585 -0.0804243 0.0333391 -0.632333 -0.101967 0.0186708 -0.638815 -0.0951718 0.0155512 -0.623437 -0.0945056 0.0451935 -0.679058 -0.113471 -0.00609803 -0.63675 -0.108818 -0.0126354 -0.623437 -0.0917199 -0.0756485 -0.637846 -0.0939232 -0.0753099 -0.623437 -0.10463 -0.0452144 -0.623437 -0.104703 -0.0418125 -0.633241 -0.104259 0.0283841 -0.653876 -0.113096 0.014333 -0.653756 -0.102298 0.035638 -0.676252 -0.108138 0.0273397 -0.674797 -0.0948254 0.0405276 -0.703705 -0.10085 0.0322026 -0.701554 -0.0931614 -0.0645144 -0.649104 -0.0882287 -0.0763279 -0.650759 -0.0903264 0.0412301 -0.727306 -0.0945875 0.031916 -0.723837 -0.0885787 0.030741 -0.748101 -0.0869063 0.0423956 -0.750711 -0.0882062 0.0481486 -0.705798 -0.064596 0.0719435 -0.747277 -0.0796101 0.0607959 -0.738274 -0.0601568 0.0767416 -0.770618 -0.0731202 0.0644357 -0.76065 -0.0476742 0.081745 -0.671897 -0.0463822 0.0852299 -0.693361 -0.0240623 0.0795898 -0.670701 -0.0223556 0.0830748 -0.69175 -0.0777937 0.0308117 -0.623437 -0.0568966 0.0813879 -0.798719 -0.0419192 0.0898174 -0.804465 -0.0275666 0.0953079 -0.803423 -0.0273547 0.106557 -0.820841 -0.041479 0.0993002 -0.822537 -0.0249393 0.114912 -0.843418 -0.037767 0.108094 -0.844486 -0.0204842 0.115181 -0.871411 -0.031156 0.108707 -0.871267 -0.0209451 0.124862 -0.89756 -0.031373 0.118767 -0.896016 -0.0217852 0.134661 -0.924789 -0.0324542 0.128829 -0.92307 -0.0211148 0.143721 -0.94514 -0.0291811 0.135785 -0.944009 -0.0502793 0.0869562 -0.82259 -0.0450768 0.0951109 -0.847753 -0.0382282 0.0971354 -0.871 -0.0403423 0.108058 -0.894591 -0.0406399 0.119336 -0.922441 -0.0386256 0.126169 -0.943082 -0.0551066 0.0736447 -0.816678 -0.0686715 0.0699607 -0.788732 -0.0523881 0.0810502 -0.843811 -0.0422291 0.0873481 -0.872298 -0.0409867 0.095103 -0.899982 -0.0406735 0.104625 -0.925292 -0.0419005 0.110202 -0.949543 -0.0327026 0.129892 -0.962334 -0.0345073 0.114875 -0.970165 -0.0221058 0.089569 -0.713256 -0.0211597 0.0939661 -0.734251 -0.0108458 0.149177 -0.946047 -0.0121058 0.136308 -0.924381 -0.0118545 0.128221 -0.896884 -0.0112753 0.119066 -0.872237 -0.0134007 0.119531 -0.843519 -0.0147125 0.11109 -0.82109 -0.0150042 0.0980379 -0.802217 -0.0175096 0.0945299 -0.781653 -0.0195009 0.0951143 -0.756735 -0.0762513 -0.100535 -0.623437 -0.0736317 -0.0972645 -0.641486 -0.0418977 -0.116919 -0.623437 -0.0418506 -0.114874 -0.64424 -0.072033 -0.0747824 -0.678485 -0.0704056 -0.0809201 -0.674805 -0.112072 0.00754015 -0.655944 -0.112611 -0.0106561 -0.641688 -0.107817 0.0191902 -0.676029 -0.100858 0.0257604 -0.698092 -0.0945056 0.0262357 -0.718884 -0.0871009 0.0233122 -0.743725 -0.105106 -0.0350736 -0.639365 -0.0930564 -0.056559 -0.652043 -0.0753511 -0.0687422 -0.682885 -0.080764 0.0527903 -0.754472 -0.0733085 0.0587157 -0.782916 -0.0776815 0.0483159 -0.781619 -0.0859753 0.0502729 -0.729575 -0.0218264 0.134696 -0.977514 -0.0220565 0.120352 -0.98578 -0.0202259 0.141792 -0.961026 -0.027623 0.136631 -0.959066 -0.0114673 0.147596 -0.96364 -0.0114527 0.12304 -0.988303 -0.0096374 0.136488 -0.980966 -0.0545294 0.0688947 -0.846054 -0.0610671 0.0628056 -0.81412 -0.054452 0.055564 -0.847881 -0.0629767 0.0512193 -0.814017 -0.0421517 0.0740175 -0.874125 -0.0398438 0.0857818 -0.90081 -0.0395306 0.0953036 -0.92612 -0.0407576 0.100881 -0.950371 -0.0333644 0.105554 -0.970993 -0.0209136 0.111031 -0.986608 -0.0116595 0.113126 -0.986716 -0.0361417 0.0317509 -0.764 -0.0330209 0.0389391 -0.794394 -0.0277078 0.0494053 -0.822849 -0.0246286 0.0587516 -0.847626 -0.0215843 0.0802855 -0.878223 -0.0189931 0.092033 -0.899225 -0.0168365 0.0931067 -0.927005 -0.0146796 0.0960227 -0.950718 -0.00934689 0.0976181 -0.964581 -0.0104753 0.103279 -0.980225 -0.0104753 0.103279 -0.980225 -0.0216224 0.0948645 -0.971169 -0.0182526 0.103958 -0.98107 -0.0182526 0.103958 -0.98107 -0.0216224 0.0948645 -0.971169 -0.0300568 0.0918282 -0.95197 -0.0300568 0.0918282 -0.95197 -0.0309262 0.0843798 -0.927535 -0.0309262 0.0843798 -0.927535 -0.0317784 0.0835799 -0.902329 -0.0317784 0.0835799 -0.902329 -0.0311387 0.062123 -0.880383 -0.0311387 0.062123 -0.880383 -0.0346852 0.0446485 -0.852305 -0.0346852 0.0446485 -0.852305 -0.0499889 0.0432941 -0.822995 -0.0499889 0.0432941 -0.822995 -0.0635088 0.0346302 -0.794238 -0.0635088 0.0346302 -0.794238 -0.068751 0.0222866 -0.771499 -0.0824776 0.0290062 -0.766965 -0.068751 0.0222866 -0.771499 -0.0700903 0.0164459 -0.757102 -0.0793741 0.0182735 -0.757417 -0.0373131 0.0251243 -0.74655 -0.0700903 0.0164459 -0.757102 -0.107817 0.0191902 -0.676029 -0.0950047 0.0141409 -0.674934 -0.104282 0.00389331 -0.657576 -0.112072 0.00754015 -0.655944 -0.100858 0.0257604 -0.698092 -0.0871232 0.0196746 -0.694555 -0.0945056 0.0262357 -0.718884 -0.0833424 0.0205885 -0.712787 -0.0871009 0.0233122 -0.743725 -0.0788466 0.017907 -0.732273 -0.0793741 0.0182735 -0.757417 -0.075019 0.0163452 -0.743643 -0.0673448 0.015691 -0.741859 -0.0381346 0.01837 -0.736134 -0.0690417 0.0127254 -0.725326 -0.0763775 0.0157774 -0.708164 -0.0833456 0.0146857 -0.693112 -0.0949405 -0.0527444 -0.657164 -0.103894 -0.0344605 -0.646624 -0.106004 -0.0351572 -0.655076 -0.103288 -0.0486536 -0.664441 -0.101556 -0.0174251 -0.651421 -0.102634 -0.0187538 -0.656136 -0.0961605 -0.00512628 -0.662983 -0.0983358 -0.00874237 -0.666783 -0.0924126 -0.0600266 -0.689226 -0.0837046 -0.0657049 -0.68431 -0.091351 0.00230097 -0.679431 -0.0945675 -0.00217841 -0.683321 -0.0878486 0.00482323 -0.697363 -0.0917139 0.000487539 -0.698794 -0.0854877 0.00333585 -0.714635 -0.0891547 -0.000466342 -0.715094 -0.0801243 -0.00348191 -0.734908 -0.0859309 -0.00766584 -0.732695 -0.0751583 -0.016642 -0.753614 -0.0826981 -0.0221967 -0.749484 -0.0737527 -0.0285444 -0.768549 -0.0758327 -0.035315 -0.76848 -0.0659641 -0.0278833 -0.787043 -0.0671473 -0.0341032 -0.787252 -0.0686281 -0.0937567 -0.658825 -0.0389075 -0.111364 -0.662565 -0.0321854 -0.0996569 -0.68611 -0.0271565 -0.0920739 -0.713704 -0.026153 -0.0859625 -0.757848 -0.0275938 -0.0765351 -0.784555 -0.0301674 -0.0752369 -0.817935 -0.0318502 -0.0776307 -0.857321 -0.0303213 -0.0753204 -0.887568 -0.0231979 -0.0675281 -0.920896 -0.0241114 -0.0686615 -0.952872 -0.0183875 -0.0660976 -0.980618 -0.0165785 -0.0547805 -0.996344 -0.0562705 -0.0903953 -0.681325 -0.0440488 -0.0827379 -0.710097 -0.059265 -0.0737485 -0.708353 -0.0724625 -0.0690708 -0.709111 -0.0825047 -0.0634735 -0.708609 -0.0439924 -0.077042 -0.756337 -0.0385734 -0.0696803 -0.782847 -0.0395123 -0.0677691 -0.818292 -0.0424686 -0.0705094 -0.853614 -0.0389573 -0.0675878 -0.887933 -0.0298833 -0.0596514 -0.91953 -0.0320814 -0.0585155 -0.952644 -0.0282137 -0.0594037 -0.978814 -0.097885 -0.0406976 -0.693473 -0.0921371 -0.0425825 -0.709717 -0.0948335 -0.0199162 -0.71363 -0.0979882 -0.0185158 -0.695624 -0.104493 -0.0389007 -0.676641 -0.101013 -0.0181213 -0.678238 -0.0271197 -0.088494 -0.736347 -0.0444958 -0.0811075 -0.73422 -0.0566908 -0.0719944 -0.735928 -0.0524902 -0.0679599 -0.759839 -0.0670019 -0.0637025 -0.738068 -0.062305 -0.0574704 -0.763884 -0.0708834 -0.0464826 -0.765432 -0.063264 -0.0450569 -0.785879 -0.0567543 -0.0543496 -0.783009 -0.0842312 -0.0331201 -0.746898 -0.0896823 -0.0205263 -0.731704 -0.0757856 -0.053893 -0.736644 -0.0862301 -0.040463 -0.72755 -0.0566337 -0.0225721 -0.813908 -0.057817 -0.028792 -0.814117 -0.0536835 -0.0243932 -0.838099 -0.0544835 -0.0299914 -0.836797 -0.0554669 -0.0404466 -0.811424 -0.0533437 -0.0394269 -0.835085 -0.0483985 -0.0508141 -0.80931 -0.0512299 -0.0516741 -0.84159 -0.0465471 -0.0364469 -0.851489 -0.0498342 -0.0409428 -0.850415 -0.0396761 -0.0442419 -0.863034 -0.0495737 -0.0508527 -0.85821 -0.0436359 -0.0599013 -0.814124 -0.0465343 -0.061769 -0.848034 -0.0470102 -0.0625662 -0.782922 -0.0492723 -0.052597 -0.868428 -0.0456507 -0.0500115 -0.891897 -0.0406599 -0.0458109 -0.915327 -0.0339987 -0.0485642 -0.948939 -0.0307947 -0.0518674 -0.974314 -0.0263129 -0.0460153 -0.993115 -0.0260136 -0.0519353 -0.993447 -0.0138132 -0.0462908 -1 -0.0361045 -0.0457222 -0.8887 -0.0342262 -0.0389671 -0.909405 -0.0286206 -0.0425438 -0.950365 -0.0270236 -0.0471244 -0.972572 -0.0248804 -0.0380324 -0.990933 -0.0125736 -0.0421671 -0.995266 -0.0165118 -0.0338424 -0.778921 -0.0199584 -0.0194389 -0.763073 -0.0165282 -0.0478296 -0.808729 -0.0126691 -0.0536661 -0.832872 -0.0136202 -0.0578022 -0.916152 -0.0140375 -0.0664906 -0.884995 -0.0140169 -0.0524631 -0.947948 -0.0142614 -0.0529211 -0.966319 -0.00960788 -0.0464296 -0.982961 -0.0125736 -0.0421671 -0.995266 -0.00960788 -0.0464296 -0.982961 0 -0.0467002 -0.984371 0 -0.0417759 -0.995245 -0.0452653 -0.0273202 -0.781457 -0.0659641 -0.0278833 -0.787043 -0.0737527 -0.0285444 -0.768549 -0.0535497 -0.0226125 -0.761964 -0.0452653 -0.0273202 -0.781457 -0.0535497 -0.0226125 -0.761964 -0.0407995 -0.0242004 -0.760733 -0.0310441 -0.0376523 -0.780044 -0.0268089 -0.0418805 -0.808249 -0.0349049 -0.0313502 -0.809555 -0.0566337 -0.0225721 -0.813908 -0.0349049 -0.0313502 -0.809555 -0.0325604 -0.0370833 -0.833741 -0.0536835 -0.0243932 -0.838099 -0.024035 -0.0475086 -0.83296 -0.0325604 -0.0370833 -0.833741 -0.0248804 -0.0380324 -0.990933 -0.0270236 -0.0471244 -0.972572 -0.0220697 -0.0466667 -0.969241 -0.0181753 -0.0421766 -0.982713 -0.0181753 -0.0421766 -0.982713 -0.0220697 -0.0466667 -0.969241 -0.0286206 -0.0425438 -0.950365 -0.0220108 -0.0436804 -0.950077 -0.0220108 -0.0436804 -0.950077 -0.0342262 -0.0389671 -0.909405 -0.0187782 -0.0446416 -0.913633 -0.0187782 -0.0446416 -0.913633 -0.0361045 -0.0457222 -0.8887 -0.0227635 -0.0556229 -0.885101 -0.0227635 -0.0556229 -0.885101 -0.0135569 -0.0625999 -0.86079 -0.0245832 -0.0543852 -0.858826 -0.0245832 -0.0543852 -0.858826 -0.0396761 -0.0442419 -0.863034 -0.0274393 -0.04582 -0.850224 -0.0465471 -0.0364469 -0.851489 -0.0274393 -0.04582 -0.850224 -0.0230824 -0.00690416 -0.75224 -0.0481364 -0.0140509 -0.744251 -0.0751583 -0.016642 -0.753614 -0.0611395 -0.0147205 -0.747808 -0.0801243 -0.00348191 -0.734908 -0.069005 -0.00576514 -0.733157 -0.0854877 0.00333585 -0.714635 -0.0792161 0.00413799 -0.713218 -0.0878486 0.00482323 -0.697363 -0.0840804 0.00684566 -0.696809 -0.0792161 0.00413799 -0.713218 -0.091351 0.00230097 -0.679431 -0.0883844 0.00425515 -0.678914 -0.0961605 -0.00512628 -0.662983 -0.0945034 -0.00207023 -0.659171 -0.102399 -0.0152527 -0.646404 -0.101556 -0.0174251 -0.651421 -0.102399 -0.0152527 -0.646404 -0.0577582 -0.00613693 -0.725882 -0.0285552 0.00244284 -0.735777 -0.0881357 0.0113763 -0.672985 -0.0971368 0.000144296 -0.656288 -0.104703 -0.0418125 -0.633241 -0.10463 -0.0452144 -0.623437 -0.105106 -0.0350736 -0.639365 -0.107127 -0.0108226 -0.645794 -0.112611 -0.0106561 -0.641688 -0.105106 -0.0350736 -0.639365 -0.102399 -0.0152527 -0.646404 -0.0375124 0.0138073 -0.726594 -0.0678335 0.008724 -0.718964 -0.069746 0.0145982 -0.703041 -0.0767141 0.0135066 -0.687988 -0.0815043 0.0101972 -0.667861 -0.0905054 -0.00103488 -0.651164 -0.095768 -0.0164318 -0.641281 -0.0611395 -0.0147205 -0.747808 -0.069005 -0.00576514 -0.733157 -0.0792161 0.00413799 -0.713218 -0.0681802 0.00232365 -0.7091 -0.0314912 0.00597057 -0.727164 -0.0840804 0.00684566 -0.696809 -0.0883844 0.00425515 -0.678914 -0.0819803 0.00152829 -0.677785 -0.0776764 0.0041188 -0.69568 -0.0945034 -0.00207023 -0.659171 -0.0880994 -0.00479709 -0.658041 -0.0959955 -0.0179795 -0.645275 -0.102399 -0.0152527 -0.646404 -0.0776764 0.0041188 -0.69568 -0.0819803 0.00152829 -0.677785 -0.0880994 -0.00479709 -0.658041 -0.0959955 -0.0179795 -0.645275 -0.0792161 0.00413799 -0.713218 -0.0681802 0.00232365 -0.7091 -0.0681802 0.00232365 -0.7091 -0.0352733 0.010893 -0.726806 -0.0314912 0.00597057 -0.727164 -0.0588299 0.0577656 -0.667854 -0.0611373 0.0732426 -0.675866 -0.0567057 0.0691447 -0.678239 -0.053071 0.0549951 -0.670766 -0.0580053 0.0781456 -0.692845 -0.052744 0.0733011 -0.692729 -0.0496562 0.0684711 -0.70608 -0.0554151 0.0718224 -0.705822 -0.0539623 0.06577 -0.71135 -0.0482033 0.0610085 -0.7097 -0.0682909 0.0630253 -0.70067 -0.0625319 0.059674 -0.700927 -0.0576721 0.0502543 -0.685396 -0.0696529 0.0581683 -0.685139 -0.0652202 0.0574471 -0.673652 -0.0561429 0.0528515 -0.676398 -0.0588299 0.0577656 -0.667854 -0.0521638 0.0526631 -0.662004 -0.0572342 0.0724019 -0.672429 -0.0517077 0.0778529 -0.693453 -0.0474001 0.071115 -0.712077 -0.0453734 0.062672 -0.719789 -0.0653618 0.0588431 -0.704889 -0.0585823 0.0457026 -0.683224 -0.0564491 0.0493257 -0.670671 -0.0264846 0.0635123 -0.585858 -0.0572275 0.051898 -0.587014 -0.0814041 0.0298758 -0.590987 -0.101076 0.0130101 -0.593569 -0.108818 -0.0126354 -0.623437 -0.115322 -0.00955978 -0.59463 -0.10463 -0.0452144 -0.623437 -0.119748 -0.0443128 -0.595122 -0.108043 -0.0748513 -0.593535 -0.119748 -0.0443128 -0.595122 -0.10463 -0.0452144 -0.623437 -0.0939232 -0.0753099 -0.623437 -0.0815277 -0.102627 -0.591471 -0.0762513 -0.100535 -0.623437 -0.0453894 -0.121386 -0.590155 -0.0418977 -0.116919 -0.623437 -0.0566832 0.050465 -0.555884 -0.0275775 0.063696 -0.555423 -0.083024 0.0299209 -0.556349 -0.10299 0.0121786 -0.558296 -0.120375 -0.0121251 -0.559698 -0.127747 -0.0504013 -0.560748 -0.1138 -0.0783932 -0.556658 -0.127747 -0.0504013 -0.560748 -0.0868957 -0.104546 -0.554047 -0.0482428 -0.123932 -0.554248 -0.133569 -0.0534253 -0.538379 -0.131573 -0.0217519 -0.527192 -0.0572436 0.0485406 -0.522273 -0.0287382 0.0657208 -0.521231 -0.0825814 0.0301302 -0.524292 -0.10567 0.0121401 -0.526338 -0.105124 0.0188707 -0.496119 -0.131239 -0.00110456 -0.495515 -0.133379 0.00030772 -0.465201 -0.113134 0.022178 -0.46207 -0.127322 0.0153293 -0.426668 -0.139115 -0.00983135 -0.438079 -0.140314 -0.0195602 -0.397874 -0.140829 -0.0350529 -0.420363 -0.130838 -0.0644656 -0.393304 -0.139688 -0.0633947 -0.418669 -0.105284 -0.096544 -0.406818 -0.130838 -0.0644656 -0.393304 -0.139688 -0.0633947 -0.418669 -0.135484 -0.0919678 -0.434245 -0.0849069 -0.118446 -0.444137 -0.1309 -0.110766 -0.465522 -0.129452 -0.105929 -0.497376 -0.083511 -0.120476 -0.487608 -0.0522144 -0.128409 -0.519338 -0.0899332 -0.108897 -0.520929 -0.048851 -0.133213 -0.486779 -0.045884 -0.134498 -0.443535 -0.0442362 -0.137221 -0.397252 -0.0778917 -0.12037 -0.400549 -0.0435718 -0.13732 -0.350084 -0.0755904 -0.119412 -0.353216 -0.0834739 0.0358878 -0.492605 -0.0576819 0.0486887 -0.493216 -0.0286013 0.0632329 -0.491617 -0.061488 0.0567683 -0.455706 -0.0903979 0.0429604 -0.458464 -0.0305673 0.0659039 -0.456499 -0.098247 0.0466295 -0.427126 -0.0640928 0.0592047 -0.425795 -0.0322227 0.0712007 -0.427573 -0.133982 -0.0630896 -0.356638 -0.148615 -0.0224229 -0.360108 -0.14073 -0.0595038 -0.318336 -0.155833 -0.0232883 -0.323207 -0.152084 -0.060082 -0.281321 -0.164582 -0.0242621 -0.284876 -0.162243 -0.0605302 -0.241426 -0.17456 -0.0230536 -0.245564 -0.176185 -0.0179423 -0.202292 -0.163787 -0.0599515 -0.198378 -0.159855 -0.0592467 -0.14659 -0.169024 -0.0196063 -0.157882 -0.105203 -0.09247 -0.357117 -0.133982 -0.0630896 -0.356638 -0.11106 -0.0936366 -0.314975 -0.14073 -0.0595038 -0.318336 -0.0779057 -0.123036 -0.311113 -0.0458185 -0.138694 -0.308093 -0.132655 -0.100664 -0.233342 -0.162243 -0.0605302 -0.241426 -0.152084 -0.060082 -0.281321 -0.123295 -0.0976808 -0.274568 -0.159855 -0.0592467 -0.14659 -0.163787 -0.0599515 -0.198378 -0.13709 -0.101864 -0.19543 -0.134634 -0.104277 -0.148617 -0.082873 -0.127997 -0.269377 -0.088781 -0.129061 -0.22874 -0.0938114 -0.130456 -0.190754 -0.0952502 -0.132164 -0.144501 -0.0510138 -0.143499 -0.187562 -0.0495545 -0.141199 -0.226936 -0.0472377 -0.139863 -0.266343 -0.0494956 -0.146406 -0.140117 -0.0710563 0.0670954 -0.393515 -0.10521 0.0494535 -0.395316 -0.132085 0.0161206 -0.396042 -0.034469 0.0811657 -0.393808 -0.0776117 0.0755366 -0.35413 -0.111636 0.0535854 -0.357434 -0.139224 0.018852 -0.359625 -0.0381629 0.0988121 -0.350374 -0.144593 0.0227813 -0.323233 -0.116645 0.0573702 -0.320619 -0.0391372 0.100804 -0.316104 -0.0796963 0.0782404 -0.318782 -0.12182 0.0616666 -0.273285 -0.151849 0.025817 -0.276728 -0.0403199 0.101517 -0.273881 -0.0884976 0.0836065 -0.272285 -0.12777 0.0667213 -0.238263 -0.162071 0.0287327 -0.24244 -0.0407133 0.10586 -0.23746 -0.0913398 0.089797 -0.240161 -0.165866 0.0274812 -0.203145 -0.132653 0.0681535 -0.201638 -0.0422773 0.109764 -0.199113 -0.0917691 0.0902766 -0.19863 -0.160758 0.0223858 -0.149313 -0.128722 0.0651294 -0.153278 -0.0440442 0.114929 -0.153188 -0.0922681 0.0880759 -0.153903 -0.159646 0.0192676 -0.0987091 -0.12231 0.0592493 -0.107865 -0.0880022 0.0814434 -0.106495 -0.0416853 0.111949 -0.107853 -0.118205 0.0562806 -0.0600206 -0.0860934 0.0798442 -0.0559882 -0.148348 0.0350595 -0.0596709 -0.0399104 0.108804 -0.0534131 -0.0778999 0.0730851 -0.00991824 -0.112146 0.0557661 -0.0148233 -0.134651 0.0410545 -0.0152555 -0.0352811 0.0910517 -0.00877076 -0.0725869 0.0663593 0.0264502 -0.0317642 0.0841425 0.0304257 -0.104837 0.04794 0.0248599 -0.127301 0.0340241 0.021135 -0.0669751 0.0505616 0.0633386 -0.029613 0.0742135 0.0660581 -0.09968 0.0329697 0.0575391 -0.124164 0.0128022 0.054367 -0.144315 -0.0692039 -0.0917212 -0.121981 -0.113835 -0.103002 -0.0472047 -0.145509 -0.097391 -0.0909273 -0.133461 -0.101469 -0.106639 -0.116571 -0.0611858 -0.132721 -0.0841664 -0.0539011 -0.0910838 -0.119493 -0.0121715 -0.120634 -0.0946414 -0.00790486 -0.0810082 -0.113673 0.0355809 -0.109003 -0.0880895 0.0385312 -0.0847207 -0.0994786 0.0749682 -0.105581 -0.0616647 0.0763932 -0.0429175 -0.142897 -0.0555162 -0.0811104 -0.130644 -0.0597792 -0.0704028 -0.128389 -0.0120509 -0.0380762 -0.139664 -0.0108573 -0.0361007 -0.135529 0.0358757 -0.0641913 -0.123816 0.0367152 -0.0373298 -0.131292 0.077324 -0.0637959 -0.116092 0.0775949 -0.130292 -0.0838808 -0.525237 -0.133569 -0.0534253 -0.538379 -0.131239 -0.00110456 -0.495515 -0.154473 -0.0149364 -0.495491 -0.155068 -0.0146007 -0.470274 -0.133379 0.00030772 -0.465201 -0.131573 -0.0217519 -0.527192 -0.155028 -0.0296876 -0.519517 -0.133569 -0.0534253 -0.538379 -0.150783 -0.0566782 -0.526386 -0.130292 -0.0838808 -0.525237 -0.149029 -0.079913 -0.518283 -0.129452 -0.105929 -0.497376 -0.146252 -0.103278 -0.498792 -0.148159 -0.109709 -0.46529 -0.1309 -0.110766 -0.465522 -0.135484 -0.0919678 -0.434245 -0.153103 -0.0923526 -0.438469 -0.148159 -0.109709 -0.46529 -0.1309 -0.110766 -0.465522 -0.139688 -0.0633947 -0.418669 -0.162158 -0.0680089 -0.428796 -0.140829 -0.0350529 -0.420363 -0.16541 -0.0424109 -0.430546 -0.139115 -0.00983135 -0.438079 -0.160803 -0.0225696 -0.44552 -0.175016 -0.0254673 -0.495453 -0.178704 -0.0247926 -0.473271 -0.170484 -0.0382823 -0.514918 -0.163979 -0.0605411 -0.520916 -0.162258 -0.0822393 -0.512742 -0.161783 -0.103169 -0.4964 -0.166672 -0.112477 -0.467133 -0.172423 -0.0994738 -0.442056 -0.166672 -0.112477 -0.467133 -0.184876 -0.0713446 -0.431475 -0.189179 -0.0485082 -0.436113 -0.185994 -0.0320969 -0.4506 -0.175717 -0.0655956 -0.518622 -0.184641 -0.0487818 -0.512997 -0.172036 -0.0837142 -0.511563 -0.17382 -0.104236 -0.497101 -0.193643 -0.039528 -0.493191 -0.198524 -0.040003 -0.471898 -0.206209 -0.0456283 -0.458162 -0.210278 -0.060869 -0.442138 -0.20196 -0.0796459 -0.436054 -0.191114 -0.106038 -0.447155 -0.180512 -0.115592 -0.469244 -0.180512 -0.115592 -0.469244 -0.229572 -0.0727426 -0.458833 -0.224571 -0.0912866 -0.447154 -0.181086 -0.0718884 -0.524915 -0.189717 -0.0530768 -0.520064 -0.223571 -0.0587241 -0.472334 -0.20459 -0.0481862 -0.5026 -0.215973 -0.0521682 -0.486952 -0.210081 -0.113036 -0.459158 -0.193528 -0.118578 -0.478828 -0.193528 -0.118578 -0.478828 -0.180967 -0.108272 -0.501475 -0.178397 -0.0895744 -0.517741 -0.215783 -0.0599223 -0.523944 -0.226481 -0.0669872 -0.510449 -0.199752 -0.0608682 -0.532649 -0.187305 -0.0765444 -0.535698 -0.186496 -0.0973161 -0.528547 -0.19042 -0.113811 -0.515198 -0.202481 -0.122527 -0.490751 -0.216637 -0.117421 -0.474505 -0.202481 -0.122527 -0.490751 -0.231277 -0.104923 -0.472138 -0.235974 -0.0899491 -0.480384 -0.233867 -0.075692 -0.498866 -0.23995 -0.0863054 -0.519204 -0.236404 -0.0772582 -0.530917 -0.225519 -0.0707858 -0.541819 -0.208167 -0.0719854 -0.546879 -0.19453 -0.0852582 -0.550683 -0.192207 -0.103136 -0.541971 -0.19855 -0.117628 -0.528199 -0.20922 -0.125018 -0.512728 -0.227539 -0.121695 -0.499422 -0.20922 -0.125018 -0.512728 -0.238449 -0.110582 -0.501044 -0.241052 -0.0984012 -0.508303 -0.243764 -0.0894155 -0.546686 -0.246871 -0.0975824 -0.538056 -0.236403 -0.0838807 -0.556606 -0.220978 -0.0840308 -0.565816 -0.204001 -0.0942526 -0.563094 -0.198161 -0.109004 -0.552628 -0.204516 -0.120878 -0.541159 -0.215 -0.126693 -0.530311 -0.232264 -0.123911 -0.523117 -0.215 -0.126693 -0.530311 -0.241174 -0.114399 -0.526933 -0.246008 -0.10523 -0.531205 -0.258762 -0.122677 -0.625238 -0.263107 -0.128735 -0.637048 -0.266228 -0.135741 -0.632256 -0.26321 -0.132153 -0.620603 -0.250283 -0.125195 -0.628239 -0.256424 -0.130892 -0.639089 -0.247064 -0.132711 -0.627799 -0.254949 -0.136322 -0.639145 -0.247064 -0.132711 -0.627799 -0.249763 -0.141866 -0.624721 -0.256558 -0.141892 -0.636466 -0.254949 -0.136322 -0.639145 -0.258043 -0.141942 -0.621414 -0.261024 -0.142401 -0.634148 -0.26321 -0.132153 -0.620603 -0.266228 -0.135741 -0.632256 -0.253347 -0.119608 -0.608226 -0.245152 -0.120205 -0.616633 -0.258037 -0.128819 -0.607569 -0.253121 -0.1399 -0.606094 -0.258037 -0.128819 -0.607569 -0.241657 -0.138712 -0.61374 -0.239304 -0.127197 -0.615502 -0.239304 -0.127197 -0.615502 -0.261458 -0.136606 -0.647841 -0.266568 -0.146417 -0.655894 -0.268529 -0.145831 -0.654532 -0.266396 -0.135347 -0.646428 -0.260541 -0.140385 -0.647821 -0.265396 -0.147231 -0.654447 -0.260541 -0.140385 -0.647821 -0.261505 -0.142746 -0.644528 -0.265569 -0.147603 -0.652834 -0.265396 -0.147231 -0.654447 -0.26478 -0.143013 -0.643466 -0.266854 -0.147625 -0.651892 -0.26718 -0.140002 -0.6433 -0.268742 -0.146433 -0.652715 -0.268742 -0.146433 -0.652715 -0.26718 -0.140002 -0.6433 -0.257466 -0.131707 -0.639613 -0.263086 -0.13077 -0.637975 -0.263086 -0.13077 -0.637975 -0.257466 -0.131707 -0.639613 -0.255913 -0.136737 -0.640032 -0.255913 -0.136737 -0.640032 -0.257621 -0.140737 -0.638093 -0.255913 -0.136737 -0.640032 -0.254949 -0.136322 -0.639145 -0.255913 -0.136737 -0.640032 -0.257621 -0.140737 -0.638093 -0.261616 -0.142045 -0.635361 -0.257621 -0.140737 -0.638093 -0.261616 -0.142045 -0.635361 -0.266228 -0.135741 -0.632256 -0.265217 -0.136168 -0.634344 -0.265217 -0.136168 -0.634344 -0.265217 -0.136168 -0.634344 -0.265217 -0.136168 -0.634344 -0.266854 -0.147625 -0.651892 -0.265569 -0.147603 -0.652834 -0.226041 -0.123759 -0.624852 -0.222008 -0.130762 -0.636822 -0.227087 -0.1378 -0.634192 -0.231112 -0.136909 -0.622791 -0.217647 -0.123019 -0.620918 -0.214504 -0.131992 -0.635726 -0.222008 -0.130762 -0.636822 -0.226041 -0.123759 -0.624852 -0.213859 -0.130567 -0.617938 -0.212805 -0.136497 -0.633666 -0.213859 -0.130567 -0.617938 -0.216815 -0.139481 -0.616616 -0.215325 -0.14273 -0.631436 -0.212805 -0.136497 -0.633666 -0.224725 -0.146739 -0.619297 -0.222547 -0.145652 -0.63225 -0.233354 -0.123161 -0.614575 -0.220764 -0.119246 -0.612507 -0.233354 -0.123161 -0.614575 -0.236537 -0.137454 -0.613744 -0.227535 -0.14413 -0.605575 -0.215991 -0.135662 -0.600949 -0.214777 -0.127693 -0.601454 -0.214777 -0.127693 -0.601454 -0.218927 -0.138093 -0.644114 -0.214125 -0.138384 -0.643229 -0.215398 -0.146302 -0.64918 -0.216863 -0.146615 -0.649555 -0.214271 -0.141746 -0.639993 -0.21459 -0.147249 -0.647882 -0.216369 -0.144228 -0.638742 -0.215265 -0.149316 -0.647782 -0.21459 -0.147249 -0.647882 -0.214271 -0.141746 -0.639993 -0.219627 -0.144881 -0.639941 -0.217458 -0.149828 -0.648245 -0.221416 -0.141681 -0.64189 -0.217501 -0.148718 -0.649686 -0.218927 -0.138093 -0.644114 -0.216863 -0.146615 -0.649555 -0.215044 -0.135691 -0.639362 -0.220575 -0.13602 -0.640187 -0.220575 -0.13602 -0.640187 -0.215044 -0.135691 -0.639362 -0.214303 -0.138857 -0.636767 -0.214303 -0.138857 -0.636767 -0.216324 -0.142673 -0.63456 -0.214303 -0.138857 -0.636767 -0.216324 -0.142673 -0.63456 -0.214303 -0.138857 -0.636767 -0.220944 -0.144389 -0.635876 -0.216324 -0.142673 -0.63456 -0.215325 -0.14273 -0.631436 -0.220944 -0.144389 -0.635876 -0.222856 -0.139544 -0.638884 -0.220944 -0.144389 -0.635876 -0.222856 -0.139544 -0.638884 -0.220575 -0.13602 -0.640187 -0.220575 -0.13602 -0.640187 -0.217458 -0.149828 -0.648245 -0.217501 -0.148718 -0.649686 -0.215265 -0.149316 -0.647782 -0.266806 -0.132898 -0.586002 -0.267481 -0.124727 -0.587187 -0.27265 -0.126178 -0.592778 -0.273184 -0.133783 -0.592062 -0.2643 -0.120594 -0.596847 -0.270961 -0.12269 -0.600068 -0.259733 -0.129309 -0.601924 -0.268019 -0.128415 -0.603866 -0.26834 -0.137071 -0.602923 -0.268019 -0.128415 -0.603866 -0.259733 -0.129309 -0.601924 -0.259367 -0.136404 -0.600071 -0.263908 -0.139591 -0.590832 -0.270943 -0.139421 -0.595616 -0.266806 -0.132898 -0.586002 -0.273184 -0.133783 -0.592062 -0.281581 -0.12913 -0.605837 -0.283073 -0.130616 -0.601795 -0.279522 -0.131556 -0.607809 -0.279279 -0.13597 -0.607026 -0.279522 -0.131556 -0.607809 -0.281517 -0.137185 -0.603282 -0.282915 -0.134317 -0.601311 -0.282915 -0.134317 -0.601311 -0.288776 -0.136502 -0.609667 -0.289429 -0.137948 -0.610309 -0.290124 -0.138438 -0.608835 -0.289256 -0.137295 -0.608096 -0.2892 -0.139235 -0.610667 -0.289818 -0.139733 -0.60906 -0.290124 -0.138438 -0.608835 -0.289429 -0.137948 -0.610309 -0.2807 -0.132283 -0.607258 -0.282194 -0.1304 -0.606049 -0.280594 -0.13581 -0.607074 -0.2807 -0.132283 -0.607258 -0.282164 -0.136879 -0.604309 -0.283185 -0.134938 -0.60253 -0.283495 -0.132081 -0.602542 -0.283185 -0.134938 -0.60253 -0.282194 -0.1304 -0.606049 -0.2807 -0.132283 -0.607258 -0.284207 -0.134332 -0.609247 -0.285667 -0.132698 -0.608096 -0.280594 -0.13581 -0.607074 -0.284296 -0.137198 -0.608969 -0.284207 -0.134332 -0.609247 -0.2807 -0.132283 -0.607258 -0.282164 -0.136879 -0.604309 -0.285688 -0.138003 -0.606617 -0.283185 -0.134938 -0.60253 -0.286524 -0.136489 -0.605263 -0.283495 -0.132081 -0.602542 -0.286901 -0.134344 -0.605441 -0.286524 -0.136489 -0.605263 -0.283185 -0.134938 -0.60253 -0.203823 -0.11932 -0.592495 -0.197289 -0.124646 -0.598879 -0.202167 -0.128347 -0.600313 -0.2106 -0.126336 -0.596737 -0.198736 -0.124313 -0.586581 -0.195095 -0.12674 -0.591654 -0.200685 -0.13471 -0.583564 -0.196998 -0.135564 -0.588959 -0.200685 -0.13471 -0.583564 -0.205596 -0.142568 -0.588082 -0.200955 -0.141396 -0.592422 -0.196998 -0.135564 -0.588959 -0.211438 -0.136201 -0.596507 -0.203893 -0.136665 -0.599343 -0.2106 -0.126336 -0.596737 -0.202167 -0.128347 -0.600313 -0.190621 -0.129599 -0.605189 -0.194247 -0.13242 -0.607403 -0.188966 -0.131594 -0.601902 -0.190111 -0.136179 -0.60056 -0.192675 -0.138905 -0.601288 -0.190111 -0.136179 -0.60056 -0.195407 -0.137762 -0.604647 -0.194247 -0.13242 -0.607403 -0.187195 -0.137742 -0.610247 -0.186233 -0.139188 -0.608237 -0.186504 -0.141432 -0.60945 -0.187492 -0.140341 -0.611153 -0.18792 -0.141325 -0.608259 -0.188931 -0.14061 -0.610089 -0.187492 -0.140341 -0.611153 -0.186504 -0.141432 -0.60945 -0.188516 -0.133349 -0.603476 -0.189522 -0.132045 -0.606349 -0.188516 -0.133349 -0.603476 -0.189522 -0.132045 -0.606349 -0.190045 -0.13662 -0.601818 -0.190045 -0.13662 -0.601818 -0.190045 -0.13662 -0.601818 -0.191802 -0.1385 -0.6025 -0.192675 -0.138905 -0.601288 -0.191802 -0.1385 -0.6025 -0.190045 -0.13662 -0.601818 -0.190111 -0.136179 -0.60056 -0.193296 -0.13802 -0.605486 -0.195407 -0.137762 -0.604647 -0.193296 -0.13802 -0.605486 -0.192398 -0.133641 -0.6077 -0.194247 -0.13242 -0.607403 -0.192398 -0.133641 -0.6077 -0.193296 -0.13802 -0.605486 -0.192398 -0.133641 -0.6077 -0.192398 -0.133641 -0.6077 -0.279061 -0.131825 -0.572078 -0.282347 -0.134927 -0.571813 -0.28109 -0.136055 -0.568473 -0.277797 -0.133266 -0.568062 -0.278152 -0.134221 -0.575133 -0.281426 -0.136552 -0.574023 -0.276814 -0.138107 -0.57572 -0.279341 -0.139425 -0.574712 -0.276814 -0.138107 -0.57572 -0.275478 -0.141675 -0.572933 -0.277448 -0.141953 -0.572109 -0.279341 -0.139425 -0.574712 -0.275262 -0.139531 -0.568342 -0.278208 -0.13996 -0.568449 -0.277797 -0.133266 -0.568062 -0.28109 -0.136055 -0.568473 -0.268522 -0.127375 -0.579929 -0.270111 -0.125311 -0.573551 -0.270872 -0.129841 -0.56745 -0.264181 -0.137605 -0.566364 -0.270872 -0.129841 -0.56745 -0.265436 -0.14044 -0.576774 -0.266957 -0.135092 -0.580828 -0.266957 -0.135092 -0.580828 -0.28571 -0.140585 -0.569241 -0.286539 -0.139801 -0.570662 -0.288667 -0.143606 -0.570547 -0.288459 -0.143968 -0.570085 -0.286356 -0.140407 -0.572087 -0.289157 -0.144707 -0.570694 -0.285892 -0.141628 -0.57236 -0.288319 -0.144121 -0.57105 -0.285892 -0.141628 -0.57236 -0.285042 -0.142727 -0.571489 -0.287908 -0.144264 -0.570635 -0.28485 -0.142462 -0.569943 -0.288988 -0.144858 -0.570296 -0.28571 -0.140585 -0.569241 -0.282567 -0.136572 -0.571777 -0.281611 -0.136897 -0.569192 -0.282567 -0.136572 -0.571777 -0.281611 -0.136897 -0.569192 -0.282216 -0.137574 -0.573214 -0.282216 -0.137574 -0.573214 -0.280453 -0.139762 -0.574082 -0.280453 -0.139762 -0.574082 -0.278633 -0.141586 -0.571748 -0.280453 -0.139762 -0.574082 -0.280453 -0.139762 -0.574082 -0.278633 -0.141586 -0.571748 -0.279391 -0.140022 -0.568845 -0.279391 -0.140022 -0.568845 -0.281611 -0.136897 -0.569192 -0.281611 -0.136897 -0.569192 -0.232207 -0.11002 -0.605571 -0.223506 -0.111376 -0.603973 -0.248326 -0.110025 -0.597566 -0.24037 -0.109687 -0.602989 -0.258823 -0.113662 -0.583546 -0.254767 -0.111363 -0.591467 -0.202887 -0.118294 -0.572324 -0.208964 -0.110343 -0.584335 -0.216195 -0.119985 -0.599046 -0.212017 -0.118629 -0.594329 -0.261685 -0.117373 -0.567641 -0.261408 -0.123535 -0.561459 -0.256196 -0.130455 -0.555312 -0.261408 -0.123535 -0.561459 -0.215877 -0.145128 -0.580273 -0.222235 -0.146656 -0.590833 -0.24859 -0.146661 -0.593126 -0.256547 -0.144997 -0.58175 -0.258383 -0.143799 -0.572302 -0.258197 -0.139907 -0.565585 -0.239136 -0.146729 -0.600358 -0.230929 -0.149201 -0.588145 -0.205537 -0.127963 -0.566543 -0.205537 -0.127963 -0.566543 -0.246908 -0.14115 -0.557061 -0.26076 -0.115225 -0.576742 -0.248866 -0.10363 -0.582306 -0.244001 -0.102117 -0.588182 -0.247933 -0.0989282 -0.572084 -0.233205 -0.0958279 -0.582791 -0.205537 -0.127963 -0.566543 -0.202887 -0.118294 -0.572324 -0.233205 -0.0958279 -0.582791 -0.247933 -0.0989282 -0.572084 -0.230192 -0.103578 -0.593879 -0.221492 -0.104934 -0.59228 -0.212647 -0.102958 -0.58045 -0.212647 -0.102958 -0.58045 -0.253366 -0.114943 -0.548485 -0.254552 -0.109254 -0.554294 -0.252245 -0.101555 -0.564186 -0.252245 -0.101555 -0.564186 -0.254552 -0.109254 -0.554294 -0.253366 -0.114943 -0.548485 -0.239104 -0.132559 -0.543133 -0.21874 -0.137558 -0.551056 -0.24342 -0.149615 -0.578581 -0.247448 -0.146365 -0.569739 -0.250086 -0.122215 -0.544437 -0.250086 -0.122215 -0.544437 -0.253366 -0.114943 -0.548485 -0.21874 -0.137558 -0.551056 -0.21874 -0.137558 -0.551056 -0.224973 -0.147338 -0.567847 -0.239104 -0.132559 -0.543133 -0.237683 -0.150574 -0.58342 -0.127301 0.0340241 0.021135 -0.144742 0.0289336 0.0217256 -0.141828 0.00944072 0.045922 -0.124164 0.0128022 0.054367 -0.134651 0.0410545 -0.0152555 -0.157434 0.0398841 -0.0119718 -0.148348 0.0350595 -0.0596709 -0.164592 0.0341142 -0.0500329 -0.159646 0.0192676 -0.0987091 -0.173127 0.0216876 -0.0928715 -0.167097 0.00432678 -0.123844 -0.179626 0.00902887 -0.120298 -0.172053 -0.0221626 -0.146824 -0.183773 -0.0159861 -0.149152 -0.130919 -0.0210752 0.063846 -0.114124 -0.0211499 0.0733397 -0.116495 -0.0567663 0.0646038 -0.105581 -0.0616647 0.0763932 -0.118989 -0.079376 0.0359634 -0.109003 -0.0880895 0.0385312 -0.120634 -0.0946414 -0.00790486 -0.130678 -0.0849949 -0.00585182 -0.138986 -0.0761414 -0.047796 -0.132721 -0.0841664 -0.0539011 -0.155806 -0.0639315 -0.0873489 -0.144315 -0.0692039 -0.0917212 -0.152621 -0.0779726 0.00863961 -0.165955 -0.0796448 -0.0244139 -0.170852 -0.0648353 0.020312 -0.186858 -0.0650944 -0.00664686 -0.180707 -0.0287154 0.0265228 -0.196383 -0.0309569 -0.00198147 -0.179145 0.00636374 0.0118498 -0.194387 0.00542394 -0.0141747 -0.172682 0.0292343 -0.00557878 -0.185952 0.0257018 -0.032147 -0.160363 -0.0249413 0.0495903 -0.162197 0.00739067 0.0307155 -0.136493 -0.0741182 0.0289863 -0.14959 -0.0592056 0.0431651 -0.161662 0.0229064 0.0158845 -0.17714 -0.0746302 -0.0586328 -0.194619 0.0185177 -0.0798966 -0.2011 0.0116473 -0.111832 -0.20654 -0.00420181 -0.142511 -0.207353 0.00210953 -0.0569773 -0.217386 -0.00239081 -0.0953741 -0.224181 -0.00934821 -0.12082 -0.210176 -0.0299247 -0.0426055 -0.198983 -0.0587189 -0.0465971 -0.153847 -0.0585744 -0.103553 -0.159662 -0.05979 -0.105947 -0.164785 -0.0544797 -0.131276 -0.162229 -0.0519894 -0.131835 -0.205736 -0.0861131 -0.078192 -0.182907 -0.0866115 -0.0753685 -0.182877 -0.0748059 -0.0762472 -0.202509 -0.0623942 -0.0783401 -0.163604 -0.0815999 -0.089186 -0.165501 -0.070486 -0.0910912 -0.158308 -0.0758776 -0.108964 -0.162388 -0.0670312 -0.107487 -0.163327 -0.0723878 -0.13075 -0.163523 -0.0652149 -0.129055 -0.174053 -0.0494744 -0.147294 -0.169656 -0.0444839 -0.145342 -0.162229 -0.0519894 -0.131835 -0.164785 -0.0544797 -0.131276 -0.178819 -0.0550955 -0.151116 -0.163523 -0.0652149 -0.129055 -0.163327 -0.0723878 -0.13075 -0.178184 -0.0673556 -0.151673 -0.200211 -0.0648545 -0.155374 -0.200573 -0.0500039 -0.154808 -0.223362 -0.0683803 -0.132035 -0.223724 -0.0535298 -0.131468 -0.22235 -0.0585977 -0.104622 -0.221872 -0.0807532 -0.0993124 -0.223327 -0.0303979 -0.0989021 -0.215916 -0.0265434 -0.0779207 -0.180438 -0.034738 -0.152244 -0.172288 -0.0321103 -0.145943 -0.205766 -0.0264153 -0.155026 -0.2269 -0.0277556 -0.13315 -0.224843 -0.0389295 -0.107121 -0.197321 -0.116804 -0.249203 -0.196631 -0.119449 -0.258192 -0.20424 -0.124759 -0.257267 -0.207673 -0.12261 -0.250355 -0.189248 -0.122001 -0.24815 -0.189443 -0.124484 -0.256519 -0.187347 -0.130248 -0.24622 -0.189016 -0.132343 -0.254717 -0.189443 -0.124484 -0.256519 -0.189248 -0.122001 -0.24815 -0.195275 -0.136736 -0.243791 -0.195167 -0.137402 -0.25472 -0.202051 -0.134136 -0.245502 -0.201817 -0.134589 -0.255509 -0.207673 -0.12261 -0.250355 -0.20424 -0.124759 -0.257267 -0.195887 -0.135717 -0.263542 -0.195082 -0.140039 -0.273601 -0.193344 -0.138756 -0.273667 -0.191963 -0.132559 -0.264169 -0.200476 -0.133714 -0.264736 -0.196109 -0.139553 -0.274602 -0.201732 -0.129088 -0.266288 -0.197853 -0.137141 -0.274511 -0.195798 -0.125413 -0.266669 -0.195383 -0.136313 -0.274816 -0.197853 -0.137141 -0.274511 -0.201732 -0.129088 -0.266288 -0.192029 -0.127144 -0.265516 -0.193386 -0.136701 -0.274618 -0.192029 -0.127144 -0.265516 -0.193386 -0.136701 -0.274618 -0.195383 -0.136313 -0.274816 -0.195513 -0.136177 -0.256291 -0.190567 -0.13163 -0.256799 -0.190567 -0.13163 -0.256799 -0.195513 -0.136177 -0.256291 -0.200814 -0.133785 -0.257118 -0.200814 -0.133785 -0.257118 -0.202906 -0.125788 -0.258812 -0.202906 -0.125788 -0.258812 -0.196631 -0.119449 -0.258192 -0.196502 -0.121341 -0.25963 -0.202906 -0.125788 -0.258812 -0.20424 -0.124759 -0.257267 -0.202906 -0.125788 -0.258812 -0.196502 -0.121341 -0.25963 -0.189443 -0.124484 -0.256519 -0.191052 -0.125385 -0.258482 -0.191052 -0.125385 -0.258482 -0.191052 -0.125385 -0.258482 -0.191052 -0.125385 -0.258482 -0.229629 -0.116886 -0.247231 -0.23187 -0.122205 -0.261621 -0.237525 -0.125529 -0.257585 -0.238361 -0.12179 -0.244612 -0.220099 -0.121356 -0.247561 -0.225943 -0.125746 -0.262063 -0.220099 -0.121356 -0.247561 -0.220578 -0.131257 -0.247945 -0.224675 -0.132074 -0.259838 -0.225943 -0.125746 -0.262063 -0.22589 -0.137927 -0.246396 -0.230168 -0.136045 -0.257715 -0.232232 -0.13534 -0.245135 -0.235816 -0.133366 -0.256761 -0.238361 -0.12179 -0.244612 -0.237525 -0.125529 -0.257585 -0.234103 -0.135899 -0.267617 -0.235636 -0.139584 -0.277458 -0.233509 -0.137997 -0.278461 -0.230273 -0.133314 -0.269483 -0.237678 -0.133746 -0.267579 -0.2371 -0.139091 -0.279737 -0.238112 -0.129515 -0.268407 -0.238087 -0.136172 -0.278878 -0.238112 -0.129515 -0.268407 -0.23302 -0.127262 -0.270423 -0.235857 -0.134792 -0.279688 -0.238087 -0.136172 -0.278878 -0.230762 -0.12909 -0.27061 -0.234469 -0.137191 -0.280405 -0.230762 -0.12909 -0.27061 -0.234469 -0.137191 -0.280405 -0.235857 -0.134792 -0.279688 -0.231026 -0.134677 -0.2589 -0.226434 -0.132027 -0.26125 -0.231026 -0.134677 -0.2589 -0.226434 -0.132027 -0.26125 -0.235438 -0.133053 -0.258523 -0.235438 -0.133053 -0.258523 -0.23675 -0.126587 -0.259754 -0.23675 -0.126587 -0.259754 -0.237525 -0.125529 -0.257585 -0.23187 -0.122205 -0.261621 -0.231908 -0.123801 -0.262786 -0.23675 -0.126587 -0.259754 -0.23675 -0.126587 -0.259754 -0.231908 -0.123801 -0.262786 -0.225943 -0.125746 -0.262063 -0.227638 -0.126694 -0.26316 -0.227638 -0.126694 -0.26316 -0.225943 -0.125746 -0.262063 -0.224675 -0.132074 -0.259838 -0.226434 -0.132027 -0.26125 -0.227638 -0.126694 -0.26316 -0.227638 -0.126694 -0.26316 -0.270803 -0.13738 -0.252142 -0.27561 -0.140975 -0.25895 -0.273777 -0.139779 -0.260756 -0.268266 -0.136159 -0.254747 -0.273117 -0.135152 -0.25135 -0.277692 -0.140402 -0.260659 -0.273117 -0.135152 -0.25135 -0.273814 -0.131453 -0.252215 -0.27797 -0.137325 -0.25983 -0.277692 -0.140402 -0.260659 -0.27016 -0.129981 -0.25567 -0.276001 -0.136338 -0.261467 -0.268014 -0.133142 -0.256049 -0.275238 -0.138952 -0.262348 -0.268014 -0.133142 -0.256049 -0.275238 -0.138952 -0.262348 -0.266545 -0.137592 -0.247177 -0.268114 -0.136718 -0.24868 -0.264255 -0.134445 -0.250958 -0.262485 -0.135191 -0.249927 -0.264255 -0.134445 -0.250958 -0.268114 -0.136718 -0.24868 -0.271218 -0.133706 -0.245031 -0.271194 -0.133749 -0.247174 -0.271194 -0.133749 -0.247174 -0.271218 -0.133706 -0.245031 -0.272238 -0.128163 -0.246439 -0.271687 -0.129309 -0.248181 -0.271194 -0.133749 -0.247174 -0.271687 -0.129309 -0.248181 -0.271194 -0.133749 -0.247174 -0.266438 -0.12635 -0.250565 -0.267197 -0.127654 -0.251417 -0.267197 -0.127654 -0.251417 -0.262988 -0.129476 -0.251075 -0.264602 -0.130518 -0.251888 -0.264602 -0.130518 -0.251888 -0.262988 -0.129476 -0.251075 -0.262485 -0.135191 -0.249927 -0.264255 -0.134445 -0.250958 -0.264602 -0.130518 -0.251888 -0.264602 -0.130518 -0.251888 -0.258015 -0.11963 -0.235493 -0.262615 -0.122276 -0.243363 -0.268203 -0.124795 -0.23943 -0.26408 -0.123598 -0.231646 -0.266438 -0.12635 -0.250565 -0.272238 -0.128163 -0.246439 -0.249891 -0.122909 -0.237405 -0.257074 -0.126606 -0.245444 -0.262988 -0.129476 -0.251075 -0.249891 -0.122909 -0.237405 -0.250806 -0.135298 -0.235915 -0.256539 -0.134109 -0.244411 -0.257074 -0.126606 -0.245444 -0.262988 -0.129476 -0.251075 -0.258168 -0.139314 -0.232802 -0.262386 -0.138219 -0.240298 -0.262657 -0.131713 -0.228307 -0.267212 -0.133538 -0.237669 -0.267212 -0.133538 -0.237669 -0.262657 -0.131713 -0.228307 -0.271218 -0.133706 -0.245031 -0.281961 -0.147403 -0.21992 -0.283539 -0.148346 -0.217756 -0.286236 -0.150566 -0.220121 -0.285426 -0.149658 -0.221966 -0.285164 -0.146713 -0.217159 -0.28832 -0.151047 -0.221043 -0.285164 -0.146713 -0.217159 -0.286139 -0.144418 -0.218353 -0.288076 -0.148056 -0.220448 -0.28832 -0.151047 -0.221043 -0.284791 -0.14349 -0.220601 -0.287362 -0.147262 -0.222169 -0.283002 -0.144926 -0.221367 -0.287038 -0.14956 -0.22254 -0.283002 -0.144926 -0.221367 -0.287038 -0.14956 -0.22254 -0.276971 -0.145374 -0.21154 -0.280069 -0.146374 -0.214663 -0.278354 -0.143638 -0.218113 -0.275374 -0.141317 -0.21596 -0.280184 -0.142057 -0.209733 -0.282359 -0.144083 -0.21366 -0.280406 -0.137842 -0.211436 -0.28318 -0.140677 -0.215055 -0.282359 -0.144083 -0.21366 -0.280184 -0.142057 -0.209733 -0.278456 -0.137011 -0.21427 -0.281242 -0.139778 -0.217291 -0.276853 -0.138751 -0.215669 -0.27948 -0.14134 -0.21846 -0.27948 -0.14134 -0.21846 -0.276853 -0.138751 -0.215669 -0.274225 -0.133312 -0.203249 -0.271514 -0.130542 -0.208842 -0.276126 -0.132691 -0.212687 -0.279166 -0.13454 -0.207554 -0.276126 -0.132691 -0.212687 -0.278456 -0.137011 -0.21427 -0.280406 -0.137842 -0.211436 -0.279166 -0.13454 -0.207554 -0.268116 -0.132164 -0.212101 -0.272657 -0.134566 -0.215064 -0.272657 -0.134566 -0.215064 -0.276853 -0.138751 -0.215669 -0.264099 -0.140442 -0.210462 -0.269363 -0.142962 -0.215084 -0.272657 -0.134566 -0.215064 -0.268116 -0.132164 -0.212101 -0.269363 -0.142962 -0.215084 -0.275374 -0.141317 -0.21596 -0.276853 -0.138751 -0.215669 -0.273559 -0.147314 -0.209028 -0.267357 -0.146773 -0.204898 -0.273559 -0.147314 -0.209028 -0.276971 -0.145374 -0.21154 -0.275374 -0.141317 -0.21596 -0.273318 -0.139271 -0.201538 -0.278249 -0.141498 -0.205693 -0.280184 -0.142057 -0.209733 -0.276971 -0.145374 -0.21154 -0.278249 -0.141498 -0.205693 -0.273318 -0.139271 -0.201538 -0.280184 -0.142057 -0.209733 -0.278249 -0.141498 -0.205693 -0.224354 -0.113191 -0.2296 -0.216012 -0.115875 -0.231586 -0.231065 -0.116114 -0.226404 -0.249096 -0.115695 -0.220677 -0.242087 -0.117676 -0.222817 -0.255234 -0.119521 -0.216886 -0.196722 -0.114387 -0.233992 -0.187327 -0.119479 -0.233158 -0.206171 -0.115805 -0.233465 -0.201073 -0.135742 -0.231096 -0.19397 -0.137909 -0.230194 -0.185176 -0.129385 -0.230651 -0.216542 -0.133946 -0.229591 -0.221542 -0.138575 -0.2311 -0.226066 -0.136351 -0.226924 -0.250974 -0.140538 -0.21987 -0.243518 -0.137105 -0.224177 -0.25789 -0.129799 -0.216811 -0.255857 -0.143088 -0.202087 -0.257469 -0.146448 -0.195836 -0.26224 -0.139941 -0.191197 -0.25789 -0.129799 -0.216811 -0.263998 -0.130378 -0.191889 -0.26171 -0.1252 -0.199215 -0.26224 -0.139941 -0.191197 -0.236897 -0.117426 -0.224453 -0.243484 -0.121882 -0.238576 -0.21084 -0.116417 -0.232382 -0.213339 -0.121167 -0.24669 -0.239606 -0.127834 -0.228988 -0.243484 -0.121882 -0.238576 -0.232376 -0.130488 -0.227959 -0.207037 -0.128507 -0.232628 -0.26075 -0.128155 -0.211257 -0.254975 -0.13437 -0.20661 -0.256923 -0.12474 -0.207251 -0.26075 -0.128155 -0.211257 -0.24705 -0.140415 -0.193499 -0.243373 -0.145638 -0.182627 -0.249175 -0.136865 -0.176532 -0.23216 -0.140842 -0.202954 -0.238251 -0.141153 -0.197013 -0.246228 -0.139003 -0.199234 -0.232734 -0.133489 -0.212592 -0.226633 -0.132813 -0.214599 -0.191747 -0.139975 -0.211222 -0.19966 -0.140324 -0.212888 -0.212421 -0.12858 -0.230649 -0.212087 -0.123087 -0.245824 -0.220099 -0.121356 -0.247561 -0.213339 -0.121167 -0.24669 -0.212087 -0.123087 -0.245824 -0.213339 -0.121167 -0.24669 -0.187327 -0.119479 -0.233158 -0.181893 -0.128903 -0.209539 -0.185899 -0.117224 -0.210492 -0.208095 -0.108976 -0.21417 -0.203427 -0.108365 -0.215252 -0.193962 -0.108381 -0.210115 -0.185899 -0.117224 -0.210492 -0.211973 -0.105977 -0.208039 -0.229829 -0.113597 -0.208036 -0.224822 -0.111442 -0.210605 -0.21839 -0.106633 -0.206991 -0.231515 -0.111261 -0.201617 -0.249757 -0.121482 -0.196383 -0.246274 -0.118121 -0.202009 -0.250511 -0.118388 -0.187673 -0.239606 -0.113876 -0.198635 -0.253922 -0.125045 -0.177914 -0.249175 -0.136865 -0.176532 -0.21994 -0.139878 -0.20827 -0.205294 -0.137045 -0.2178 -0.210299 -0.137871 -0.217138 -0.21278 -0.140711 -0.210456 -0.206122 -0.0992317 -0.194688 -0.191347 -0.104693 -0.194989 -0.226314 -0.103844 -0.189173 -0.214025 -0.0996043 -0.193713 -0.241604 -0.113097 -0.175095 -0.234122 -0.108781 -0.183305 -0.182437 -0.11442 -0.194522 -0.17848 -0.127875 -0.19335 -0.182437 -0.11442 -0.194522 -0.184137 -0.140483 -0.191371 -0.244399 -0.120747 -0.168112 -0.241957 -0.133073 -0.164043 -0.233062 -0.144328 -0.167226 -0.241957 -0.133073 -0.164043 -0.19355 -0.146602 -0.189994 -0.204341 -0.150603 -0.189172 -0.210539 -0.150866 -0.187196 -0.221203 -0.150312 -0.182431 -0.227314 -0.149604 -0.177323 -0.198565 -0.146878 -0.173313 -0.204763 -0.147141 -0.171337 -0.18883 -0.146451 -0.171506 -0.212663 -0.148301 -0.162882 -0.220554 -0.147173 -0.157302 -0.225246 -0.141087 -0.148042 -0.178826 -0.1403 -0.172812 -0.17245 -0.127315 -0.17563 -0.176407 -0.11386 -0.176803 -0.183711 -0.0997236 -0.177403 -0.176407 -0.11386 -0.176803 -0.195798 -0.091734 -0.177464 -0.205648 -0.0914261 -0.17608 -0.218363 -0.093633 -0.17246 -0.226936 -0.099906 -0.1672 -0.231724 -0.106607 -0.158706 -0.234292 -0.115202 -0.152194 -0.233032 -0.130334 -0.147532 -0.233032 -0.130334 -0.147532 -0.203796 -0.148701 -0.148115 -0.180932 -0.143277 -0.151772 -0.220518 -0.0900843 -0.154203 -0.213269 -0.0871578 -0.161423 -0.201585 -0.0791726 -0.162879 -0.224885 -0.0875397 -0.140388 -0.224885 -0.0875397 -0.140388 -0.201585 -0.0791726 -0.162879 -0.204919 -0.102973 -0.0747096 -0.182291 -0.102807 -0.0735475 -0.182291 -0.102807 -0.0735475 -0.204919 -0.102973 -0.0747096 -0.203377 -0.117251 -0.078412 -0.182111 -0.117381 -0.0770728 -0.20558 -0.134341 -0.0903491 -0.185766 -0.13935 -0.0921608 -0.190852 -0.144888 -0.112957 -0.211459 -0.141006 -0.107967 -0.217465 -0.140772 -0.128514 -0.196595 -0.14503 -0.133158 -0.223644 -0.100016 -0.100465 -0.223644 -0.100016 -0.100465 -0.221077 -0.111802 -0.100942 -0.226345 -0.129807 -0.131403 -0.221958 -0.127599 -0.117382 -0.21758 -0.125619 -0.102564 -0.226968 -0.105458 -0.132225 -0.226345 -0.129807 -0.131403 -0.161576 -0.0992882 -0.0862467 -0.161576 -0.0992882 -0.0862467 -0.166249 -0.116176 -0.0906941 -0.174402 -0.133405 -0.0996409 -0.177809 -0.141691 -0.119521 -0.179318 -0.143163 -0.136038 -0.221077 -0.111802 -0.100942 -0.223644 -0.100016 -0.100465 -0.221958 -0.127599 -0.117382 -0.21758 -0.125619 -0.102564 -0.154409 -0.0924844 -0.1122 -0.161979 -0.0861988 -0.134745 -0.179508 -0.0826453 -0.158242 -0.161979 -0.0861988 -0.134745 -0.179508 -0.0826453 -0.158242 -0.170763 -0.0952927 -0.157626 -0.167115 -0.109753 -0.157554 -0.164552 -0.124141 -0.155896 -0.167115 -0.109753 -0.157554 -0.170929 -0.137126 -0.153078 -0.154409 -0.0924844 -0.1122 -0.161252 -0.109746 -0.115971 -0.163809 -0.100354 -0.137759 -0.161979 -0.0861988 -0.134745 -0.161979 -0.0861988 -0.134745 -0.163809 -0.100354 -0.137759 -0.168718 -0.134204 -0.138803 -0.165878 -0.130954 -0.122321 -0.163184 -0.123219 -0.113249 -0.162638 -0.113503 -0.14181 -0.162638 -0.113503 -0.14181 -0.202491 -0.0593809 -0.068333 -0.0284559 0.0635879 0.080598 -0.0258505 0.0425813 0.129562 -0.0662557 0.050439 0.0819119 -0.0535376 0.0292847 0.126114 -0.0811826 0.00553622 0.124597 -0.0881495 0.0231679 0.0782589 -0.114124 -0.0211499 0.0733397 -0.089919 -0.0286863 0.121114 -0.105581 -0.0616647 0.0763932 -0.0876041 -0.065489 0.120919 -0.0730072 -0.095422 0.119999 -0.0876041 -0.065489 0.120919 -0.0570887 -0.116254 0.118308 -0.0333057 -0.133613 0.118678 -0.0118138 -0.096132 0.968053 -0.00867021 -0.0992902 0.987986 -0.0150684 -0.0771881 0.837213 -0.0130656 -0.080147 0.873315 -0.010953 -0.0488018 0.661422 -0.0267472 -0.0550998 0.6626 -0.0259656 -0.060862 0.701329 -0.0104821 -0.0552041 0.701419 -0.0124792 -0.0462838 0.621412 -0.0256154 -0.052673 0.621307 -0.0391493 -0.016073 0.346261 -0.0325104 -0.0235638 0.39238 -0.0156813 -0.0177988 0.391934 -0.0202301 -0.00833918 0.346864 -0.0446733 -0.00721676 0.294924 -0.0248418 0.00289494 0.29861 -0.0257598 0.013783 0.236475 -0.0460269 0.00128993 0.235466 -0.0491856 0.0112132 0.17537 -0.0261204 0.0266574 0.177878 -0.0491856 0.0112132 0.17537 -0.0261204 0.0266574 0.177878 -0.0159298 -0.103292 0.967149 -0.0115866 -0.104973 0.988148 -0.0218826 -0.0877078 0.837259 -0.0235208 -0.0939386 0.872993 -0.0336182 -0.0687876 0.663277 -0.0328067 -0.0732528 0.700573 -0.0328432 -0.064415 0.620836 -0.0539226 -0.0322458 0.345995 -0.0483837 -0.0420056 0.39177 -0.0610622 -0.0236872 0.296165 -0.0627327 -0.0185598 0.235098 -0.0665071 -0.00993816 0.171726 -0.0665071 -0.00993816 0.171726 -0.0734313 -0.0402572 0.169945 -0.0734313 -0.0402572 0.169945 -0.0706455 -0.0461361 0.2326 -0.0662294 -0.0492844 0.293955 -0.0621083 -0.0530699 0.346265 -0.055562 -0.0587364 0.390734 -0.0411851 -0.0770344 0.620264 -0.0382357 -0.0824521 0.662359 -0.0371397 -0.0882622 0.700574 -0.0253638 -0.0988107 0.83717 -0.0268128 -0.103242 0.871681 -0.0175704 -0.111485 0.966633 -0.0133905 -0.112095 0.987564 -0.0717913 -0.0718469 0.168381 -0.0717913 -0.0718469 0.168381 -0.0706461 -0.0731835 0.229804 -0.06789 -0.0752568 0.292146 -0.061413 -0.0791778 0.345927 -0.0579245 -0.0829731 0.390134 -0.0454142 -0.0940418 0.620102 -0.0417922 -0.0980841 0.661944 -0.0380385 -0.103524 0.698893 -0.028097 -0.113457 0.836551 -0.0265836 -0.11556 0.870044 -0.0170881 -0.120096 0.966056 -0.0134401 -0.117994 0.98743 -0.0632045 -0.0965178 0.166506 -0.0717913 -0.0718469 0.168381 -0.062685 -0.101634 0.227806 -0.0706461 -0.0731835 0.229804 -0.0717913 -0.0718469 0.168381 -0.0632045 -0.0965178 0.166506 -0.059456 -0.102762 0.289968 -0.06789 -0.0752568 0.292146 -0.0552086 -0.100835 0.344908 -0.061413 -0.0791778 0.345927 -0.0509642 -0.105551 0.389218 -0.0579245 -0.0829731 0.390134 -0.0417922 -0.0980841 0.661944 -0.0454142 -0.0940418 0.620102 -0.0374777 -0.109816 0.618469 -0.0364628 -0.114271 0.659483 -0.0334313 -0.117162 0.698029 -0.0380385 -0.103524 0.698893 -0.0234937 -0.125812 0.869393 -0.0265836 -0.11556 0.870044 -0.028097 -0.113457 0.836551 -0.0237531 -0.123497 0.835242 -0.0146781 -0.127672 0.9658 -0.0118085 -0.122918 0.987474 -0.0134401 -0.117994 0.98743 -0.0170881 -0.120096 0.966056 -0.0486237 -0.115732 0.163846 -0.0486237 -0.115732 0.163846 -0.0482976 -0.118794 0.226012 -0.0484343 -0.120298 0.287812 -0.0438043 -0.115491 0.343698 -0.0402839 -0.119183 0.388281 -0.0284198 -0.124969 0.617037 -0.0261126 -0.127403 0.6562 -0.0241752 -0.127832 0.696547 -0.0187938 -0.130459 0.83541 -0.0172383 -0.133566 0.868902 -0.00970996 -0.128514 0.987228 -0.01114 -0.133135 0.965402 -0.02999 -0.129521 0.162708 -0.02999 -0.129521 0.162708 -0.0300921 -0.131442 0.225674 -0.0276451 -0.134606 0.286794 -0.026615 -0.131011 0.343531 -0.023641 -0.130701 0.387395 -0.0155757 -0.132535 0.656097 -0.0202874 -0.131289 0.616319 -0.0157786 -0.132164 0.694874 -0.011542 -0.136196 0.834914 -0.00959716 -0.137674 0.86819 -0.00699285 -0.136721 0.965422 -0.00539971 -0.13129 0.98704 -0.0155422 -0.0180954 0.431282 -0.0319306 -0.0243192 0.430051 -0.029294 -0.0347451 0.46958 -0.0146887 -0.0265653 0.471513 -0.0472963 -0.0432623 0.429574 -0.0414175 -0.0488719 0.467508 -0.0502108 -0.0715846 0.466879 -0.054545 -0.0638425 0.428159 -0.0588523 -0.0870716 0.427232 -0.0530131 -0.0908793 0.465869 -0.0504086 -0.10752 0.424332 -0.0469408 -0.10668 0.464559 -0.0530131 -0.0908793 0.465869 -0.0588523 -0.0870716 0.427232 -0.0383719 -0.122542 0.423877 -0.0364109 -0.122619 0.463168 -0.0234533 -0.131821 0.423069 -0.0227091 -0.132713 0.462119 -0.0295927 -0.0353786 0.506689 -0.015421 -0.0287071 0.508107 -0.0268776 -0.0437618 0.545899 -0.012796 -0.0392441 0.547419 -0.0423062 -0.0519193 0.50454 -0.0374066 -0.0587787 0.546569 -0.0507515 -0.0772078 0.504058 -0.0440477 -0.0763007 0.546357 -0.0506315 -0.0934448 0.503395 -0.0455832 -0.0948946 0.546561 -0.0506315 -0.0934448 0.503395 -0.0439753 -0.109421 0.501524 -0.0421087 -0.112309 0.545466 -0.0455832 -0.0948946 0.546561 -0.0346797 -0.124814 0.49995 -0.0332668 -0.123578 0.54453 -0.0207389 -0.134888 0.499026 -0.0217224 -0.130823 0.542881 -0.0299028 -0.0457735 0.580987 -0.0133792 -0.0401903 0.583234 -0.037832 -0.0611728 0.579858 -0.0436835 -0.0777592 0.579687 -0.0453525 -0.0946385 0.579354 -0.0453525 -0.0946385 0.579354 -0.0396399 -0.110469 0.578001 -0.0318477 -0.124815 0.578017 -0.0203044 -0.131737 0.57809 -0.0237677 -0.0654125 0.73763 -0.0201335 -0.0686287 0.771479 -0.0298877 -0.0766696 0.736154 -0.0277215 -0.0845584 0.772087 -0.0361862 -0.0897926 0.735487 -0.0304026 -0.0931665 0.771978 -0.035931 -0.105071 0.73388 -0.0316321 -0.106759 0.770277 -0.035931 -0.105071 0.73388 -0.0320485 -0.121253 0.732404 -0.028998 -0.121357 0.769189 -0.0316321 -0.106759 0.770277 -0.0236925 -0.130452 0.732239 -0.0224128 -0.130349 0.768191 -0.0146893 -0.133931 0.732149 -0.0129422 -0.135749 0.76769 -0.0186929 -0.0741851 0.80755 -0.0239588 -0.0877818 0.805801 -0.0272284 -0.0966927 0.805892 -0.0271298 -0.108921 0.805058 -0.0255646 -0.122369 0.804076 -0.0271298 -0.108921 0.805058 -0.0206653 -0.129968 0.802313 -0.0126572 -0.135914 0.801299 -0.0148481 -0.0863076 0.905732 -0.0220832 -0.0955859 0.905451 -0.0244773 -0.104888 0.905546 -0.0254257 -0.117281 0.905094 -0.0217135 -0.125718 0.903666 -0.0254257 -0.117281 0.905094 -0.0168724 -0.132541 0.903208 -0.0108655 -0.136597 0.902673 -0.00824284 -0.106102 0.995261 -0.00539567 -0.101985 0.996255 -0.00857839 -0.118027 0.993647 -0.00935233 -0.112349 0.994551 -0.00857839 -0.118027 0.993647 -0.00653574 -0.123727 0.992697 -0.0134554 -0.0910208 0.936117 -0.0202692 -0.0998197 0.936944 -0.0231175 -0.109381 0.937076 -0.022355 -0.119867 0.937201 -0.0202709 -0.129129 0.937747 -0.022355 -0.119867 0.937201 -0.0154219 -0.133863 0.937131 -0.0101897 -0.137909 0.936306 -0.153847 -0.0585744 -0.103553 -0.162229 -0.0519894 -0.131835 -0.162229 -0.0519894 -0.131835 -0.172053 -0.0221626 -0.146824 -0.167097 0.00432678 -0.123844 -0.095768 -0.0164318 -0.641281 0.095768 -0.0164318 -0.641281 </float_array>
          <technique_common>
            <accessor count="3661" offset="0" source="#meshId1-positions-array" stride="3">
              <param name="X" type="float" />
              <param name="Y" type="float" />
              <param name="Z" type="float" />
            </accessor>
          </technique_common>
        </source>
        <source id="meshId1-normals" name="meshId1-normals">
          <float_array id="meshId1-normals-array" count="10983"> 0.265543 0.958668 0.102186 0.235465 0.949862 0.205717 -0.000382611 0.984109 0.177567 -0.000861805 0.99262 0.12126 0.560141 0.827415 0.0403286 0.576301 0.805581 0.137536 0.66909 0.742774 -0.024599 0.680502 0.731835 0.0365271 0.767258 0.634555 -0.0930311 0.780766 0.619935 0.0780033 0.931518 0.305949 -0.196645 0.973649 0.187837 -0.129327 0.950963 -0.117111 -0.286278 0.931583 -0.200553 -0.303201 0.820929 -0.497793 -0.27978 0.931583 -0.200553 -0.303201 0.950963 -0.117111 -0.286278 0.805769 -0.531163 -0.261922 0.583378 -0.795698 -0.162892 0.590918 -0.784372 -0.188617 0.270699 -0.955312 -0.118752 0.253926 -0.956096 -0.146296 -2.05036e-09 -0.993692 -0.11214 -2.65926e-09 -0.990343 -0.138638 0.278887 0.960137 -0.0189549 0.529985 0.847982 0.0064376 0.635215 0.772325 -0.00402226 0.73162 0.680516 -0.0403823 0.925004 0.350823 -0.145915 0.959367 -0.112743 -0.258656 0.959367 -0.112743 -0.258656 0.762359 -0.592 -0.261428 0.555168 -0.819162 -0.144087 0.266035 -0.956311 -0.121218 -1.80046e-09 -0.994198 -0.107565 0.000414005 0.999193 -0.0401653 0.749222 0.521631 -0.408126 0.833884 -0.0848184 -0.545384 0.296126 0.954986 0.0176656 0.518947 0.854706 -0.0131411 0.591866 0.803632 -0.0622055 0.677117 0.718993 -0.15672 1.77006e-09 0.999436 0.0335859 0.636932 0.741636 -0.21046 0.685035 0.706478 -0.177811 0.678047 0.733258 -0.0508457 0.615871 0.75148 -0.236603 0.814038 0.568865 -0.117195 0.818856 0.550948 0.161029 0.996442 0.0351 -0.0766254 0.886325 0.183414 0.425191 0.880747 -0.467275 0.0770579 0.751605 -0.318694 0.577515 0.645483 -0.737376 0.199071 0.451382 -0.743029 0.494127 0.751605 -0.318694 0.577515 0.880747 -0.467275 0.0770579 0.382958 -0.918948 0.0942162 0.263833 -0.954392 0.139741 0.324918 -0.936845 -0.129424 0.257933 -0.915935 -0.307462 0.407028 -0.868159 -0.28395 0.247226 -0.959825 -0.132723 3.68298e-09 -0.994988 -0.0999985 0.202227 -0.977318 -0.0628755 -8.45381e-10 -0.997669 -0.0682369 0.23211 -0.971666 -0.0446034 -2.9723e-09 -0.99638 -0.0850066 0.541387 -0.840252 0.0296092 0.295779 -0.955011 -0.0216421 0 -0.999349 -0.0360737 0.573157 -0.819028 -0.026151 0.312873 -0.949566 -0.0208742 -3.22142e-09 -0.999764 -0.0217137 0.529055 0.825346 -0.19724 0.443792 0.887408 -0.124723 8.4124e-10 0.998691 -0.0511459 0.267638 0.961405 -0.063794 0.370188 0.911866 -0.177372 0.52861 0.821419 -0.214109 0.273119 0.944406 -0.183041 -0.00195368 0.976421 -0.215868 0.56799 0.799085 -0.197107 0.358933 0.908674 -0.213255 0.312436 0.918486 -0.242422 0.00488523 0.962668 -0.270642 0.982672 -0.0612172 -0.174951 0.846615 -0.523139 -0.0978208 0.979201 -0.0352715 -0.199805 0.824199 -0.531638 -0.195083 0.970091 -0.00976206 -0.242547 0.827436 -0.508731 -0.237786 0.872273 -0.471395 -0.130104 0.987623 -0.0173802 -0.155878 0.999128 -0.00245984 0.0416858 0.909177 -0.415812 0.0223187 0.997385 0.00100996 0.0722627 0.898051 -0.432137 0.082231 0.846615 -0.523139 -0.0978208 0.701459 -0.712057 -0.0305111 0.679873 -0.713131 -0.170927 0.824199 -0.531638 -0.195083 0.536087 -0.833918 -0.131116 0.284551 -0.957008 -0.0562717 0 -0.999595 -0.0284445 0.681104 -0.720722 -0.129061 0.666239 -0.716996 -0.205041 0.827436 -0.508731 -0.237786 0.872273 -0.471395 -0.130104 0.898051 -0.432137 0.082231 0.757704 -0.650301 0.0547116 0.722053 -0.691118 -0.0315491 0.909177 -0.415812 0.0223187 0.441388 -0.892047 -0.0971026 0.476559 -0.868898 -0.13382 0.432746 -0.901385 -0.0153464 0.436817 -0.897594 -0.0592974 0.191346 -0.980155 -0.0517998 0.203066 -0.977894 -0.0498728 0.237587 -0.970488 -0.0413052 0.182214 -0.983183 -0.0122382 6.64511e-09 -0.999897 -0.0143783 -2.88082e-09 -0.998942 -0.045978 -1.46137e-09 -0.99999 -0.00437385 0 -0.999215 -0.0396181 0.406703 0.874202 -0.265262 0.614822 0.760815 -0.207736 0.85884 0.474848 -0.192128 -0.00154156 0.950556 -0.31055 0.315581 0.900053 -0.300521 0.466904 0.863418 -0.191077 0.64278 0.744228 -0.181546 0.880335 0.434797 -0.189637 0.319702 0.925319 -0.203899 -4.36334e-09 0.978215 -0.207597 0.649654 0.744023 -0.156137 0.876645 0.447994 -0.175484 -2.10567e-09 0.9989 -0.0468884 0.316656 0.945712 -0.0732005 0.477189 0.870916 -0.117453 0.644359 0.740492 -0.190979 0.86146 0.458455 -0.218415 -4.03248e-09 0.997206 -0.0747067 0.281152 0.954025 -0.103875 0.444246 0.882216 -0.156017 0.643219 0.752191 -0.1431 0.874397 0.454269 -0.170499 0.249779 0.962554 -0.105361 0 0.994583 -0.103946 0.415978 0.901697 -0.117921 0.895723 0.443485 0.0316571 0.667312 0.744504 0.0202194 -3.5074e-09 0.994643 -0.103366 0.275432 0.958498 -0.0736052 0.441659 0.896882 -0.0232193 0.856689 0.504596 0.107083 0.668356 0.734144 0.119722 0.321851 0.946541 0.0217276 -6.53432e-09 0.999998 -0.00200864 0.495218 0.865362 0.0768593 0.643648 0.759712 0.0924936 0.613532 0.788703 -0.0390676 0.538825 0.83616 0.102488 -1.9785e-09 0.994936 0.100514 0.275519 0.956247 0.0983906 0.525941 0.838881 0.140233 0.585061 0.808709 0.0607751 0.624457 0.781057 0.00171778 2.61474e-10 0.987257 0.159137 0.247242 0.954773 0.165163 0.463221 0.854491 0.235097 0.529164 0.830656 0.173197 0.5536 0.820842 0.140516 4.0357e-09 0.962869 0.269968 0.28639 0.919567 0.269032 0.285055 0.917637 0.276922 0.452647 0.841126 0.296003 0.510322 0.78868 0.342862 0.441063 0.809491 0.387541 2.58592e-09 0.962374 0.271727 0.28338 0.893239 0.349028 0.492258 0.795723 0.352855 0.560217 0.657214 0.50421 0.530598 0.531071 0.660628 0 0.930251 0.366923 0.818801 -0.564153 0.106282 0.734262 -0.67036 0.10713 0.407313 -0.910894 0.0661005 0.187713 -0.980901 0.0509544 3.30249e-09 -0.999372 0.0354334 0.752999 -0.65166 0.0912796 0.657297 -0.742926 0.126574 0.673643 -0.721236 0.161317 0.580831 -0.798352 0.158963 0.683642 -0.666903 0.296435 0.608779 -0.75781 0.234761 0.851251 -0.342663 0.397434 0.749868 -0.607083 0.26296 0.378009 -0.917862 0.12099 0.215455 -0.973157 0.0808949 0 -0.998546 0.0539063 0.380939 -0.916157 0.124669 0.243073 -0.965072 0.0977325 -3.67367e-09 -0.99624 0.0866375 0.441937 -0.885077 0.14605 0.260221 -0.959046 0.11187 -3.93625e-09 -0.994384 0.105829 0.571885 -0.808661 0.137894 0.315343 -0.947249 0.0572507 -2.15178e-09 -0.999545 0.0301602 0.471087 -0.69962 -0.537224 0.833884 -0.0848184 -0.545384 0.615871 0.75148 -0.236603 0.678047 0.733258 -0.0508457 0.497438 0.86559 0.0575284 0.478847 0.829066 -0.288713 0.749222 0.521631 -0.408126 0.480762 0.53838 -0.692109 0.451201 -0.0512608 -0.890949 0.833884 -0.0848184 -0.545384 0.471087 -0.69962 -0.537224 0.309687 -0.523334 -0.793861 0.129547 -0.862078 -0.489938 0.257933 -0.915935 -0.307462 -0.00409833 -0.980034 0.198787 0.263833 -0.954392 0.139741 0.451382 -0.743029 0.494127 0.263833 -0.954392 0.139741 -0.00409833 -0.980034 0.198787 0.0718361 -0.644934 0.760855 0.751605 -0.318694 0.577515 0.225516 -0.191393 0.955254 0.886325 0.183414 0.425191 0.390562 0.350521 0.851232 0.487005 0.758181 0.433574 0.818856 0.550948 0.161029 0.505139 0.862764 0.0217378 0.51844 0.796812 -0.31034 0.466139 0.499353 -0.730316 0.294488 -0.0590771 -0.953827 0.132884 -0.515365 -0.846605 -0.0287988 -0.86606 -0.499111 -0.139182 -0.978434 0.152627 -0.139182 -0.978434 0.152627 -0.0336634 -0.635378 0.771467 0.167571 -0.134864 0.976592 0.392672 0.424678 0.815755 0.509479 0.795651 0.327674 0.300536 0.633707 -0.712807 -0.161871 0.06356 -0.984763 -0.372466 -0.453114 -0.809912 -0.369207 -0.822288 -0.433046 0.532707 0.799921 -0.276315 0.590489 0.806955 -0.0120871 0.630489 0.749016 0.203616 0.600206 0.390965 0.697782 0.321536 -0.199574 0.925627 0.0718505 -0.677715 0.731806 -0.17977 -0.967266 0.179105 -0.17977 -0.967266 0.179105 0.618523 -0.283756 0.732743 0.871625 0.280575 0.401929 -0.732799 0.198025 -0.650993 -0.10664 0.80485 -0.583819 0.767927 0.632551 0.100837 0.438276 0.859144 -0.264168 0.637957 0.767356 -0.0646168 0.254634 -0.769335 0.585906 -0.242013 -0.960149 0.139801 -0.634371 -0.736144 -0.235937 -0.242013 -0.960149 0.139801 -0.821788 -0.313159 -0.476021 0.712104 0.696696 -0.0867361 0.414775 0.858936 -0.300319 -0.139143 0.800951 -0.582337 -0.749781 0.278171 -0.600375 -0.878918 -0.305312 -0.366452 -0.681911 -0.708815 -0.180494 -0.193379 -0.976313 0.0970412 -0.193379 -0.976313 0.0970412 0.35955 -0.863697 0.353202 0.814677 -0.435094 0.383398 0.975245 0.107056 0.193482 0.89736 0.43946 0.0402405 0.92448 0.364504 0.111682 0.760821 0.646725 -0.0538366 0.404492 0.841262 -0.358699 -0.156791 0.761157 -0.62933 -0.715547 0.311697 -0.62517 -0.888871 -0.294409 -0.351045 -0.667877 -0.731292 -0.138388 -0.171829 -0.983321 0.0596155 0.412903 -0.878807 0.239185 -0.171829 -0.983321 0.0596155 0.8582 -0.437476 0.268527 0.980993 0.0381548 0.190256 0.931514 0.322594 0.167972 0.809904 0.585296 -0.0385345 0.461286 0.812249 -0.357023 -0.0733478 0.791639 -0.606571 -0.674026 0.41072 -0.614002 -0.935516 -0.19128 -0.297021 -0.746302 -0.664321 0.0413552 -0.235072 -0.944924 0.227727 -0.235072 -0.944924 0.227727 0.374431 -0.871201 0.317506 0.829376 -0.434539 0.351157 0.955922 -0.00713709 0.293535 0.512653 0.848503 -0.131261 0.958266 0.0133482 0.285565 0.978837 -0.0596072 0.195768 0.544591 0.792666 -0.274045 -0.461851 0.625941 -0.628404 -0.415797 0.738736 -0.530454 -0.840202 -0.0637414 -0.538515 -0.818926 -0.135 -0.557795 -0.840202 -0.0637414 -0.538515 -0.818926 -0.135 -0.557795 -0.546657 -0.776422 -0.313584 -0.528184 -0.827786 -0.189188 0.446619 -0.882189 0.149244 0.458429 -0.844866 0.275762 0.978837 -0.0596072 0.195768 0.958266 0.0133482 0.285565 0.570283 0.754542 -0.324722 -0.108758 0.809959 -0.576315 0.996008 0.0722794 0.0523875 0.484592 -0.871191 -0.078719 0.996008 0.0722794 0.0523875 -0.277077 -0.851589 -0.444999 -0.631224 -0.0243424 -0.775219 -0.631224 -0.0243424 -0.775219 -0.317609 0.632782 -0.706195 0.624532 0.694002 -0.35822 0.611042 0.503976 -0.61044 -0.13067 0.454277 -0.881225 -0.827914 -0.226467 -0.5131 -0.873253 -0.161179 -0.459837 -0.873253 -0.161179 -0.459837 -0.827914 -0.226467 -0.5131 -0.632693 -0.770991 0.0726094 -0.592199 -0.805769 -0.00595192 0.281272 -0.850698 0.444072 0.380722 -0.831293 0.404972 0.968405 -0.0680583 0.239917 0.982475 -0.121219 0.141597 0.968405 -0.0680583 0.239917 0.982475 -0.121219 0.141597 0.700552 0.311614 -0.641969 -0.112092 0.422682 -0.899319 0.601041 0.764464 -0.233118 -0.357265 0.718288 -0.597013 -0.607773 -0.255333 -0.751942 -0.870912 -0.0881679 -0.483466 -0.818926 -0.135 -0.557795 -0.607773 -0.255333 -0.751942 -0.378063 -0.731262 -0.567737 -0.870912 -0.0881679 -0.483466 -0.570282 -0.815888 -0.0954233 -0.378063 -0.731262 -0.567737 0.578607 -0.790513 -0.200756 0.439471 -0.839713 0.31898 0.948244 -0.206102 -0.241567 0.968258 -0.015821 0.249453 0.948244 -0.206102 -0.241567 0.968258 -0.015821 0.249453 0.281272 -0.850698 0.444072 -0.632693 -0.770991 0.0726094 0.448969 0.731846 -0.512668 0.895141 -0.204577 -0.396069 0.914427 -0.0420703 -0.40256 0.388276 0.716168 -0.579953 -0.565172 0.794952 -0.220525 0.448969 0.731846 -0.512668 0.388276 0.716168 -0.579953 -0.630608 0.680276 -0.373574 -0.999946 0.0021012 0.0101704 -0.991926 0.118182 0.0459985 -0.991926 0.118182 0.0459985 -0.999946 0.0021012 0.0101704 -0.765376 -0.633714 0.112278 -0.777078 -0.608515 0.160808 0.271379 -0.952114 -0.140832 0.071614 -0.997407 -0.00717744 0.248938 0.606779 -0.754884 -0.520884 0.744692 -0.417269 0.248938 0.606779 -0.754884 0.467374 -0.593993 -0.654778 -0.226433 -0.947984 -0.22373 -0.791728 -0.560458 -0.24301 -0.952667 0.152841 -0.262801 -0.952667 0.152841 -0.262801 0.33128 0.593661 -0.733362 0.433109 0.362104 -0.825407 -0.617512 0.392055 -0.681888 -0.660185 0.550696 -0.510773 -0.985946 -0.163574 -0.033975 -0.986428 -0.139282 0.086949 -0.549077 -0.744062 0.380638 -0.986428 -0.139282 0.086949 -0.985946 -0.163574 -0.033975 -0.485513 -0.807732 0.334434 0.608653 -0.779183 0.149717 0.55283 -0.810518 0.193495 0.914379 -0.0677647 -0.399147 0.883454 -0.160088 -0.440319 0.433109 0.362104 -0.825407 0.33128 0.593661 -0.733362 0.372085 0.459535 -0.806462 -0.478454 0.501749 -0.720645 0.414231 0.676131 -0.609311 -0.639602 0.686534 -0.345804 -0.927919 -0.239947 -0.285291 -0.981529 -0.127007 0.143074 -0.927919 -0.239947 -0.285291 -0.629142 -0.757298 -0.175157 -0.599639 -0.738045 0.309391 -0.981529 -0.127007 0.143074 0.410508 -0.799968 -0.437647 0.398241 -0.911549 0.102385 0.758921 -0.129286 -0.638219 0.91938 -0.0974523 -0.381108 0.372085 0.459535 -0.806462 0.414231 0.676131 -0.609311 0.883454 -0.160088 -0.440319 0.608653 -0.779183 0.149717 -0.485513 -0.807732 0.334434 0.917718 -0.29443 0.266656 0.647833 -0.285156 0.706398 0.666999 0.555992 0.495968 0.818856 0.558577 0.132164 0.582163 0.753501 -0.305488 0.257469 0.915075 -0.3104 0.581105 0.110533 -0.806287 -0.239034 0.285418 -0.928116 -0.218677 -0.69061 -0.689375 0.366094 -0.776048 -0.513541 0.581105 0.110533 -0.806287 -0.239034 0.285418 -0.928116 0.215801 -0.964063 0.154963 0.408616 -0.899621 -0.153996 0.647833 -0.285156 0.706398 0.917718 -0.29443 0.266656 0.708566 0.531882 0.46372 0.352944 0.874054 -0.333857 -0.213311 0.251035 -0.944182 -0.213311 0.251035 -0.944182 -0.203466 -0.630258 -0.749251 0.30156 -0.943156 0.139707 0.668794 -0.269649 0.692824 0.668794 -0.269649 0.692824 0.556302 0.642503 -0.526989 0.851506 0.475753 0.220446 0.763486 -0.273302 0.585145 0.0835285 0.231331 -0.969283 -0.338085 -0.669758 -0.661152 0.0835285 0.231331 -0.969283 0.763486 -0.273302 0.585145 -0.00948573 -0.967852 0.25134 0.780462 0.386195 -0.491663 0.302421 0.0469619 -0.952017 0.302421 0.0469619 -0.952017 0.123355 -0.615875 -0.778127 0.266461 -0.958608 -0.100344 0.77055 -0.473656 0.426501 0.77055 -0.473656 0.426501 0.970654 0.19526 0.140371 0.430042 0.866244 -0.254333 0.496752 0.804869 -0.324689 -0.246764 0.255887 -0.934681 -0.290508 0.335631 -0.896079 -0.545306 -0.533791 -0.646304 -0.290508 0.335631 -0.896079 -0.246764 0.255887 -0.934681 -0.485325 -0.569285 -0.663607 -0.119536 -0.947782 0.295669 -0.122919 -0.944835 0.303608 0.502245 -0.332004 0.798451 0.537194 -0.346886 0.768826 0.71192 0.555725 0.429349 0.502245 -0.332004 0.798451 0.537194 -0.346886 0.768826 0.774866 0.5077 0.376593 -0.580123 0.699718 -0.416956 -0.221606 0.338841 -0.914373 0.367009 0.322982 -0.872345 -0.257226 0.865353 -0.430114 -0.847245 0.388518 0.362257 -0.928689 0.32683 0.175266 -0.77733 -0.341339 0.528437 -0.75544 -0.460091 0.466504 -0.75544 -0.460091 0.466504 -0.77733 -0.341339 0.528437 -0.209752 -0.977648 -0.0144546 -0.447155 -0.889519 0.0938527 -0.301831 -0.68458 -0.663512 0.414758 -0.533122 -0.737398 -0.221606 0.338841 -0.914373 0.367009 0.322982 -0.872345 0.438175 0.249887 -0.863458 -0.322791 0.852347 -0.411473 -0.877539 0.344817 0.333206 -0.817469 -0.30203 0.490431 -0.817469 -0.30203 0.490431 -0.273047 -0.958944 0.0766316 0.484036 -0.571042 -0.663039 0.438175 0.249887 -0.863458 -0.399356 0.555556 -0.729296 0.282522 0.104207 -0.953584 -0.759304 -0.550668 0.34673 -0.923193 -0.0538988 0.38054 0.00331869 -0.927668 0.373392 -0.759304 -0.550668 0.34673 0.282522 0.104207 -0.953584 0.735234 -0.33445 -0.589554 -0.940868 0.0718477 0.331066 -0.563472 0.592 -0.576225 -0.580945 0.518038 -0.627805 -0.989684 0.135419 0.0467662 -0.608133 -0.439089 0.661344 -0.854848 -0.432587 0.286535 -0.608133 -0.439089 0.661344 -0.0148501 -0.90398 0.427318 -0.273047 -0.958944 0.0766316 -0.817469 -0.30203 0.490431 -0.854848 -0.432587 0.286535 -0.242275 -0.969462 -0.0380196 0.750334 -0.493351 -0.440004 0.285284 -0.651412 -0.703048 0.450357 0.285853 -0.845852 0.285284 -0.651412 -0.703048 0.1387 0.0445126 -0.989334 0.438175 0.249887 -0.863458 0.450357 0.285853 -0.845852 0.1387 0.0445126 -0.989334 0.623146 0.779904 -0.0586453 0.314789 0.357744 0.879163 0.43346 0.290074 0.853211 0.758776 0.650044 -0.0412531 0.547768 0.256557 -0.796322 0.552522 0.310468 -0.773517 0.285312 -0.387073 -0.876796 0.339527 -0.329814 -0.880877 0.339527 -0.329814 -0.880877 0.285312 -0.387073 -0.876796 -0.0437432 -0.995769 -0.0808166 -0.0525331 -0.990998 -0.123139 -0.0627769 -0.60372 0.794721 0.0182994 -0.385051 0.922714 0.314789 0.357744 0.879163 0.43346 0.290074 0.853211 0.825653 0.465118 -0.319315 0.716784 0.697176 0.0129045 0.57503 0.250221 0.778928 0.430683 -0.563805 0.704724 0.57503 0.250221 0.778928 0.388815 -0.919227 -0.0619984 0.771513 -0.329791 -0.544064 0.771513 -0.329791 -0.544064 0.283715 0.196712 0.938515 0.262062 -0.0340847 0.964449 0.874587 0.482186 0.0509425 0.710584 0.690131 0.137076 0.538995 0.333302 -0.773559 0.760996 0.0234329 -0.648333 0.11187 -0.420755 -0.90025 0.122646 -0.374996 -0.918878 0.122646 -0.374996 -0.918878 0.11187 -0.420755 -0.90025 -0.317805 -0.822789 -0.471188 -0.214031 -0.903951 -0.37022 -0.187056 -0.638509 0.746536 -0.214031 -0.903951 -0.37022 -0.317805 -0.822789 -0.471188 -0.0137117 -0.679105 0.733913 -0.0137117 -0.679105 0.733913 0.262062 -0.0340847 0.964449 0.283715 0.196712 0.938515 0.262062 -0.0340847 0.964449 -0.0137117 -0.679105 0.733913 0.760996 0.0234329 -0.648333 0.11187 -0.420755 -0.90025 0.745024 -0.032645 0.666238 0.974658 0.220429 -0.0381024 0.64532 0.757699 0.0972285 0.253913 0.231639 0.93908 0.715976 0.0289001 -0.697526 0.475991 0.34608 -0.808493 0.439637 -0.480176 -0.759046 0.0744943 -0.458516 -0.885559 0.439637 -0.480176 -0.759046 0.218808 -0.975155 -0.0345891 0.0744943 -0.458516 -0.885559 -0.221636 -0.955857 -0.192912 0.333888 -0.567104 0.752935 -0.173876 -0.605727 0.776442 0.745024 -0.032645 0.666238 0.253913 0.231639 0.93908 -0.421298 0.664433 -0.617282 -0.0942029 0.747682 -0.657341 0.143722 0.801707 -0.580181 0.421812 0.785328 -0.453139 0.604225 0.744205 -0.284731 0.736321 0.666791 -0.114982 -0.99051 0.0402727 -0.131405 -0.708501 0.606046 -0.361571 -0.562612 0.475201 -0.676499 -0.744946 0.414941 -0.522379 0.840842 0.514359 0.168582 0.808208 0.113044 0.577945 0.808208 0.113044 0.577945 0.632902 -0.40672 0.658798 -0.512209 -0.846201 0.146921 -0.316482 -0.909787 -0.268565 0.276893 -0.91765 -0.28504 0.376795 -0.920534 -0.103163 0.409702 -0.775421 0.480486 0.391226 -0.890341 0.232883 0.0665269 -0.926373 -0.370684 -0.194642 -0.980468 -0.0282465 -0.806383 -0.553805 0.207477 -0.806383 -0.553805 0.207477 0.181168 -0.823634 0.537406 0.790719 0.609432 -0.0579323 0.397396 0.818199 -0.415484 0.567305 0.775227 -0.277828 0.559579 0.777419 -0.287212 0.0519627 0.854032 -0.517619 -0.99051 0.0402727 -0.131405 -0.806383 -0.553805 0.207477 0.0519627 0.854032 -0.517619 0.559579 0.777419 -0.287212 -0.391307 0.796556 -0.460844 -0.177156 0.861462 -0.47592 -0.601117 0.580403 -0.549354 -0.601117 0.580403 -0.549354 0.907954 0.363949 0.207754 0.899985 0.0255387 0.435172 0.807184 0.589811 -0.0240094 0.807184 0.589811 -0.0240094 0.907954 0.363949 0.207754 0.899985 0.0255387 0.435172 0.239367 -0.80373 0.544722 -0.358834 -0.852974 0.379042 0.130087 -0.932297 0.337489 0.0571748 -0.971621 0.229528 0.730449 -0.37618 0.570029 0.899985 0.0255387 0.435172 0.730449 -0.37618 0.570029 -0.358834 -0.852974 0.379042 -0.332878 -0.87072 0.361994 -0.358834 -0.852974 0.379042 0.239367 -0.80373 0.544722 -0.130211 -0.975834 0.175479 0.441063 0.809491 0.387541 0.530598 0.531071 0.660628 0.465262 0.492155 0.735741 0.314621 0.820435 0.477389 0.120347 0.9888 0.088265 0.279967 0.952408 0.120568 0.258193 0.956758 -0.133978 0.0984726 0.970621 -0.219538 0.17085 0.946396 -0.274124 0.613532 0.788703 -0.0390676 -0.043819 0.857542 -0.512544 0.624431 0.671464 -0.399025 -0.124846 0.585848 -0.800747 0.835265 0.213055 -0.506893 0.827532 0.15633 0.539215 0.519284 0.027955 0.854144 0.851251 -0.342663 0.397434 0.570925 -0.397715 0.718239 0.683642 -0.666903 0.296435 0.524119 -0.737242 0.426348 0.673643 -0.721236 0.161317 0.408109 -0.906447 0.108634 0.752999 -0.65166 0.0912796 0.259689 -0.957931 -0.122189 0.818801 -0.564153 0.106282 0.0135769 -0.984618 -0.17419 0.283612 -0.958922 -0.00571113 0.312608 -0.919688 0.237592 0.752486 -0.591106 0.290445 0.646367 -0.566489 0.511174 0.80275 -0.0387738 0.595053 0.917626 -0.0654552 0.392018 0.874486 0.359086 0.326085 0.782184 0.36481 0.505076 0.603183 0.736767 0.305522 0.641571 0.761878 0.0890422 0.621642 0.420158 0.661081 0.614999 -0.00632152 0.788503 0.514479 -0.477482 0.712265 0.346397 -0.826573 0.443605 0.531352 0.669019 0.519691 0.213291 -0.97428 -0.0727053 0.528041 0.846989 -0.0615057 0.379301 0.885297 -0.269037 0.343907 0.704579 -0.620723 0.900409 0.393666 0.185176 0.860522 0.500508 0.0948353 0.84953 0.504252 -0.155013 0.964746 -0.0768447 0.251713 0.808441 -0.564498 0.166627 0.635352 -0.768851 -0.0720866 0.767317 -0.624351 -0.146323 -0.814273 -0.376305 -0.441989 -0.698707 -0.64703 -0.305222 0.579155 0.103232 0.808655 0.820168 -0.151977 0.551568 -0.0288814 -0.686159 0.726878 -0.223427 0.133414 0.965547 -0.785269 -0.539984 0.302935 -0.789432 0.180535 0.58669 -0.997585 -0.059859 -0.0352295 -0.973628 0.217454 0.0690059 -0.941525 0.0323883 -0.335384 -0.900593 0.196292 -0.387817 -0.714134 -0.157244 -0.682119 -0.814273 -0.376305 -0.441989 0.767317 -0.624351 -0.146323 -0.512739 -0.108575 -0.851651 -0.404371 0.0101079 -0.914539 -0.584827 0.222957 -0.779915 -0.900593 0.196292 -0.387817 -0.941525 0.0323883 -0.335384 0.42055 0.253846 -0.871033 0.390001 -0.0551613 -0.919161 0.919956 -0.0891299 -0.381754 0.956984 0.111634 -0.267804 0.927986 0.0791162 0.364118 0.954534 -0.0371993 0.295771 0.975918 -0.0638917 0.208571 0.96319 -0.00359895 0.268797 -0.177005 0.101888 -0.978922 -0.465928 0.0155902 -0.884685 0.4478 0.134842 -0.883908 0.894795 0.0812692 -0.439017 0.976919 -0.0684591 0.202344 -0.0451756 0.962252 -0.268383 0.848532 0.354701 -0.392658 0.88864 0.215501 -0.404819 -0.02381 0.90087 -0.433436 -0.837147 0.470969 -0.278159 -0.801714 0.567486 -0.187653 -0.930062 -0.352158 -0.104736 -0.801714 0.567486 -0.187653 -0.837147 0.470969 -0.278159 -0.877695 -0.46689 -0.108006 -0.274352 -0.960544 -0.0456737 -0.192676 -0.980878 -0.0274562 0.757975 -0.631634 -0.162826 0.713309 -0.696815 -0.0750945 0.88864 0.215501 -0.404819 0.848532 0.354701 -0.392658 -0.107561 -0.982139 0.154383 -0.929398 -0.367448 -0.0346543 -0.870049 -0.482891 0.0991505 0.0325661 -0.947438 0.318278 0.813026 -0.581642 0.0261083 0.674801 -0.737999 0.000440437 0.815118 0.0762382 -0.574257 0.825764 0.315444 -0.467556 0.0819289 0.782644 -0.617055 0.825764 0.315444 -0.467556 0.815118 0.0762382 -0.574257 0.0626153 0.561703 -0.824966 -0.813077 0.262197 -0.519768 -0.796058 0.452146 -0.402312 -0.796058 0.452146 -0.402312 -0.813077 0.262197 -0.519768 0.0626153 0.561703 -0.824966 -0.69654 -0.340959 -0.631331 -0.175158 -0.75729 -0.629152 -0.902448 -0.413328 -0.121442 -0.199221 -0.97843 -0.0546443 0.619321 -0.514077 -0.593436 0.763701 -0.644285 -0.0407287 0.687453 0.106699 -0.718348 0.863024 0.379724 -0.333164 -0.02381 0.90087 -0.433436 0.88864 0.215501 -0.404819 0.687453 0.106699 -0.718348 -0.0457312 0.600826 -0.798071 0.863024 0.379724 -0.333164 0.119095 0.880369 -0.459093 -0.837147 0.470969 -0.278159 -0.686896 0.257717 -0.679526 -0.874935 0.407799 -0.261129 -0.686896 0.257717 -0.679526 -0.874935 0.407799 -0.261129 0.100676 0.956958 -0.272206 0.950099 0.285587 -0.12551 0.952831 0.294251 -0.0743557 0.0339446 0.912147 -0.408454 -0.464314 0.740328 -0.486135 -0.71814 0.520497 -0.461906 -0.464314 0.740328 -0.486135 -0.71814 0.520497 -0.461906 -0.863515 -0.336446 -0.375694 -0.793078 -0.514632 -0.325855 -0.157318 -0.96617 -0.20437 -0.236047 -0.961626 -0.139847 0.727707 -0.681149 0.0804912 0.850567 -0.518931 0.0851228 0.950099 0.285587 -0.12551 0.952831 0.294251 -0.0743557 -0.0557251 -0.981873 0.181161 -0.863547 -0.456444 -0.214347 -0.892034 -0.415457 -0.177962 0.0652412 -0.957699 0.28028 0.856825 -0.459132 0.234625 0.822237 -0.568671 -0.0232065 0.940441 0.236121 -0.244574 0.894604 0.430728 -0.118984 0.894604 0.430728 -0.118984 0.940441 0.236121 -0.244574 0.135921 0.73484 -0.664482 0.141926 0.86468 -0.481856 -0.773647 0.377365 -0.508985 -0.669698 0.176776 -0.721287 -0.773647 0.377365 -0.508985 -0.669698 0.176776 -0.721287 0.135921 0.73484 -0.664482 -0.452142 -0.477938 -0.753089 0.0681004 -0.825368 -0.560473 -0.121874 -0.990846 0.0580676 -0.789386 -0.557624 -0.256758 0.804757 -0.487892 -0.338123 0.793576 -0.552685 0.254512 0.882982 0.157215 -0.442298 0.905367 0.424566 -0.00732528 0.952831 0.294251 -0.0743557 0.882982 0.157215 -0.442298 0.226271 0.591842 -0.773644 0.0339446 0.912147 -0.408454 0.212677 0.9114 -0.352305 0.905367 0.424566 -0.00732528 -0.71814 0.520497 -0.461906 -0.478182 0.209596 -0.852884 -0.819646 0.343602 -0.458386 -0.71814 0.520497 -0.461906 -0.478182 0.209596 -0.852884 -0.452142 -0.477938 -0.753089 -0.863515 -0.336446 -0.375694 -0.819646 0.343602 -0.458386 0.00100584 -0.94182 0.336115 -0.70055 -0.619327 -0.35449 -0.689774 -0.608129 -0.392926 0.112021 -0.907083 0.405774 0.754462 -0.337959 0.562646 0.839775 -0.4546 0.296845 0.754462 -0.337959 0.562646 0.839775 -0.4546 0.296845 0.940413 0.317708 0.121177 0.833893 0.544302 0.0914191 0.187099 0.682168 -0.706853 0.115462 0.80623 -0.580226 -0.624514 0.175847 -0.76096 -0.362841 0.0255899 -0.9315 -0.624514 0.175847 -0.76096 -0.362841 0.0255899 -0.9315 0.136429 -0.989845 -0.039914 -0.570315 -0.572823 -0.58874 -0.294854 -0.520083 -0.801608 0.38095 -0.88911 -0.253696 -0.693027 -0.566798 -0.44548 -0.0441791 -0.983209 0.177053 0.85651 -0.516069 -0.00797935 0.829731 -0.397274 0.392072 0.785915 -0.349266 0.510246 0.829731 -0.397274 0.392072 0.85651 -0.516069 -0.00797935 0.878235 0.285087 -0.383965 0.858289 0.497472 0.125939 0.770322 0.63309 0.0761702 0.785915 -0.349266 0.510246 0.112716 0.852692 -0.510109 0.272313 0.583729 -0.764922 0.0432258 0.866766 -0.496839 -0.565017 0.293633 -0.771061 -0.396368 0.0839033 -0.91425 -0.677204 0.20478 -0.706725 -0.565017 0.293633 -0.771061 -0.396368 0.0839033 -0.91425 -0.294854 -0.520083 -0.801608 -0.570315 -0.572823 -0.58874 -0.677204 0.20478 -0.706725 0.138376 0.966015 -0.218329 0.804553 0.515833 0.294298 0.80832 0.540551 0.233289 0.080236 0.928184 -0.36337 0.112716 0.852692 -0.510109 0.858289 0.497472 0.125939 -0.384204 0.534887 -0.752518 -0.648126 0.332463 -0.685128 -0.565017 0.293633 -0.771061 -0.384204 0.534887 -0.752518 -0.648126 0.332463 -0.685128 -0.684107 -0.45315 -0.571536 -0.505971 -0.637261 -0.581285 -0.565017 0.293633 -0.771061 0.141595 -0.989924 -0.00126733 0.25198 -0.966587 0.0470643 0.851195 -0.306039 0.426389 0.809421 -0.402711 0.427389 0.809421 -0.402711 0.427389 0.851195 -0.306039 0.426389 0.829731 -0.397274 0.392072 -0.696505 -0.53514 -0.478023 -0.589537 -0.457021 -0.666017 -0.165426 -0.888343 0.428346 -0.268895 -0.878764 0.394297 0.59599 -0.27834 0.753208 0.742698 -0.571134 0.349578 0.59599 -0.27834 0.753208 0.742698 -0.571134 0.349578 0.933263 0.177635 0.312196 0.872429 0.39923 0.281926 0.470679 0.446813 -0.760802 0.387839 0.692151 -0.608694 -0.328166 0.236344 -0.914576 0.0680024 -0.118575 -0.990614 -0.328166 0.236344 -0.914576 0.0680024 -0.118575 -0.990614 -0.223601 -0.960038 0.168316 -0.706906 -0.379423 -0.596927 -0.706364 -0.440533 -0.554058 -0.278225 -0.933932 0.224416 0.74653 -0.270777 0.60776 0.678959 -0.307481 0.666685 0.853315 0.472248 0.220986 0.74653 -0.270777 0.60776 0.678959 -0.307481 0.666685 0.853075 0.4685 0.229719 0.340542 0.800053 -0.49391 0.373856 0.830527 -0.412863 -0.338483 0.400155 -0.851648 -0.283878 0.528095 -0.800331 -0.283878 0.528095 -0.800331 -0.338483 0.400155 -0.851648 0.700059 0.497258 0.512496 0.763551 0.529911 0.369031 0.42061 0.847151 -0.324688 0.462213 0.886471 -0.022965 0.941398 0.330939 0.0651862 0.574957 0.557895 -0.598479 -0.268341 0.393612 -0.87924 -0.32742 0.174824 -0.928565 -0.00235196 0.2491 -0.968475 -0.479787 -0.459837 -0.747231 -0.32742 0.174824 -0.928565 -0.268341 0.393612 -0.87924 -0.458026 -0.445791 -0.769079 -0.00235196 0.2491 -0.968475 -0.0806197 -0.308686 -0.947741 -0.458026 -0.445791 -0.769079 0.0499709 -0.99604 0.0735386 0.100005 -0.983719 0.149317 -0.0806197 -0.308686 -0.947741 0.333363 -0.899615 -0.282066 0.0499709 -0.99604 0.0735386 0.62609 -0.329274 0.706817 0.637198 -0.381131 0.669864 0.333363 -0.899615 -0.282066 0.848635 -0.362304 0.385427 0.637198 -0.381131 0.669864 0.62609 -0.329274 0.706817 0.763551 0.529911 0.369031 0.637198 -0.381131 0.669864 0.848635 -0.362304 0.385427 0.941398 0.330939 0.0651862 -0.125457 0.929778 -0.346082 0.154472 0.962025 -0.225046 0.416429 0.903721 -0.099375 0.00638424 0.96661 -0.256174 0.216485 0.971553 -0.0960114 0.696872 0.690212 0.194874 -0.259133 0.932817 -0.250405 -0.811795 0.557342 -0.174234 0.140828 0.944229 -0.297657 0.46537 -0.866897 -0.178664 -0.42098 -0.896722 -0.13662 -0.944981 -0.294755 -0.141884 -0.269802 -0.961865 -0.0449792 -0.416561 -0.854436 -0.310509 0.519237 -0.854623 0.00349052 0.196456 -0.97851 -0.0626329 -0.438096 -0.825101 -0.356764 0.927704 -0.299582 0.222746 0.13905 -0.970102 0.198914 -0.44985 -0.735312 -0.506904 0.632653 -0.44591 0.633178 0.927704 -0.299582 0.222746 0.787562 0.324348 0.52397 0.503335 0.863459 0.0330431 0.632653 -0.44591 0.633178 0.198625 0.309283 -0.929996 0.187309 0.961507 -0.201045 -0.00294312 0.820015 -0.572334 0.0451936 0.935117 -0.351446 -0.205771 -0.790634 -0.576676 0.198625 0.309283 -0.929996 0.623217 -0.781291 -0.0344221 0.538179 -0.799323 -0.267295 0.198315 -0.889637 -0.41136 0.710749 0.324659 -0.624045 0.519785 0.85211 -0.0610991 0.710749 0.324659 -0.624045 0.355543 -0.909097 0.217099 -0.228419 -0.869618 -0.437708 0.666812 -0.447049 0.596245 0.177874 -0.966658 -0.184212 0.0516475 -0.934853 -0.351258 0.131353 -0.958623 -0.252563 -0.345153 -0.785729 -0.513322 0.480539 -0.857874 -0.18203 -0.531516 -0.824369 -0.194696 -0.0518579 -0.950219 -0.307238 -0.328992 -0.819658 -0.468962 -0.363316 -0.844777 -0.392878 -0.328992 -0.819658 -0.468962 -0.00294312 0.820015 -0.572334 -0.464314 0.740328 -0.486135 -0.00294312 0.820015 -0.572334 -0.811795 0.557342 -0.174234 -0.950766 -0.233088 -0.20424 -0.833295 0.5115 -0.209731 0.0366443 0.940028 -0.339122 0.0358944 0.924702 -0.378995 -0.422714 0.850193 -0.313823 -0.833295 0.5115 -0.209731 -0.0547784 0.921823 -0.383721 0.477231 0.86614 -0.148496 0.216102 0.943236 -0.2522 0.25576 0.911066 -0.323334 0.323128 0.912332 -0.251474 0.603682 0.787302 0.125395 0.454772 0.88136 -0.128012 0.603868 0.793619 0.0742481 0.406125 0.906648 -0.114247 0.810852 0.26532 0.521655 0.666812 -0.447049 0.596245 0.160166 -0.916374 -0.366886 -0.0811807 -0.854387 -0.513258 0.258653 -0.865384 -0.429196 0.0376836 -0.925722 -0.376323 -0.513313 0.753651 -0.410512 -0.152295 0.890822 -0.428067 0.275311 0.895289 -0.350231 0.469476 0.844595 -0.257394 0.578037 0.809888 -0.0997706 0.681358 0.721862 0.121104 -0.845102 0.433852 -0.312371 -0.946675 -0.152178 -0.283987 -0.845102 0.433852 -0.312371 -0.675897 -0.703637 -0.219222 0.844324 0.271031 0.462232 0.781792 -0.332567 0.527448 0.51604 -0.792893 0.324074 0.781792 -0.332567 0.527448 -0.267038 -0.944917 -0.189271 0.0895 -0.960436 -0.263728 -0.00658517 -0.963673 -0.267005 0.106946 -0.974577 -0.196882 0.217557 -0.976033 0.00540851 -0.104647 -0.990402 0.0902946 -0.122455 -0.990176 0.0674957 -0.310155 -0.949735 -0.042513 -0.0862172 -0.987833 0.129434 0.168191 -0.928626 0.330704 0.496657 -0.79303 0.352755 -0.719287 -0.668282 -0.189802 -0.928419 -0.156354 -0.337035 -0.854818 0.302303 -0.421781 -0.64709 0.553778 -0.524027 -0.854818 0.302303 -0.421781 -0.282615 0.769932 -0.57213 0.178301 0.867675 -0.464058 0.487007 0.825892 -0.284124 0.685615 0.716431 -0.129064 0.859854 0.503497 0.084504 0.926552 0.183407 0.328424 0.874336 -0.242228 0.42055 0.874336 -0.242228 0.42055 -0.0125749 -0.991983 0.125745 -0.328843 -0.944371 -0.00511949 0.545971 0.771264 -0.327211 0.688536 0.684602 -0.239248 0.307196 0.601173 -0.737714 0.954313 0.251647 -0.161124 0.954313 0.251647 -0.161124 0.307196 0.601173 -0.737714 -0.276131 -0.048599 0.959891 0.514964 -0.052422 0.855607 -0.276131 -0.048599 0.959891 -0.291384 -0.44846 0.844973 0.423631 -0.387462 0.818786 0.514964 -0.052422 0.855607 -0.19224 -0.795458 0.574709 0.397863 -0.660968 0.636259 -0.0435417 -0.984087 0.172267 0.427323 -0.864438 0.264843 0.459774 -0.861943 0.213687 0.0373966 -0.995066 0.0919027 0.951533 -0.00798444 0.307442 0.906455 -0.17296 0.385258 0.951533 -0.00798444 0.307442 0.910334 -0.264845 0.318039 0.90859 -0.305109 0.285258 0.811461 -0.360165 0.460231 0.979745 0.016338 0.199579 0.910334 -0.264845 0.318039 -0.836361 -0.0985653 0.539244 -0.836361 -0.0985653 0.539244 -0.802189 -0.369359 0.469112 -0.682085 -0.608029 0.406275 -0.488408 -0.864156 0.12121 -0.379351 -0.924711 0.0316602 0.951533 -0.00798444 0.307442 0.906455 -0.17296 0.385258 0.90859 -0.305109 0.285258 0.811461 -0.360165 0.460231 -0.998183 -0.0600742 0.00464392 -0.918249 0.131594 -0.373498 -0.58097 0.455019 -0.674856 -0.918249 0.131594 -0.373498 -0.58097 0.455019 -0.674856 -0.807357 0.361537 -0.466332 -0.891698 0.219984 -0.395577 -0.951298 -0.209851 -0.225821 -0.891698 0.219984 -0.395577 -0.782601 -0.614817 -0.0976549 -0.998183 -0.0600742 0.00464392 -0.976758 -0.212448 0.028461 -0.918249 0.131594 -0.373498 -0.963408 0.0529225 -0.262763 -0.918249 0.131594 -0.373498 -0.963408 0.0529225 -0.262763 -0.851382 -0.524103 -0.0215675 -0.866431 -0.498105 0.0344771 -0.9284 -0.315224 0.196742 -0.989741 -0.073756 -0.122364 -0.989741 -0.073756 -0.122364 0.843108 -0.507465 0.177899 0.270421 0.873106 0.405657 2.44277e-09 0.909476 0.415757 -1.42967e-09 0.921924 0.38737 0.268571 0.880964 0.38958 0.557953 0.731678 0.391581 0.525712 0.752224 0.397223 0.818017 0.43583 0.375367 0.737183 0.502462 0.451768 0.827532 0.15633 0.539215 0.926664 0.100968 0.362077 0.91679 -0.248141 0.312925 0.851251 -0.342663 0.397434 0.91679 -0.248141 0.312925 0.825661 -0.520535 0.217548 0.656688 -0.744281 0.121681 0.352045 -0.935002 0.0428497 -4.48344e-09 -0.999968 0.00801254 0.539335 0.823322 0.176799 -2.61707e-08 0.986749 0.162257 -5.73247e-09 0.966306 0.257394 0.561431 0.783064 0.267592 0.541788 0.832182 0.118062 -6.55526e-09 0.992468 0.1225 -1.64358e-09 0.989839 0.142192 0.485394 0.866169 0.118928 0.255219 0.961085 0.105728 0.256189 0.954748 0.151076 0.605836 0.783939 0.135656 0.647807 0.757217 0.0834813 0.662625 0.740747 0.110553 0.246969 0.962269 0.114215 0.57836 0.78575 0.219309 0.231067 0.946639 0.224684 0.19629 0.970504 0.139974 0.589341 0.79627 0.136499 0.609145 0.776958 0.158992 0.237425 0.953889 0.183645 0.232304 0.956651 0.175652 0.647376 0.749038 0.140876 0.641547 0.7255 0.249132 0.255836 0.926543 0.275801 0.255836 0.926543 0.275801 0.641547 0.7255 0.249132 0.907701 0.3766 0.18507 0.907213 0.318611 0.274686 0.880411 0.470841 0.0564432 0.893004 0.44467 0.0693735 0.915739 0.39323 0.0824107 0.903749 0.423801 0.0602522 0.882752 0.461791 0.0865963 0.843751 0.51993 0.133255 0.843664 0.502056 0.190187 0.875265 0.467368 0.124408 0.892895 0.440131 0.0949856 0.871369 0.425422 0.244402 0.871369 0.425422 0.244402 0.977611 0.0856953 0.192182 0.991159 0.119422 0.0578053 0.977611 0.0856953 0.192182 0.986836 0.135899 0.0876738 0.977496 0.163205 0.133664 0.972165 0.211907 0.099949 0.957452 0.27657 0.0824242 0.943937 0.321761 0.073841 0.977845 0.197971 0.068026 0.986463 0.160634 0.0329909 0.980978 0.192242 0.0269189 0.959354 0.0788594 0.270965 0.978694 0.0839365 0.187386 0.97191 -0.194177 0.132992 0.988317 -0.149141 0.0314021 0.97191 -0.194177 0.132992 0.988261 -0.135751 0.070079 0.987002 -0.131231 0.0927644 0.993216 -0.106746 0.0461168 0.994014 -0.0885082 0.0640432 0.994772 -0.0914121 0.045522 0.991252 -0.121132 0.0524111 0.991562 -0.12716 0.0251986 0.995033 -0.0990251 0.0101982 0.96902 -0.162618 0.185893 0.945479 -0.167338 0.279404 0.97191 -0.194177 0.132992 0.877139 -0.474492 0.0740537 0.898682 -0.438581 0.00414064 0.877139 -0.474492 0.0740537 0.97191 -0.194177 0.132992 0.988317 -0.149141 0.0314021 0.988261 -0.135751 0.070079 0.905227 -0.421096 0.0569411 0.987002 -0.131231 0.0927644 0.903749 -0.422194 0.0706457 0.889649 -0.456587 0.00731042 0.993216 -0.106746 0.0461168 0.994014 -0.0885082 0.0640432 0.874882 -0.48406 0.0163785 0.887604 -0.460049 0.0226625 0.994772 -0.0914121 0.045522 0.991252 -0.121132 0.0524111 0.877608 -0.479112 0.0159859 0.880465 -0.473985 0.0109111 0.902733 -0.4302 0.000812258 0.995033 -0.0990251 0.0101982 0.991562 -0.12716 0.0251986 0.89323 -0.411172 0.181872 0.96902 -0.162618 0.185893 0.945479 -0.167338 0.279404 0.866292 -0.37015 0.33545 0.689595 -0.722803 0.0448794 0.689595 -0.722803 0.0448794 0.69101 -0.722539 -0.0210323 0.701373 -0.71166 0.0402055 0.709781 -0.701645 0.0624897 0.689238 -0.724527 -0.00325835 0.69139 -0.722473 0.00355382 0.745617 -0.666005 0.022189 0.638817 -0.769272 -0.0115101 0.677864 -0.735188 -0.000464439 0.704268 -0.70993 -0.00217809 0.727602 -0.578211 0.369143 0.714984 -0.679991 0.162515 0.385649 -0.922351 0.0233075 0.385649 -0.922351 0.0233075 0.381252 -0.924121 -0.0254208 0.373283 -0.927476 0.021169 0.399289 -0.915373 0.0515827 0.374631 -0.927173 0.00131206 0.282822 -0.959142 -0.00760818 0.293736 -0.955887 0.000203842 0.308833 -0.95086 -0.0220788 0.334179 -0.942434 -0.0119653 0.356215 -0.934363 -0.00871359 0.480849 -0.785468 0.389647 0.436031 -0.890183 0.132105 -3.85323e-09 -0.999905 0.0138107 0 -0.999693 -0.0247978 -3.85323e-09 -0.999905 0.0138107 0 -0.999931 0.0117778 4.83446e-09 -0.999156 0.0410846 0 -0.999983 0.00588949 -4.20068e-09 -0.999959 -0.00900885 4.71043e-09 -0.999869 -0.0161564 0 -0.999597 -0.0283774 -4.58513e-09 -0.999884 -0.0152527 -4.19167e-09 -0.99988 -0.015517 -0.000221026 -0.992383 0.123194 0.00608209 -0.89987 0.436115 0.171044 0.976658 0.129934 0.177196 0.974169 0.139985 0.643051 0.754329 0.132188 0.612297 0.781246 0.121438 0.8707 0.478135 0.115191 0.856204 0.50148 0.124231 0.965943 0.239423 0.0981315 0.963688 0.246026 0.103808 0.98765 -0.13016 0.0872088 0.993296 -0.0980414 0.0612515 0.877786 -0.478398 0.0250422 0.993296 -0.0980414 0.0612515 0.98765 -0.13016 0.0872088 0.879906 -0.471832 0.0560355 0.719028 -0.694698 0.0198273 0.685652 -0.727906 0.0058087 0.336059 -0.941781 -0.0106536 0.345257 -0.938314 -0.0190827 -1.86936e-09 -0.999884 -0.0152107 0 -0.999731 -0.0232048 0.186577 0.971977 0.143001 0.642969 0.756248 0.121159 0.16846 0.975091 0.144286 0.636067 0.760716 0.129343 0.882516 0.460845 0.0937351 0.892306 0.440041 0.100768 0.974371 0.206907 0.0882707 0.97206 0.21467 0.0949506 0.987006 -0.144334 0.070613 0.990643 -0.117303 0.0697648 0.987006 -0.144334 0.070613 0.893984 -0.446751 0.0347309 0.903289 -0.426545 0.0461233 0.990643 -0.117303 0.0697648 0.716665 -0.697165 0.0187858 0.705942 -0.707564 0.0316038 0.291192 -0.956308 0.0261344 0.284719 -0.958001 0.0341979 0 -0.999591 0.0285937 1.91052e-09 -0.999345 0.0361914 0.654356 0.750609 0.0916773 0.195453 0.975702 0.0990173 0.891951 0.447282 0.0660481 0.963763 0.264014 0.0381664 0.993659 -0.108503 0.0294915 0.993659 -0.108503 0.0294915 0.90242 -0.42794 0.0500535 0.73588 -0.675942 0.0397798 0.272687 -0.962102 -0.00103852 -4.27212e-09 -0.999965 -0.00834031 1.38999e-08 0.99099 0.133935 0.580221 0.80216 0.14101 -8.61312e-09 0.988747 0.149596 0.576724 0.802836 0.151138 0.904294 0.409935 0.119191 0.913837 0.38288 0.135294 0.97799 0.182439 0.101246 0.977301 0.164043 0.134066 0.990362 -0.11632 0.0751871 0.990006 -0.0846445 0.112801 0.990362 -0.11632 0.0751871 0.89664 -0.441633 0.0315813 0.990006 -0.0846445 0.112801 0.925764 -0.369422 0.0805464 0.623125 -0.782031 -0.0119439 0.660858 -0.749931 0.0294797 0.287009 -0.957736 -0.0191685 0.273606 -0.961828 -0.00505178 0 -0.999891 -0.0147333 -3.43677e-09 -0.999901 -0.0140557 0 0.985963 0.166967 0.588697 0.792401 0.159803 0.920719 0.374698 0.108983 0.98212 0.168852 0.0832452 0.995492 -0.0688762 0.0652057 0.995492 -0.0688762 0.0652057 0.931468 -0.359832 0.0537457 0.707616 -0.70585 0.0324912 0.335945 -0.941877 -0.00293122 -1.89158e-09 -0.999781 -0.0209445 5.29364e-09 0.987064 0.160329 0.475126 0.86895 0.138499 0.87448 0.476948 0.0883472 0.988564 0.134753 0.0676938 0.98837 -0.143939 0.0490475 0.98837 -0.143939 0.0490475 0.881136 -0.472205 0.0249184 0.683836 -0.729582 0.00886713 0.363829 -0.931459 -0.00363537 -9.14027e-09 -0.99995 -0.0100264 0.489452 0.646085 0.585672 0.711044 0.180781 0.679511 0 0.712216 0.70196 0.696474 -0.0393852 0.7165 0.642256 -0.218777 0.734604 0.642256 -0.218777 0.734604 0.506809 -0.409862 0.758392 -1.56329e-08 -0.116587 0.993181 -1.65221e-08 -0.268023 0.963413 -1.65221e-08 -0.268023 0.963413 -0.00364177 -0.498427 0.866924 1.87072e-08 0.0478062 0.998857 4.37327e-09 0.958676 0.2845 4.37327e-09 0.958676 0.2845 4.00179e-09 0.985252 0.171107 -5.02631e-09 0.982563 0.185929 0 0.975783 0.218742 4.60548e-09 0.991825 0.127607 3.89692e-09 0.990875 0.134782 2.73898e-09 0.992107 0.125397 -8.56517e-09 0.987444 0.157968 -6.21106e-09 0.988994 0.147959 4.86452e-09 0.995791 0.0916549 5.19212e-09 0.99521 0.097758 -1.90043e-09 0.990722 0.135902 0.4791 0.865296 0.1474 0.892625 0.428974 0.138572 0.987255 0.10093 0.123051 0.981458 -0.156968 0.110005 0.883717 -0.459592 0.0884294 0.981458 -0.156968 0.110005 0.692304 -0.719888 0.0497606 0.402389 -0.915227 0.0210375 0 -0.999998 0.00178343 7.05856e-09 0.993729 0.111814 8.28665e-09 0.98996 0.141348 0.767317 -0.624351 -0.146323 0.635352 -0.768851 -0.0720866 0.835265 0.213055 -0.506893 0.767317 -0.624351 -0.146323 0.624431 0.671464 -0.399025 0.106225 0.96959 0.220481 1.31922e-09 0.992459 0.122577 0.501398 0.824669 0.261766 0.749524 0.632065 0.196744 0.802319 0.584575 -0.12065 0.990171 0.127607 -0.0572465 0.768967 0.599722 0.221413 0.617962 0.782371 -0.0775748 0.951664 0.24097 -0.190446 0.997721 0.035607 -0.0573196 0.762107 0.625149 -0.168469 0.595972 0.796421 0.102618 0.398252 0.830993 0.38839 0.0943272 0.962496 0.254368 0.374515 0.921379 0.103923 0.0379063 0.985421 0.165858 0.347282 0.916578 0.198193 0.452182 0.850149 0.269772 0.080133 0.996678 -0.0145263 0.652152 0.715363 0.250905 0.484963 0.808544 0.333268 0.360401 0.926765 0.105909 0.751582 0.64537 0.136463 0.479705 0.857082 0.187866 0.581147 0.810167 0.0767902 0.513547 0.8372 0.188058 0.670686 0.723195 0.164831 0.432646 0.88924 0.14856 0.360646 0.9327 -0.00211062 0.607767 0.79358 0.0291365 0.297743 0.954646 0.000700215 0.49077 0.871108 0.0177508 0.548677 0.755418 0.358186 0.576715 0.731328 0.364086 0.714303 0.523703 0.464227 0.647448 0.746685 0.152552 0.973649 0.187837 -0.129327 0.934493 0.192024 0.29975 0.848084 -0.497036 -0.183599 0.96231 -0.249632 -0.107903 0.931583 -0.200553 -0.303201 0.820929 -0.497793 -0.27978 0.912495 0.344889 0.220011 0.734147 0.609234 0.29977 0.928094 0.366845 -0.0637599 0.756839 0.650357 0.0650426 0.930697 0.298872 -0.210899 0.82538 0.548639 -0.133199 0.78544 -0.523242 -0.330608 0.8808 -0.352602 -0.316012 0.904187 0.400712 -0.147906 0.967192 0.119381 -0.224248 0.963341 -0.0539208 -0.262806 0.945066 0.247238 -0.213831 0.782586 0.618079 -0.0744122 0.574213 0.811436 0.108865 0.685128 0.727393 0.0387141 0.612693 0.789688 0.0316075 0.782809 0.619828 -0.0549805 0.212395 0.951803 0.221268 0.193809 0.977923 0.078138 0.0054386 0.985403 0.170154 -0.00684938 0.982038 0.188559 -7.64295e-10 0.986169 0.165745 0 0.979926 0.199362 0.703824 0.70946 -0.0360204 0.491534 0.846823 0.203186 0.316996 0.89418 0.316157 0.633739 0.738714 0.229513 0.373234 0.842463 0.388525 0.680741 0.732355 0.0157503 0.429427 0.896632 0.107906 0.676748 0.731992 0.0787381 0.436097 0.892214 0.117362 0.607316 0.733921 0.304183 0.380411 0.866531 0.323128 0.39071 0.860489 0.326962 0.609673 0.751692 0.25151 0.666313 0.739231 0.0978038 0.48426 0.855478 0.183437 0.839152 0.543717 0.0139787 0.875229 0.469577 -0.116063 0.903651 0.427255 -0.0294607 0.915938 0.363194 0.170728 0.928393 0.354399 0.111754 0.920171 0.38894 -0.0448415 0.908083 0.383054 -0.169276 0.831358 0.535632 -0.148126 0.92845 0.353116 -0.115282 0.973136 0.164086 -0.1615 0.999817 0.0187678 -0.00382538 0.99997 -0.00739146 -0.00214834 0.985137 0.0798353 -0.152089 0.884182 0.166211 -0.436574 0.847861 0.425324 -0.316594 0.0959843 0.975968 0.195636 0.112004 0.982317 0.150028 0.281033 0.932305 0.227657 0.223805 0.899074 0.376267 0.222954 0.920603 0.320594 0.228182 0.960088 0.161756 0.19869 0.968523 0.14995 0.114576 0.863686 0.490835 0.0760628 0.899054 0.43118 0.070531 0.99709 0.0289351 0.0699772 0.997453 0.0137926 8.53634e-10 0.99232 0.123694 -1.30379e-09 0.999979 0.00650828 3.68367e-09 0.969213 0.246225 5.04164e-09 0.920189 0.391475 0 0.966473 0.25677 0 0.946591 0.322438 4.88895e-09 0.983031 0.183437 6.9673e-09 0.988026 0.154291 6.81693e-09 0.859431 0.511252 2.30447e-09 0.874633 0.484786 -1.01652e-09 0.998026 0.062802 0.590918 -0.784372 -0.188617 0.600875 -0.771814 -0.207974 0.253926 -0.956096 -0.146296 0.274084 -0.944408 -0.181578 -2.65926e-09 -0.990343 -0.138638 -3.73205e-09 -0.988957 -0.148203 0.688798 -0.561504 -0.458554 0.722328 -0.543017 -0.428224 0.870232 -0.317819 -0.376415 0.789633 -0.407414 -0.458796 0.682317 -0.584811 -0.438679 0.649253 -0.694507 -0.31005 0.676165 -0.721893 -0.147215 0.746127 -0.649572 -0.146119 0.854445 -0.447457 -0.264019 0.940678 -0.257975 -0.220394 0.62083 -0.758136 -0.199498 0.891525 0.427195 -0.150625 0.908425 0.343697 -0.237985 0.896609 -0.0836071 -0.434858 0.847559 0.52679 -0.0643054 0.637295 0.247462 -0.729807 0.609562 0.558231 -0.56286 0.680716 0.709617 -0.18185 0.543615 0.79835 -0.259074 0.332635 0.892006 -0.30607 0 0.942907 -0.333057 1.303e-08 0.225445 -0.974256 8.9425e-09 0.728169 -0.685397 0.333426 0.689299 -0.64319 0.28192 0.250931 -0.926042 0.955678 0.157368 -0.248828 0.937964 0.229217 -0.260158 0.805887 -0.434262 -0.402446 0.87266 -0.304126 -0.382063 0.80972 -0.361151 -0.462518 0.83928 -0.477191 -0.260573 0.861171 -0.496716 -0.107972 0.856622 -0.462391 -0.228895 0.747327 -0.425086 -0.51069 0.477912 -0.306515 -0.823194 0.0775857 -0.357766 -0.930583 -6.16742e-09 -0.403262 -0.915085 -0.285201 -0.879486 -0.381004 0 -0.909527 -0.415646 0 -0.957039 -0.289959 -0.355309 -0.893059 -0.276045 -1.56578e-08 -0.949404 -0.314058 -0.484657 -0.850499 -0.204349 0 -0.906945 -0.42125 -0.65364 -0.717403 -0.241013 -2.00099e-08 -0.908881 -0.417055 -0.637944 -0.686605 -0.348713 -2.51559e-08 -0.971306 -0.237833 -0.525222 -0.822406 -0.21861 2.9628e-08 -0.995798 -0.0915794 -0.471034 -0.878476 -0.0800372 2.1157e-08 -1 -0.000581657 -0.391952 -0.918256 -0.0563837 -9.24383e-09 -0.98619 -0.165618 -0.20301 -0.973609 -0.104275 -0.0467911 -0.778559 -0.625825 0 -0.767879 -0.640594 -0.0467911 -0.778559 -0.625825 0 -0.767879 -0.640594 0.154115 -0.706939 -0.69028 0.190189 -0.892752 -0.408439 0.190189 -0.892752 -0.408439 0.154115 -0.706939 -0.69028 0.250647 -0.935817 -0.247834 0.250647 -0.935817 -0.247834 0.0109867 -0.990467 -0.137309 0.0109867 -0.990467 -0.137309 -0.17941 -0.920919 -0.346005 -0.17941 -0.920919 -0.346005 -0.212447 -0.792897 -0.571122 -0.212447 -0.792897 -0.571122 -0.0842229 -0.922178 -0.377484 -0.0842229 -0.922178 -0.377484 0.127084 -0.949437 -0.287086 0.127084 -0.949437 -0.287086 0.185272 -0.879205 -0.438945 0.185272 -0.879205 -0.438945 0.0205009 -0.882058 -0.470694 0.819569 -0.311107 -0.481164 0.0205009 -0.882058 -0.470694 0.551944 -0.760604 -0.341817 -0.169446 -0.923142 -0.345105 -0.187271 -0.871886 -0.452486 -0.169446 -0.923142 -0.345105 -2.09251e-09 -0.833944 -0.55185 0.682317 -0.584811 -0.438679 0.789633 -0.407414 -0.458796 0.352296 -0.669321 -0.654138 0.339256 -0.819167 -0.462462 0.649253 -0.694507 -0.31005 0.416562 -0.867396 -0.272213 0.470655 -0.87784 -0.0887784 0.676165 -0.721893 -0.147215 0.444419 -0.895475 -0.0248217 0.746127 -0.649572 -0.146119 0.317707 -0.947592 -0.0336364 0.551944 -0.760604 -0.341817 -0.103388 -0.958261 -0.266547 -0.0982014 -0.914282 -0.392994 0.509618 -0.855791 -0.0889419 0.201445 -0.926283 -0.318464 0.33818 -0.912083 -0.231816 0.713863 -0.693161 0.099634 0.873071 -0.487407 -0.0134926 0.9969 -0.0712031 0.0334768 0.974569 -0.219882 0.0432016 0.969767 0.243547 -0.0153765 0.966735 0.254608 -0.0244567 0.853244 0.521497 -0.00400191 0.917593 0.395753 -0.0374559 0.525412 -0.8506 0.020539 0.773857 -0.616658 -0.144492 0.743008 0.669256 0.00599998 0.907961 0.408165 -0.0949062 0.907435 0.392703 -0.149488 0.582428 0.806874 -0.0986496 0.885494 0.39258 -0.248558 0.31628 0.896497 -0.310258 0.193498 0.846301 -0.49632 0.83868 0.378165 -0.391927 0.225481 0.77972 -0.584118 0.879891 0.180316 -0.439634 0.912377 -0.139265 -0.384933 0.396697 0.821535 -0.409526 0.915233 -0.172205 -0.364271 0.218429 0.970287 -0.10408 0.570701 -0.745605 -0.344056 0.280692 -0.899897 -0.333763 -3.71376e-09 -0.943459 -0.331488 -7.35684e-09 -0.932035 -0.362368 0.291941 -0.874317 -0.387736 -4.49338e-09 -0.973994 -0.226572 0.299087 -0.924048 -0.238079 0 -0.991059 -0.133421 0.308219 -0.939653 -0.148504 0.278537 -0.930239 -0.238899 0 -0.969278 -0.245967 2.88845e-09 -0.999989 0.00464721 0.292597 -0.956102 0.0160198 0.287259 -0.957849 0.00262601 2.94444e-09 -0.999939 0.0110803 -1.06455e-08 -0.99559 -0.0938127 0.390799 -0.912789 -0.118711 -7.38582e-09 -0.994291 -0.106706 0.510642 -0.852741 -0.109895 -9.79699e-09 -0.993046 -0.117724 0.520642 -0.851329 -0.0645812 0 -0.920906 -0.389784 0.425121 -0.838188 -0.341633 -6.40009e-09 -0.663953 -0.747774 0.298984 -0.579485 -0.75816 0.524931 -0.731236 -0.435592 0.512062 -0.820843 -0.253001 0.532928 -0.828502 -0.171968 0.485123 -0.857882 -0.169394 0.738942 -0.610914 -0.284164 0.616181 -0.76559 -0.184915 0.535418 -0.81198 -0.232413 0.74893 -0.660171 0.05726 0.770348 -0.637585 0.00698866 0.791414 -0.570255 -0.220166 0.827126 -0.533544 -0.176618 0.860508 -0.504409 -0.0713954 0.801845 -0.530505 -0.274971 0.908687 -0.283738 -0.306238 0.942357 -0.16609 -0.290477 0.966163 0.0372678 -0.255227 0.968382 0.123457 -0.216785 0.97674 -0.0359572 -0.211392 0.967923 0.198555 -0.153954 -5.39245e-09 -0.988011 -0.154381 0.2932 -0.945659 -0.140582 0.50808 -0.853034 -0.119115 0.563456 -0.808522 -0.169735 0.62054 -0.735319 -0.272461 0.615854 -0.742727 -0.262832 0.680715 -0.671996 -0.291631 0.812428 -0.492507 -0.312085 0.801738 -0.489973 -0.342261 0.718948 -0.631066 -0.291323 0.952154 0.0261825 -0.304494 0.903295 -0.312154 -0.29431 0.778128 -0.551446 -0.300707 0.884667 -0.357679 -0.29905 -0.0863393 0.995561 -0.0374743 0.96884 -0.0632215 -0.239485 0.970659 0.0367416 -0.237638 -0.262713 0.93249 -0.247879 0.896242 -0.392648 -0.206342 0.96027 -0.267727 -0.0787712 0.841002 -0.530749 -0.104982 0.915974 -0.400388 0.0261126 0.92751 0.0950682 -0.361507 -0.212989 0.824349 -0.524485 -0.247625 0.948131 -0.199322 0.981025 -0.0553453 -0.185811 0.894401 -0.442194 0.0671662 0.849366 -0.527346 0.0219842 0.716607 -0.658641 -0.22949 0.978993 -0.0433711 -0.199227 0.988528 -0.0505523 -0.142326 0.977287 0.0378898 -0.208505 0.984713 0.0934681 -0.146986 0.981756 0.0760081 -0.174292 0.746966 -0.315517 -0.585227 0.809643 0.232424 -0.538941 0 0.0541899 -0.998531 0.113575 -0.0172207 -0.99338 -0.129219 0.980113 0.150599 0.0258268 0.989964 0.138936 0.224565 0.967011 -0.120253 0.596668 0.802202 -0.0214458 0.438223 0.896127 -0.0701256 -0.0876709 0.988739 -0.121284 0 0.995881 0.0906734 8.16807e-09 0.70529 -0.708919 0.159067 0.706754 -0.689345 0.0217386 0.840283 -0.541712 1.33001e-08 0.825183 -0.564866 -0.202784 0.93175 -0.301197 6.21237e-09 0.9252 -0.379479 -0.357299 0.900342 -0.24844 -8.41855e-09 0.958128 -0.28634 -1.69195e-08 0.997646 0.0685763 -0.553452 0.828118 0.0889447 -0.622233 0.763388 0.173391 -1.46688e-08 0.975797 0.218677 -0.607483 0.793943 0.0248616 0 0.994797 0.101875 -1.37878e-08 0.98495 0.172838 -0.458667 0.876292 0.147437 -0.268447 0.874614 0.403717 -8.22492e-09 0.893696 0.448673 -0.0876709 0.988739 -0.121284 0 0.995881 0.0906734 -8.22492e-09 0.893696 0.448673 -0.268447 0.874614 0.403717 -0.265037 0.963366 -0.041015 -0.0794658 0.933917 -0.348545 0.396697 0.821535 -0.409526 0.218429 0.970287 -0.10408 -0.265037 0.963366 -0.041015 -0.284191 0.907296 -0.309918 0.0338572 0.828206 -0.5594 -0.0794658 0.933917 -0.348545 -0.540184 0.834779 -0.10651 -0.504188 0.863516 0.0116226 -0.0863393 0.995561 -0.0374743 -0.504188 0.863516 0.0116226 -0.262713 0.93249 -0.247879 -0.617292 0.770987 -0.156622 -0.617292 0.770987 -0.156622 -0.677111 0.725821 -0.121265 0.438223 0.896127 -0.0701256 -0.26084 0.913443 0.312385 -0.363902 0.923657 0.120139 0.596668 0.802202 -0.0214458 -0.363902 0.923657 0.120139 -0.26084 0.913443 0.312385 0.224565 0.967011 -0.120253 -0.536756 0.843166 -0.0310521 -0.536756 0.843166 -0.0310521 0.0258268 0.989964 0.138936 -0.632319 0.761934 0.140104 -0.632319 0.761934 0.140104 -0.679282 0.721902 0.132034 -0.129219 0.980113 0.150599 -0.679282 0.721902 0.132034 -0.453521 0.870201 -0.192533 0 0.969493 -0.24512 -0.607038 0.7832 -0.134549 -0.607038 0.7832 -0.134549 -0.247625 0.948131 -0.199322 -0.212989 0.824349 -0.524485 -0.714337 0.659925 -0.232855 -0.714337 0.659925 -0.232855 0.216108 0.744515 -0.631661 0.215636 0.807009 -0.549762 3.24826e-09 0.772562 -0.63494 -0.117545 0.869079 -0.480505 0.225481 0.77972 -0.584118 -0.180538 0.901511 -0.393299 0.193498 0.846301 -0.49632 -0.148988 0.958935 -0.241343 0.31628 0.896497 -0.310258 -0.0654645 0.997296 0.0333826 0.582428 0.806874 -0.0986496 -0.00442022 0.972052 0.234722 0.743008 0.669256 0.00599998 0.191535 0.873527 0.44751 0.853244 0.521497 -0.00400191 0.586253 -0.264438 -0.765754 0.966735 0.254608 -0.0244567 0.586253 -0.264438 -0.765754 0.175223 0.854879 -0.488342 0.271763 0.805755 -0.526216 0 0.858201 -0.513314 0.135234 -0.904783 -0.40383 -0.0208443 -0.746778 -0.664747 0.931583 -0.200553 -0.303201 0.96231 -0.249632 -0.107903 0.940678 -0.257975 -0.220394 0.870232 -0.317819 -0.376415 0.453377 -0.454209 -0.766905 0.940678 -0.257975 -0.220394 0.586253 -0.264438 -0.765754 1.0558e-09 -0.874941 -0.48423 -0.0230336 -0.806981 -0.590128 -3.52024e-09 -0.709803 -0.704401 0.833856 -0.424123 -0.353275 0.404276 -0.611497 -0.680171 0.825284 -0.440891 -0.352876 0.697165 -0.528679 -0.48421 0.392125 -0.526697 -0.754207 0.274005 -0.326159 -0.904733 -0.117545 0.869079 -0.480505 -0.180538 0.901511 -0.393299 0.257884 0.718178 -0.64631 -0.148988 0.958935 -0.241343 0.323143 0.515629 -0.79354 1.87289e-09 0.676868 -0.736104 0.478243 0.844209 -0.242065 0.67524 0.737279 -0.0216823 0.719368 0.684132 0.120302 0.567882 0.747126 0.345417 0.67524 0.737279 -0.0216823 0.478243 0.844209 -0.242065 0.719368 0.684132 0.120302 0.567882 0.747126 0.345417 0.257884 0.718178 -0.64631 0.257884 0.718178 -0.64631 0.323143 0.515629 -0.79354 0.184789 -0.250894 -0.950213 -4.64554e-09 0.20681 -0.978381 1.87289e-09 0.676868 -0.736104 0.802319 0.584575 -0.12065 -0.893506 0.11367 -0.434427 -0.345075 -0.740261 -0.577006 0.990171 0.127607 -0.0572465 0.951664 0.24097 -0.190446 -0.220346 -0.962587 0.157716 -0.567596 -0.563519 0.600234 0.997721 0.035607 -0.0573196 0.398252 0.830993 0.38839 -0.559713 -0.708 0.430648 -0.870685 0.330185 0.364534 0.0943272 0.962496 0.254368 -0.854001 0.486779 -0.18365 0.0379063 0.985421 0.165858 -0.747752 0.588613 -0.307248 0.080133 0.996678 -0.0145263 0.802319 0.584575 -0.12065 -0.994196 0.0563734 -0.0916309 -0.991596 0.127667 0.0209185 -0.952132 -0.180852 0.246451 -0.95135 -0.0495041 0.304109 -0.712115 -0.674881 0.193463 -0.302725 -0.942692 -0.140319 -0.923539 -0.299196 -0.239911 -0.883476 -0.426892 -0.192961 -0.238241 0.949033 0.206343 -0.107189 0.969135 0.222009 -0.499285 0.825381 0.263552 -0.57611 0.805644 0.137966 -0.749795 0.632169 0.195369 -0.768967 0.599722 0.221413 -0.990171 0.127607 -0.0572465 -0.802319 0.584575 -0.12065 -0.617962 0.782371 -0.0775748 -0.951664 0.24097 -0.190446 -0.762107 0.625149 -0.168469 -0.997721 0.035607 -0.0573196 -0.595972 0.796421 0.102618 -0.398252 0.830993 0.38839 -0.374515 0.921379 0.103923 -0.0943272 0.962496 0.254368 -0.347282 0.916578 0.198193 -0.0379063 0.985421 0.165858 -0.452182 0.850149 0.269772 -0.080133 0.996678 -0.0145263 -0.656836 0.714642 0.240528 -0.484963 0.808544 0.333268 -0.360401 0.926765 0.105909 -0.751582 0.64537 0.136463 -0.479705 0.857082 0.187866 -0.581147 0.810167 0.0767902 -0.513547 0.8372 0.188058 -0.670686 0.723195 0.164831 -0.432646 0.88924 0.14856 -0.360646 0.9327 -0.00211062 -0.607767 0.79358 0.0291365 -0.297743 0.954646 0.000700216 -0.49077 0.871108 0.0177508 -0.549331 0.756503 0.354879 -0.583062 0.733841 0.348592 -0.719313 0.526782 0.452868 -0.776332 0.625275 0.0796234 -0.647448 0.746685 0.152552 -0.939375 0.189025 0.286083 -0.97516 0.181856 -0.126454 -0.84964 -0.496455 -0.177889 -0.822469 -0.495754 -0.278876 -0.931374 -0.205571 -0.300471 -0.963123 -0.252698 -0.0923983 -0.734146 0.609235 0.29977 -0.912495 0.344889 0.220011 -0.756839 0.650357 0.0650426 -0.928094 0.366845 -0.0637599 -0.82538 0.548639 -0.133199 -0.930697 0.298872 -0.210899 -0.8808 -0.352602 -0.316012 -0.78544 -0.523242 -0.330608 -0.904187 0.400712 -0.147906 -0.967192 0.119381 -0.224248 -0.963341 -0.0539208 -0.262806 -0.945066 0.247238 -0.213831 -0.782586 0.618079 -0.0744122 -0.574213 0.811436 0.108865 -0.685128 0.727393 0.0387141 -0.612693 0.789688 0.0316075 -0.782809 0.619828 -0.0549805 -0.212395 0.951803 0.221268 -0.193809 0.977923 0.078138 0.00684938 0.982038 0.188559 -0.0054386 0.985403 0.170154 -0.68049 0.731785 0.0377339 -0.703824 0.70946 -0.0360204 -0.491534 0.846823 0.203186 -0.316996 0.89418 0.316157 -0.373234 0.842463 0.388525 -0.633739 0.738714 0.229513 -0.429427 0.896632 0.107906 -0.680741 0.732355 0.0157503 -0.436097 0.892214 0.117363 -0.676748 0.731992 0.0787381 -0.380411 0.866531 0.323128 -0.607316 0.733921 0.304183 -0.39071 0.860489 0.326962 -0.609673 0.751692 0.25151 -0.48426 0.855478 0.183437 -0.666313 0.739231 0.0978038 -0.839152 0.543717 0.0139787 -0.875229 0.469577 -0.116063 -0.903651 0.427255 -0.0294607 -0.915938 0.363194 0.170728 -0.928393 0.354399 0.111754 -0.920171 0.38894 -0.0448415 -0.908083 0.383054 -0.169276 -0.831358 0.535632 -0.148126 -0.92845 0.353116 -0.115282 -0.973136 0.164086 -0.1615 -0.999817 0.0187677 -0.00382538 -0.99997 -0.00739146 -0.00214834 -0.985137 0.0798353 -0.152089 -0.847861 0.425324 -0.316594 -0.884181 0.166211 -0.436574 -0.0959843 0.975968 0.195636 -0.112004 0.982317 0.150028 -0.281033 0.932305 0.227657 -0.223805 0.899074 0.376267 -0.222954 0.920603 0.320595 -0.228182 0.960088 0.161756 -0.19869 0.968523 0.14995 -0.114576 0.863686 0.490835 -0.0760628 0.899054 0.43118 -0.070531 0.99709 0.0289351 -0.0699772 0.997453 0.0137926 -0.590918 -0.784372 -0.188617 -0.600875 -0.771814 -0.207974 -0.253926 -0.956096 -0.146297 -0.274084 -0.944408 -0.181578 -0.722328 -0.543017 -0.428224 -0.688798 -0.561504 -0.458554 -0.789633 -0.407414 -0.458796 -0.870232 -0.317819 -0.376415 -0.682318 -0.584811 -0.438679 -0.649253 -0.694507 -0.31005 -0.676165 -0.721893 -0.147215 -0.746127 -0.649572 -0.146119 -0.940678 -0.257975 -0.220394 -0.854445 -0.447457 -0.264019 -0.62083 -0.758136 -0.199498 -0.891525 0.427195 -0.150625 -0.908425 0.343697 -0.237985 -0.89661 -0.0836071 -0.434858 -0.847559 0.52679 -0.0643054 -0.609562 0.558231 -0.56286 -0.637295 0.247462 -0.729807 -0.543615 0.79835 -0.259074 -0.680716 0.709617 -0.18185 -0.332635 0.892006 -0.30607 -0.28192 0.250931 -0.926042 -0.333427 0.689299 -0.64319 -0.955678 0.157368 -0.248828 -0.937964 0.229217 -0.260158 -0.805887 -0.434262 -0.402446 -0.87266 -0.304126 -0.382063 -0.80972 -0.361151 -0.462518 -0.83928 -0.477191 -0.260573 -0.861171 -0.496716 -0.107972 -0.856622 -0.462391 -0.228895 -0.747327 -0.425086 -0.51069 -0.477912 -0.306515 -0.823194 -0.0775858 -0.357766 -0.930583 0.285201 -0.879486 -0.381004 0.355309 -0.893059 -0.276045 0.484657 -0.850499 -0.204349 0.65364 -0.717403 -0.241013 0.637944 -0.686605 -0.348713 0.525222 -0.822406 -0.21861 0.471034 -0.878476 -0.0800372 0.391952 -0.918256 -0.0563837 0.20301 -0.973609 -0.104275 0.0467911 -0.778559 -0.625825 0.0467911 -0.778559 -0.625825 -0.190189 -0.892752 -0.408439 -0.154115 -0.706939 -0.69028 -0.154115 -0.706939 -0.69028 -0.190189 -0.892752 -0.408439 -0.250647 -0.935817 -0.247834 -0.250647 -0.935817 -0.247834 -0.0109867 -0.990467 -0.137309 -0.0109867 -0.990467 -0.137309 0.17941 -0.920919 -0.346005 0.17941 -0.920919 -0.346005 0.212447 -0.792897 -0.571122 0.212447 -0.792897 -0.571122 0.0842229 -0.922178 -0.377484 0.0842229 -0.922178 -0.377484 -0.127084 -0.949437 -0.287086 -0.127084 -0.949437 -0.287086 -0.185272 -0.879205 -0.438945 -0.185272 -0.879205 -0.438945 -0.0205009 -0.882058 -0.470694 -0.819569 -0.311107 -0.481164 -0.0205009 -0.882058 -0.470694 0.169446 -0.923142 -0.345105 -0.551944 -0.760604 -0.341817 0.187271 -0.871886 -0.452486 0.169446 -0.923142 -0.345105 -0.682318 -0.584811 -0.438679 -0.339256 -0.819167 -0.462462 -0.352296 -0.669321 -0.654138 -0.789633 -0.407414 -0.458796 -0.649253 -0.694507 -0.31005 -0.416562 -0.867396 -0.272213 -0.676165 -0.721893 -0.147215 -0.470655 -0.87784 -0.0887784 -0.746127 -0.649572 -0.146119 -0.444419 -0.895475 -0.0248217 -0.551944 -0.760604 -0.341817 -0.317707 -0.947592 -0.0336364 0.103388 -0.958261 -0.266547 0.0982014 -0.914283 -0.392994 -0.201445 -0.926283 -0.318464 -0.509618 -0.855791 -0.0889418 -0.33818 -0.912083 -0.231816 -0.713863 -0.693161 0.099634 -0.974569 -0.219882 0.0432016 -0.9969 -0.0712031 0.0334768 -0.873071 -0.487407 -0.0134926 -0.966735 0.254608 -0.0244567 -0.969767 0.243547 -0.0153765 -0.853244 0.521497 -0.00400193 -0.917593 0.395753 -0.0374559 -0.773857 -0.616658 -0.144492 -0.525412 -0.8506 0.020539 -0.743008 0.669256 0.00599997 -0.907961 0.408165 -0.0949062 -0.582428 0.806874 -0.0986496 -0.907435 0.392703 -0.149488 -0.31628 0.896497 -0.310258 -0.885494 0.39258 -0.248558 -0.193498 0.846301 -0.49632 -0.83868 0.378165 -0.391927 -0.225481 0.77972 -0.584118 -0.879891 0.180315 -0.439634 -0.396697 0.821535 -0.409525 -0.912377 -0.139265 -0.384933 -0.218429 0.970287 -0.10408 -0.915233 -0.172205 -0.364271 -0.570701 -0.745605 -0.344056 -0.280692 -0.899897 -0.333763 -0.291941 -0.874317 -0.387736 -0.299087 -0.924048 -0.238079 -0.278537 -0.930239 -0.238899 -0.308219 -0.939653 -0.148504 -0.292597 -0.956102 0.0160198 -0.287259 -0.957849 0.00262602 -0.390799 -0.912789 -0.118711 -0.510642 -0.852741 -0.109895 -0.520642 -0.851329 -0.0645812 -0.411239 -0.847398 -0.335856 -0.263643 -0.59568 -0.758721 -0.524931 -0.731236 -0.435592 -0.512062 -0.820843 -0.253001 -0.532928 -0.828502 -0.171968 -0.485123 -0.857882 -0.169394 -0.738942 -0.610914 -0.284164 -0.535418 -0.81198 -0.232413 -0.616181 -0.76559 -0.184915 -0.74893 -0.660171 0.05726 -0.770348 -0.637585 0.00698867 -0.791414 -0.570255 -0.220166 -0.827126 -0.533544 -0.176618 -0.860508 -0.504409 -0.0713954 -0.778873 -0.575146 -0.250128 -0.942357 -0.16609 -0.290477 -0.908687 -0.283738 -0.306238 -0.966163 0.0372678 -0.255227 -0.968382 0.123457 -0.216785 -0.97674 -0.0359571 -0.211392 -0.967923 0.198555 -0.153954 -0.2932 -0.945659 -0.140582 -0.50808 -0.853034 -0.119115 -0.563456 -0.808522 -0.169735 -0.62054 -0.73532 -0.272461 -0.615854 -0.742726 -0.262832 -0.680715 -0.671996 -0.291631 -0.812428 -0.492507 -0.312085 -0.801738 -0.489973 -0.342261 -0.718948 -0.631066 -0.291323 -0.903295 -0.312155 -0.29431 -0.952154 0.0261825 -0.304494 -0.778128 -0.551446 -0.300707 -0.884667 -0.357679 -0.29905 0.089341 0.995172 -0.0406249 -0.968893 -0.0799283 -0.234217 0.257492 0.932921 -0.251707 -0.974766 -0.00677212 -0.223127 -0.896242 -0.392648 -0.206342 -0.96027 -0.267727 -0.0787712 -0.841002 -0.53075 -0.104982 -0.915974 -0.400388 0.0261126 0.213844 0.824654 -0.523657 -0.930933 0.0788078 -0.356585 0.247625 0.948131 -0.199321 -0.981025 -0.0553453 -0.185811 -0.849366 -0.527346 0.0219842 -0.894401 -0.442194 0.0671662 -0.716607 -0.658641 -0.22949 -0.988528 -0.0505523 -0.142326 -0.978993 -0.0433711 -0.199227 -0.977287 0.0378898 -0.208505 -0.984713 0.0934681 -0.146986 -0.98552 0.105627 -0.132643 -0.826338 0.269898 -0.494288 -0.698344 -0.433911 -0.569243 -0.110444 0.0221345 -0.993636 0.129219 0.980113 0.150599 -0.0258268 0.989964 0.138936 -0.224565 0.967011 -0.120253 -0.598529 0.801097 -0.00250524 -0.406593 0.903966 -0.132392 0.0451 0.980172 -0.19295 -0.0217386 0.840283 -0.541712 -0.159067 0.706754 -0.689345 0.202784 0.93175 -0.301197 0.357299 0.900342 -0.24844 0.622233 0.763388 0.173391 0.553452 0.828118 0.0889447 0.607483 0.793943 0.0248616 0.458667 0.876292 0.147437 0.268447 0.874614 0.403717 0.0451 0.980172 -0.19295 0.268447 0.874614 0.403717 -8.22492e-09 0.893696 0.448673 0 0.995881 0.0906734 0.265037 0.963366 -0.041015 -0.218429 0.970287 -0.10408 -0.396697 0.821535 -0.409525 0.0794658 0.933917 -0.348545 0.265037 0.963366 -0.041015 0.0794658 0.933917 -0.348545 -0.0338572 0.828206 -0.5594 0.284191 0.907296 -0.309918 0.540184 0.834779 -0.10651 0.500606 0.865643 0.00747226 0.089341 0.995172 -0.0406249 0.500606 0.865643 0.00747226 0.609647 0.776506 -0.159278 0.257492 0.932921 -0.251707 0.677111 0.725821 -0.121265 0.609647 0.776506 -0.159278 -0.406593 0.903966 -0.132392 -0.598529 0.801097 -0.00250524 0.363902 0.923657 0.120139 0.26084 0.913443 0.312385 0.26084 0.913443 0.312385 0.363902 0.923657 0.120139 -0.224565 0.967011 -0.120253 0.536756 0.843166 -0.0310521 0.536756 0.843166 -0.0310521 -0.0258268 0.989964 0.138936 0.632319 0.761934 0.140104 0.632319 0.761934 0.140104 0.129219 0.980113 0.150599 0.679282 0.721902 0.132034 0.679282 0.721902 0.132034 0.453521 0.870201 -0.192533 0.607038 0.7832 -0.134549 0.607038 0.7832 -0.134549 0.247625 0.948131 -0.199321 0.712017 0.66232 -0.23316 0.213844 0.824654 -0.523657 0.712017 0.66232 -0.23316 -0.216108 0.744515 -0.631661 -0.215636 0.807009 -0.549762 -0.225481 0.77972 -0.584118 0.117545 0.869079 -0.480505 -0.193498 0.846301 -0.49632 0.180538 0.901511 -0.393299 -0.31628 0.896497 -0.310258 0.148988 0.958935 -0.241343 -0.582428 0.806874 -0.0986496 0.0654645 0.997296 0.0333826 0.148988 0.958935 -0.241343 -0.743008 0.669256 0.00599997 0.00442022 0.972052 0.234722 -0.853244 0.521497 -0.00400193 -0.191535 0.873527 0.44751 -0.586253 -0.264438 -0.765754 -0.966735 0.254608 -0.0244567 -0.586253 -0.264438 -0.765754 -0.175223 0.854879 -0.488342 -0.271763 0.805755 -0.526216 -0.135234 -0.904783 -0.40383 0.0208443 -0.746778 -0.664747 -0.963123 -0.252698 -0.0923983 -0.931374 -0.205571 -0.300471 -0.940678 -0.257975 -0.220394 -0.453377 -0.454209 -0.766905 -0.870232 -0.317819 -0.376415 -0.940678 -0.257975 -0.220394 -0.586253 -0.264438 -0.765754 0.0230336 -0.806981 -0.590129 -0.404276 -0.611497 -0.680171 -0.833856 -0.424123 -0.353275 -0.825284 -0.440891 -0.352876 -0.697165 -0.528679 -0.48421 -0.392125 -0.526697 -0.754207 -0.274005 -0.326159 -0.904733 0.117545 0.869079 -0.480505 0.180538 0.901511 -0.393299 0.148988 0.958935 -0.241343 -0.257884 0.718178 -0.64631 -0.323143 0.515629 -0.79354 0.0654645 0.997296 0.0333826 0.00442022 0.972052 0.234722 -0.67524 0.737279 -0.0216822 -0.478243 0.844209 -0.242065 -0.191535 0.873527 0.44751 -0.719368 0.684132 0.120302 -0.567882 0.747126 0.345417 -0.586253 -0.264438 -0.765754 -0.478243 0.844209 -0.242065 -0.67524 0.737279 -0.0216822 -0.719368 0.684132 0.120302 -0.567882 0.747126 0.345417 0.148988 0.958935 -0.241343 -0.257884 0.718178 -0.64631 -0.257884 0.718178 -0.64631 -0.184789 -0.250894 -0.950213 -0.323143 0.515629 -0.79354 -0.802319 0.584575 -0.12065 -0.990171 0.127607 -0.0572465 0.345075 -0.740261 -0.577007 0.893506 0.11367 -0.434427 -0.951664 0.24097 -0.190446 0.220346 -0.962587 0.157716 0.567596 -0.563519 0.600234 -0.997721 0.035607 -0.0573196 -0.398252 0.830993 0.38839 0.559713 -0.708 0.430648 -0.0943272 0.962496 0.254368 0.870685 0.330185 0.364534 0.854001 0.486779 -0.18365 -0.0379063 0.985421 0.165858 -0.080133 0.996678 -0.0145263 0.747752 0.588613 -0.307248 -0.802319 0.584575 -0.12065 0.994196 0.0563734 -0.0916309 0.991596 0.127667 0.0209185 0.952132 -0.180852 0.246451 0.95135 -0.0495041 0.304109 0.712115 -0.674881 0.193463 0.302725 -0.942692 -0.140319 0.923539 -0.299196 -0.239911 0.883476 -0.426892 -0.192961 -0.268361 0.95788 0.102214 -0.557798 0.828875 0.0427524 -0.668033 0.743857 -0.0202167 -0.766856 0.636078 -0.0856529 -0.97516 0.181856 -0.126454 -0.933284 0.302401 -0.193741 -0.931374 -0.205571 -0.300471 -0.950781 -0.11677 -0.287021 -0.806002 -0.529986 -0.263583 -0.950781 -0.11677 -0.287021 -0.931374 -0.205571 -0.300471 -0.822469 -0.495754 -0.278876 -0.583378 -0.795698 -0.162892 -0.590918 -0.784372 -0.188617 -0.270699 -0.955312 -0.118752 -0.253926 -0.956096 -0.146297 -0.529985 0.847982 0.0064376 -0.27975 0.959893 -0.0186083 -0.635215 0.772324 -0.00402225 -0.73162 0.680516 -0.0403823 -0.925004 0.350823 -0.145915 -0.959367 -0.112743 -0.258656 -0.762359 -0.592 -0.261428 -0.959367 -0.112743 -0.258656 -0.555168 -0.819162 -0.144087 -0.266035 -0.956311 -0.121218 -0.833884 -0.0848184 -0.545384 -0.749222 0.521631 -0.408126 -0.518947 0.854706 -0.0131411 -0.296126 0.954986 0.0176656 -0.591866 0.803632 -0.0622055 -0.677117 0.718993 -0.15672 -0.636932 0.741636 -0.21046 -0.615871 0.75148 -0.236603 -0.678047 0.733258 -0.0508457 -0.685035 0.706478 -0.177811 -0.814038 0.568864 -0.117195 -0.818856 0.550948 0.161029 -0.996442 0.0351 -0.0766254 -0.886325 0.183414 0.425191 -0.880747 -0.467275 0.0770579 -0.751605 -0.318694 0.577515 -0.645482 -0.737376 0.199071 -0.880747 -0.467275 0.0770579 -0.751605 -0.318694 0.577515 -0.451382 -0.743029 0.494127 -0.382958 -0.918948 0.0942162 -0.263833 -0.954392 0.139741 -0.257933 -0.915935 -0.307462 -0.324918 -0.936845 -0.129424 -0.247226 -0.959825 -0.132723 -0.407028 -0.868159 -0.28395 -0.202227 -0.977318 -0.0628755 -0.23211 -0.971666 -0.0446034 -0.295779 -0.955011 -0.0216421 -0.541387 -0.840252 0.0296092 -0.312873 -0.949566 -0.0208742 -0.573157 -0.819028 -0.026151 -0.529055 0.825346 -0.19724 -0.443792 0.887408 -0.124723 -0.267638 0.961405 -0.063794 -0.370188 0.911866 -0.177372 -0.52861 0.821419 -0.214109 -0.271483 0.945095 -0.181912 -0.56799 0.799085 -0.197107 -0.358933 0.908674 -0.213255 -0.30832 0.919706 -0.243062 -0.846615 -0.523139 -0.0978208 -0.982672 -0.0612172 -0.174951 -0.824199 -0.531638 -0.195083 -0.979201 -0.0352716 -0.199805 -0.827436 -0.508731 -0.237786 -0.970091 -0.00976205 -0.242547 -0.872273 -0.471395 -0.130104 -0.987623 -0.0173802 -0.155878 -0.999128 -0.00245983 0.0416858 -0.909177 -0.415812 0.0223187 -0.898051 -0.432137 0.082231 -0.997385 0.00100998 0.0722627 -0.701459 -0.712057 -0.0305111 -0.846615 -0.523139 -0.0978208 -0.679873 -0.713131 -0.170927 -0.824199 -0.531638 -0.195083 -0.536087 -0.833918 -0.131116 -0.284551 -0.957008 -0.0562717 -0.681104 -0.720722 -0.129061 -0.872273 -0.471395 -0.130104 -0.827436 -0.508731 -0.237786 -0.666239 -0.716996 -0.205041 -0.898051 -0.432137 0.082231 -0.909177 -0.415812 0.0223187 -0.722053 -0.691118 -0.0315491 -0.757704 -0.650301 0.0547116 -0.476559 -0.868898 -0.13382 -0.441388 -0.892047 -0.0971026 -0.436817 -0.897594 -0.0592974 -0.432746 -0.901385 -0.0153463 -0.191346 -0.980155 -0.0517998 -0.203066 -0.977894 -0.0498728 -0.237587 -0.970488 -0.0413052 -0.182214 -0.983183 -0.0122382 -0.406703 0.874202 -0.265262 -0.614823 0.760815 -0.207736 -0.85884 0.474848 -0.192128 -0.313521 0.900366 -0.301737 -0.466904 0.863418 -0.191077 -0.64278 0.744228 -0.181546 -0.880335 0.434797 -0.189637 -0.319702 0.925319 -0.203899 -0.876645 0.447994 -0.175484 -0.649654 0.744023 -0.156137 -0.316656 0.945712 -0.0732005 -0.477189 0.870916 -0.117453 -0.644359 0.740492 -0.190979 -0.86146 0.458455 -0.218415 -0.281152 0.954025 -0.103875 -0.444246 0.882216 -0.156017 -0.643219 0.752191 -0.1431 -0.874397 0.454269 -0.170499 -0.249779 0.962554 -0.105361 -0.415978 0.901697 -0.117921 -0.895723 0.443484 0.0316571 -0.667312 0.744504 0.0202194 -0.275432 0.958498 -0.0736052 -0.441659 0.896882 -0.0232193 -0.856689 0.504596 0.107083 -0.668356 0.734144 0.119722 -0.321851 0.946541 0.0217276 -0.495218 0.865362 0.0768593 -0.613532 0.788703 -0.0390676 -0.643648 0.759712 0.0924936 -0.538825 0.83616 0.102488 -0.275519 0.956247 0.0983906 -0.585061 0.808709 0.0607751 -0.525941 0.838881 0.140233 -0.624457 0.781057 0.00171778 -0.247242 0.954773 0.165163 -0.463221 0.854491 0.235097 -0.529164 0.830656 0.173197 -0.5536 0.820842 0.140516 -0.28639 0.919567 0.269032 -0.452647 0.841126 0.296003 -0.285055 0.917637 0.276922 -0.510322 0.78868 0.342862 -0.441063 0.809491 0.387541 -0.492258 0.795723 0.352855 -0.28338 0.893239 0.349028 -0.560217 0.657214 0.50421 -0.530598 0.53107 0.660628 -0.818801 -0.564153 0.106282 -0.734262 -0.67036 0.10713 -0.187713 -0.980901 0.0509544 -0.407313 -0.910894 0.0661005 -0.657297 -0.742926 0.126574 -0.752999 -0.65166 0.0912796 -0.580831 -0.798352 0.158963 -0.673643 -0.721236 0.161317 -0.608779 -0.75781 0.234761 -0.683642 -0.666903 0.296435 -0.749868 -0.607083 0.26296 -0.851251 -0.342663 0.397434 -0.215455 -0.973157 0.0808949 -0.378009 -0.917862 0.12099 -0.380939 -0.916157 0.124669 -0.243073 -0.965072 0.0977325 -0.260221 -0.959046 0.11187 -0.441937 -0.885077 0.14605 -0.315343 -0.947249 0.0572507 -0.571885 -0.808661 0.137894 -0.471087 -0.69962 -0.537224 -0.833884 -0.0848184 -0.545384 -0.615871 0.75148 -0.236603 -0.478847 0.829066 -0.288713 -0.497438 0.86559 0.0575284 -0.678047 0.733258 -0.0508457 -0.749222 0.521631 -0.408126 -0.480762 0.53838 -0.692109 -0.833884 -0.0848184 -0.545384 -0.451201 -0.0512608 -0.890949 -0.471087 -0.69962 -0.537224 -0.309687 -0.523334 -0.793861 -0.257933 -0.915935 -0.307462 -0.129547 -0.862078 -0.489938 0.00409833 -0.980034 0.198787 -0.263833 -0.954392 0.139741 -0.451382 -0.743029 0.494127 -0.0718361 -0.644934 0.760855 0.00409833 -0.980034 0.198787 -0.263833 -0.954392 0.139741 -0.751605 -0.318694 0.577515 -0.225516 -0.191393 0.955254 -0.886325 0.183414 0.425191 -0.390562 0.350521 0.851232 -0.818856 0.550948 0.161029 -0.487005 0.758182 0.433574 -0.51844 0.796812 -0.31034 -0.505138 0.862764 0.0217378 -0.466139 0.499353 -0.730316 -0.294488 -0.0590771 -0.953827 -0.132884 -0.515365 -0.846605 0.0287988 -0.86606 -0.499111 0.139182 -0.978434 0.152627 0.0336634 -0.635378 0.771467 0.139182 -0.978434 0.152627 -0.167571 -0.134864 0.976592 -0.392672 0.424678 0.815755 -0.509479 0.795651 0.327674 0.161871 0.06356 -0.984763 -0.300536 0.633707 -0.712807 0.372466 -0.453114 -0.809912 0.369207 -0.822288 -0.433046 -0.532707 0.799921 -0.276315 -0.590489 0.806955 -0.0120871 -0.630489 0.749016 0.203616 -0.600206 0.390965 0.697782 -0.321536 -0.199574 0.925627 -0.0718505 -0.677714 0.731806 0.17977 -0.967266 0.179105 0.17977 -0.967266 0.179105 -0.871625 0.280575 0.401929 -0.618523 -0.283756 0.732743 0.732799 0.198025 -0.650993 0.10664 0.80485 -0.583819 -0.767927 0.632551 0.100837 -0.438276 0.859144 -0.264168 -0.637957 0.767356 -0.0646168 -0.254634 -0.769335 0.585906 0.242013 -0.960149 0.139801 0.242013 -0.960149 0.139801 0.634371 -0.736144 -0.235937 0.821788 -0.313159 -0.476021 -0.414775 0.858936 -0.300319 -0.712104 0.696696 -0.0867361 0.139143 0.800951 -0.582337 0.749781 0.278171 -0.600375 0.878918 -0.305312 -0.366452 0.681911 -0.708815 -0.180494 0.193379 -0.976313 0.0970412 -0.35955 -0.863697 0.353202 0.193379 -0.976313 0.0970412 -0.814677 -0.435094 0.383398 -0.975245 0.107056 0.193482 -0.89736 0.43946 0.0402405 -0.92448 0.364504 0.111682 -0.760821 0.646725 -0.0538366 -0.404492 0.841262 -0.358699 0.156791 0.761157 -0.62933 0.715547 0.311697 -0.62517 0.888871 -0.294409 -0.351045 0.667877 -0.731292 -0.138388 0.171829 -0.983321 0.0596155 -0.412903 -0.878807 0.239185 0.171829 -0.983321 0.0596155 -0.8582 -0.437476 0.268527 -0.980993 0.0381547 0.190256 -0.809904 0.585296 -0.0385345 -0.931514 0.322594 0.167972 -0.461286 0.812249 -0.357023 0.0733479 0.791639 -0.606571 0.674026 0.41072 -0.614002 0.935516 -0.19128 -0.297021 0.746302 -0.664321 0.0413552 0.235072 -0.944924 0.227727 -0.374431 -0.871201 0.317506 0.235072 -0.944924 0.227727 -0.829376 -0.434539 0.351157 -0.955922 -0.0071371 0.293535 -0.512653 0.848503 -0.131261 -0.544591 0.792666 -0.274045 -0.978837 -0.0596072 0.195768 -0.958266 0.0133482 0.285565 0.415797 0.738736 -0.530454 0.461851 0.625941 -0.628404 0.840202 -0.0637414 -0.538515 0.818926 -0.135 -0.557795 0.840202 -0.0637414 -0.538515 0.528184 -0.827786 -0.189188 0.546657 -0.776422 -0.313584 0.818926 -0.135 -0.557795 -0.458429 -0.844866 0.275762 -0.446619 -0.882189 0.149244 -0.958266 0.0133482 0.285565 -0.978837 -0.0596072 0.195768 -0.570283 0.754542 -0.324722 0.108758 0.809959 -0.576315 -0.996008 0.0722795 0.0523875 -0.484592 -0.871191 -0.078719 -0.996008 0.0722795 0.0523875 0.277077 -0.851589 -0.444999 0.631224 -0.0243424 -0.775219 0.631224 -0.0243424 -0.775219 0.317609 0.632782 -0.706195 0.130669 0.454277 -0.881225 -0.611042 0.503976 -0.61044 -0.624532 0.694002 -0.35822 0.873253 -0.161179 -0.459837 0.827914 -0.226467 -0.5131 0.873253 -0.161179 -0.459837 0.5922 -0.805769 -0.00595194 0.632693 -0.770991 0.0726094 0.827914 -0.226467 -0.5131 -0.380722 -0.831293 0.404972 -0.281272 -0.850698 0.444072 -0.968405 -0.0680583 0.239917 -0.982475 -0.121219 0.141597 -0.982475 -0.121219 0.141597 -0.968405 -0.0680583 0.239917 0.112092 0.422682 -0.899319 -0.700552 0.311614 -0.641969 -0.601041 0.764464 -0.233118 0.357265 0.718288 -0.597013 0.607773 -0.255333 -0.751942 0.870912 -0.0881679 -0.483466 0.378063 -0.731262 -0.567737 0.607773 -0.255333 -0.751942 0.818926 -0.135 -0.557795 0.870912 -0.0881679 -0.483466 0.570282 -0.815888 -0.0954233 -0.578607 -0.790513 -0.200756 0.378063 -0.731262 -0.567737 -0.439471 -0.839713 0.31898 -0.978837 -0.0596072 0.195768 -0.948244 -0.206102 -0.241567 -0.968258 -0.0158209 0.249453 -0.948244 -0.206102 -0.241567 -0.968258 -0.0158209 0.249453 -0.281272 -0.850698 0.444072 0.632693 -0.770991 0.0726094 -0.448969 0.731846 -0.512668 -0.388276 0.716168 -0.579953 -0.914427 -0.0420703 -0.40256 -0.895141 -0.204577 -0.396069 0.565172 0.794952 -0.220525 0.630608 0.680276 -0.373574 -0.388276 0.716168 -0.579953 -0.448969 0.731846 -0.512668 0.991926 0.118182 0.0459985 0.999946 0.00210119 0.0101705 0.991926 0.118182 0.0459985 0.777078 -0.608515 0.160808 0.765376 -0.633714 0.112278 0.999946 0.00210119 0.0101705 -0.071614 -0.997407 -0.00717744 -0.271379 -0.952114 -0.140832 -0.248938 0.606779 -0.754883 0.520885 0.744692 -0.417269 -0.248938 0.606779 -0.754883 -0.467374 -0.593993 -0.654778 0.226433 -0.947984 -0.22373 0.791728 -0.560458 -0.24301 0.952667 0.152841 -0.262801 0.952667 0.152841 -0.262801 -0.33128 0.593661 -0.733362 0.660185 0.550696 -0.510773 0.617512 0.392055 -0.681888 -0.433109 0.362104 -0.825407 0.986428 -0.139282 0.086949 0.985946 -0.163574 -0.033975 0.549077 -0.744062 0.380638 0.485513 -0.807732 0.334434 0.985946 -0.163574 -0.033975 0.986428 -0.139282 0.086949 -0.55283 -0.810518 0.193495 -0.608653 -0.779183 0.149717 -0.914379 -0.0677647 -0.399147 -0.883454 -0.160088 -0.440319 -0.33128 0.593661 -0.733362 -0.433109 0.362104 -0.825407 0.478454 0.501749 -0.720645 -0.372085 0.459535 -0.806462 -0.414231 0.676131 -0.609311 0.639602 0.686534 -0.345804 0.927919 -0.239947 -0.285291 0.981529 -0.127007 0.143074 0.629142 -0.757298 -0.175157 0.927919 -0.239947 -0.285291 0.599639 -0.738045 0.309391 0.981529 -0.127007 0.143074 -0.410508 -0.799968 -0.437647 0.629142 -0.757298 -0.175157 0.765376 -0.633714 0.112278 -0.398241 -0.911549 0.102385 -0.758921 -0.129286 -0.638219 -0.410508 -0.799968 -0.437647 -0.91938 -0.0974523 -0.381108 -0.372085 0.459535 -0.806462 -0.414231 0.676131 -0.609311 -0.608653 -0.779183 0.149717 -0.883454 -0.160088 -0.440319 0.485513 -0.807732 0.334434 -0.917718 -0.29443 0.266656 -0.818856 0.558577 0.132164 -0.666999 0.555992 0.495968 -0.647833 -0.285156 0.706398 -0.582163 0.7535 -0.305488 -0.257469 0.915075 -0.3104 -0.581105 0.110533 -0.806287 0.239034 0.285418 -0.928116 0.218677 -0.69061 -0.689375 0.239034 0.285418 -0.928116 -0.581105 0.110533 -0.806287 -0.366094 -0.776048 -0.513541 -0.408616 -0.899621 -0.153996 -0.215801 -0.964063 0.154963 -0.917718 -0.29443 0.266656 -0.647833 -0.285156 0.706398 -0.352944 0.874054 -0.333857 -0.708566 0.531882 0.46372 0.213311 0.251035 -0.944182 0.203466 -0.630258 -0.749251 0.213311 0.251035 -0.944182 -0.30156 -0.943156 0.139707 -0.668794 -0.269649 0.692824 -0.668794 -0.269649 0.692824 -0.556302 0.642503 -0.526989 -0.0835285 0.231331 -0.969283 -0.763486 -0.273302 0.585145 -0.851506 0.475753 0.220446 0.338085 -0.669758 -0.661152 0.00948577 -0.967852 0.25134 -0.763486 -0.273302 0.585145 -0.0835285 0.231331 -0.969283 -0.302421 0.0469619 -0.952017 -0.780462 0.386195 -0.491663 -0.123355 -0.615875 -0.778127 -0.302421 0.0469619 -0.952017 -0.266461 -0.958608 -0.100344 -0.77055 -0.473656 0.426501 -0.970654 0.19526 0.140371 -0.77055 -0.473656 0.426501 -0.430042 0.866244 -0.254333 0.290508 0.335631 -0.896079 0.246764 0.255887 -0.934682 -0.496752 0.804869 -0.324689 0.545306 -0.533791 -0.646304 0.485325 -0.569285 -0.663607 0.246764 0.255887 -0.934682 0.290508 0.335631 -0.896079 0.119536 -0.947782 0.295669 0.122919 -0.944835 0.303608 -0.502245 -0.332004 0.798451 -0.537194 -0.346886 0.768826 -0.71192 0.555725 0.429349 -0.774866 0.5077 0.376593 -0.537194 -0.346886 0.768826 -0.502245 -0.332004 0.798451 0.580123 0.699718 -0.416956 0.257226 0.865353 -0.430114 -0.367009 0.322982 -0.872345 0.221606 0.338841 -0.914373 0.928689 0.32683 0.175266 0.847245 0.388518 0.362257 0.75544 -0.460091 0.466504 0.77733 -0.341339 0.528437 0.75544 -0.460091 0.466504 0.447155 -0.889519 0.0938527 0.209752 -0.977648 -0.0144546 0.77733 -0.341339 0.528437 0.301831 -0.68458 -0.663512 -0.414758 -0.533122 -0.737398 0.221606 0.338841 -0.914373 -0.367009 0.322982 -0.872345 0.322791 0.852347 -0.411473 -0.438175 0.249887 -0.863458 0.877539 0.344817 0.333206 0.817469 -0.30203 0.490431 0.273047 -0.958944 0.0766315 0.817469 -0.30203 0.490431 -0.484036 -0.571042 -0.663039 -0.438175 0.249887 -0.863458 0.399356 0.555556 -0.729296 0.923193 -0.0538988 0.38054 0.759304 -0.550668 0.34673 -0.282522 0.104207 -0.953584 -0.00331864 -0.927668 0.373392 -0.735234 -0.33445 -0.589554 -0.282522 0.104207 -0.953584 0.759304 -0.550668 0.34673 0.940868 0.0718477 0.331066 0.563472 0.592 -0.576225 0.989684 0.135419 0.0467662 0.580945 0.518038 -0.627805 0.608133 -0.439089 0.661344 0.854848 -0.432587 0.286535 0.608133 -0.439089 0.661344 0.0148501 -0.90398 0.427318 0.273047 -0.958944 0.0766315 0.242275 -0.969462 -0.0380196 0.854848 -0.432587 0.286535 0.817469 -0.30203 0.490431 -0.750334 -0.493351 -0.440004 -0.484036 -0.571042 -0.663039 -0.285284 -0.651412 -0.703048 -0.450357 0.285853 -0.845852 -0.438175 0.249887 -0.863458 -0.1387 0.0445126 -0.989334 -0.285284 -0.651412 -0.703048 -0.450357 0.285853 -0.845852 -0.1387 0.0445126 -0.989334 -0.623146 0.779904 -0.0586453 -0.758776 0.650044 -0.041253 -0.43346 0.290074 0.853211 -0.314789 0.357744 0.879163 -0.552522 0.310468 -0.773517 -0.547768 0.256557 -0.796322 -0.339527 -0.329814 -0.880877 -0.285312 -0.387073 -0.876796 -0.339527 -0.329814 -0.880877 0.0525331 -0.990998 -0.123139 0.0437432 -0.995769 -0.0808166 -0.285312 -0.387073 -0.876796 0.0627769 -0.60372 0.794721 -0.0182994 -0.385051 0.922714 -0.314789 0.357744 0.879163 -0.43346 0.290074 0.853211 -0.825653 0.465118 -0.319315 -0.716784 0.697176 0.0129044 -0.57503 0.250221 0.778929 -0.430683 -0.563805 0.704724 -0.57503 0.250221 0.778929 -0.388815 -0.919227 -0.0619984 -0.771513 -0.329791 -0.544064 -0.771513 -0.329791 -0.544064 -0.283715 0.196712 0.938515 -0.710584 0.690131 0.137076 -0.874587 0.482186 0.0509424 -0.262062 -0.0340848 0.964449 -0.538995 0.333302 -0.773559 -0.760996 0.0234329 -0.648333 -0.122646 -0.374996 -0.918878 -0.11187 -0.420755 -0.90025 -0.122646 -0.374996 -0.918878 0.214031 -0.903951 -0.37022 0.317806 -0.822789 -0.471188 0.187056 -0.638509 0.746536 0.013712 -0.679105 0.733913 -0.283715 0.196712 0.938515 -0.974658 0.220429 -0.0381024 -0.745024 -0.032645 0.666238 -0.64532 0.757699 0.0972285 -0.253913 0.231639 0.93908 -0.715976 0.0289001 -0.697526 -0.475991 0.34608 -0.808493 -0.439637 -0.480176 -0.759045 -0.0744943 -0.458516 -0.885559 -0.218808 -0.975155 -0.0345891 -0.439637 -0.480176 -0.759045 -0.0744943 -0.458516 -0.885559 0.221636 -0.955857 -0.192912 -0.333888 -0.567104 0.752935 0.173876 -0.605727 0.776442 -0.745024 -0.032645 0.666238 -0.253913 0.231639 0.93908 0.0942029 0.747682 -0.657341 0.421298 0.664433 -0.617282 -0.421812 0.785328 -0.453139 -0.143722 0.801707 -0.580181 -0.736321 0.666791 -0.114982 -0.604225 0.744205 -0.284731 0.99051 0.0402727 -0.131405 0.708501 0.606046 -0.361571 0.744946 0.414941 -0.522379 0.562612 0.475201 -0.676499 -0.840842 0.514359 0.168582 -0.808208 0.113044 0.577945 -0.632902 -0.40672 0.658798 -0.808208 0.113044 0.577945 0.512209 -0.846201 0.146921 0.316482 -0.909787 -0.268565 -0.276893 -0.91765 -0.28504 -0.376795 -0.920534 -0.103163 -0.391226 -0.890341 0.232883 -0.409702 -0.775421 0.480486 -0.0665269 -0.926373 -0.370684 0.194642 -0.980468 -0.0282466 0.806383 -0.553805 0.207477 0.806383 -0.553805 0.207477 -0.181168 -0.823634 0.537406 -0.790719 0.609432 -0.0579323 -0.567305 0.775227 -0.277828 -0.397396 0.818199 -0.415484 -0.559579 0.777419 -0.287212 -0.0519627 0.854032 -0.517619 0.806383 -0.553805 0.207477 0.99051 0.0402727 -0.131405 -0.0519627 0.854032 -0.517619 -0.559579 0.777419 -0.287212 0.177156 0.861462 -0.47592 0.391307 0.796556 -0.460843 0.601117 0.580403 -0.549354 0.601117 0.580403 -0.549354 -0.899985 0.0255387 0.435172 -0.907954 0.363949 0.207754 -0.807184 0.589811 -0.0240094 -0.807184 0.589811 -0.0240094 -0.907954 0.363949 0.207754 -0.899985 0.0255387 0.435172 -0.239367 -0.80373 0.544722 0.358834 -0.852974 0.379042 -0.0571748 -0.971621 0.229528 -0.130087 -0.932297 0.33749 -0.730449 -0.37618 0.570029 -0.730449 -0.37618 0.570029 -0.899985 0.0255387 0.435172 0.358834 -0.852974 0.379042 0.358834 -0.852974 0.379042 0.332878 -0.87072 0.361994 -0.239367 -0.80373 0.544722 0.130211 -0.975834 0.175479 -0.441063 0.809491 0.387541 -0.314621 0.820435 0.477389 -0.465262 0.492155 0.735741 -0.530598 0.53107 0.660628 -0.120347 0.9888 0.088265 -0.279967 0.952408 0.120568 -0.0984726 0.970621 -0.219538 -0.258193 0.956758 -0.133978 -0.613532 0.788703 -0.0390676 -0.17085 0.946396 -0.274124 -0.624431 0.671464 -0.399025 0.043819 0.857542 -0.512544 -0.835265 0.213055 -0.506892 0.124846 0.585848 -0.800747 -0.519284 0.027955 0.854144 -0.827532 0.15633 0.539215 -0.570925 -0.397715 0.718239 -0.851251 -0.342663 0.397434 -0.524119 -0.737242 0.426348 -0.683642 -0.666903 0.296435 -0.673643 -0.721236 0.161317 -0.408109 -0.906447 0.108634 -0.259689 -0.957931 -0.122189 -0.752999 -0.65166 0.0912796 -0.0135769 -0.984618 -0.17419 -0.818801 -0.564153 0.106282 -0.312608 -0.919688 0.237592 -0.283612 -0.958922 -0.00571114 -0.646367 -0.566489 0.511174 -0.752486 -0.591106 0.290445 -0.80275 -0.0387738 0.595053 -0.917626 -0.0654552 0.392018 -0.782184 0.36481 0.505076 -0.874486 0.359086 0.326085 -0.603183 0.736767 0.305522 -0.641571 0.761878 0.0890422 -0.614999 -0.00632155 0.788503 -0.621642 0.420158 0.661081 -0.346397 -0.826573 0.443605 -0.514479 -0.477482 0.712265 -0.531352 0.669019 0.519691 -0.213291 -0.97428 -0.0727053 -0.528041 0.846989 -0.0615057 -0.379301 0.885297 -0.269037 -0.343907 0.704579 -0.620723 -0.900409 0.393666 0.185176 -0.860522 0.500508 0.0948353 -0.84953 0.504252 -0.155013 -0.964746 -0.0768447 0.251713 -0.808441 -0.564498 0.166627 -0.635352 -0.768851 -0.0720866 0.698707 -0.64703 -0.305222 0.814273 -0.376305 -0.441989 -0.767317 -0.624351 -0.146323 -0.579155 0.103232 0.808655 0.223427 0.133414 0.965547 0.0288814 -0.686159 0.726878 -0.820168 -0.151977 0.551568 0.789432 0.180535 0.58669 0.785269 -0.539984 0.302935 0.973628 0.217454 0.0690059 0.997585 -0.059859 -0.0352295 0.900593 0.196292 -0.387817 0.941525 0.0323883 -0.335384 0.714134 -0.157244 -0.682119 0.512739 -0.108575 -0.851651 -0.767317 -0.624351 -0.146323 0.814273 -0.376305 -0.441989 0.404371 0.0101079 -0.914539 0.941525 0.0323883 -0.335384 0.900593 0.196292 -0.387817 0.584827 0.222957 -0.779915 -0.42055 0.253846 -0.871033 -0.390001 -0.0551613 -0.919161 -0.956984 0.111634 -0.267804 -0.919956 -0.0891299 -0.381754 -0.954534 -0.0371993 0.295771 -0.927986 0.0791162 0.364118 -0.96319 -0.00359895 0.268797 -0.975918 -0.0638917 0.208571 0.177005 0.101888 -0.978922 0.465928 0.0155902 -0.884685 -0.4478 0.134842 -0.883908 -0.894795 0.0812692 -0.439017 -0.976919 -0.0684591 0.202344 0.0451756 0.962252 -0.268383 0.02381 0.90087 -0.433436 -0.88864 0.215501 -0.404819 -0.848532 0.354701 -0.392658 0.801714 0.567486 -0.187653 0.837147 0.470969 -0.278159 0.930062 -0.352158 -0.104736 0.877695 -0.46689 -0.108006 0.837147 0.470969 -0.278159 0.801714 0.567486 -0.187653 0.274352 -0.960544 -0.0456737 0.192676 -0.980878 -0.0274562 -0.713309 -0.696815 -0.0750945 -0.757975 -0.631634 -0.162826 -0.848532 0.354701 -0.392658 -0.88864 0.215501 -0.404819 0.107561 -0.982139 0.154383 -0.0325661 -0.947438 0.318278 0.870049 -0.482891 0.0991505 0.929398 -0.367448 -0.0346543 -0.813026 -0.581642 0.0261083 -0.674801 -0.737999 0.000440437 -0.825764 0.315444 -0.467556 -0.815118 0.0762381 -0.574257 -0.0819289 0.782644 -0.617055 -0.0626154 0.561703 -0.824966 -0.815118 0.0762381 -0.574257 -0.825764 0.315444 -0.467556 0.796058 0.452146 -0.402312 0.813077 0.262197 -0.519768 0.796058 0.452146 -0.402312 0.813077 0.262197 -0.519768 -0.0626154 0.561703 -0.824966 0.175158 -0.75729 -0.629152 0.69654 -0.340959 -0.631331 0.902448 -0.413328 -0.121442 0.199221 -0.97843 -0.0546443 -0.619321 -0.514077 -0.593436 -0.763701 -0.644285 -0.0407287 -0.687453 0.106699 -0.718348 -0.863024 0.379724 -0.333164 0.02381 0.90087 -0.433436 0.0457312 0.600826 -0.798071 -0.687453 0.106699 -0.718348 -0.88864 0.215501 -0.404819 -0.863024 0.379724 -0.333164 -0.119095 0.880369 -0.459093 0.837147 0.470969 -0.278159 0.686896 0.257717 -0.679526 0.874935 0.407799 -0.261129 0.686896 0.257717 -0.679526 0.874935 0.407799 -0.261129 -0.100676 0.956958 -0.272206 -0.0339446 0.912147 -0.408454 -0.952831 0.294251 -0.0743558 -0.950099 0.285587 -0.12551 0.464314 0.740328 -0.486135 0.71814 0.520497 -0.461906 0.464314 0.740328 -0.486135 0.793078 -0.514632 -0.325855 0.863515 -0.336446 -0.375694 0.71814 0.520497 -0.461906 0.236047 -0.961626 -0.139847 0.157318 -0.96617 -0.20437 -0.727707 -0.681149 0.0804912 -0.850567 -0.518931 0.0851228 -0.950099 0.285587 -0.12551 -0.952831 0.294251 -0.0743558 0.0557252 -0.981873 0.181161 -0.0652411 -0.957699 0.28028 0.892034 -0.415457 -0.177962 0.863547 -0.456444 -0.214347 -0.856825 -0.459132 0.234625 -0.822237 -0.568671 -0.0232065 -0.894604 0.430728 -0.118984 -0.940441 0.236121 -0.244574 -0.894604 0.430728 -0.118984 -0.141926 0.86468 -0.481856 -0.135921 0.73484 -0.664482 -0.940441 0.236121 -0.244574 0.773647 0.377365 -0.508985 0.669698 0.176776 -0.721287 0.773647 0.377365 -0.508985 0.669698 0.176776 -0.721287 -0.135921 0.73484 -0.664482 -0.0681004 -0.825368 -0.560473 0.452142 -0.477938 -0.753089 0.121874 -0.990846 0.0580676 0.789386 -0.557624 -0.256758 -0.804757 -0.487892 -0.338123 -0.793576 -0.552685 0.254512 -0.882982 0.157215 -0.442298 -0.905367 0.424566 -0.00732527 -0.952831 0.294251 -0.0743558 -0.0339446 0.912147 -0.408454 -0.226271 0.591842 -0.773644 -0.882982 0.157215 -0.442298 -0.905367 0.424566 -0.00732527 -0.212677 0.9114 -0.352305 0.71814 0.520497 -0.461906 0.478182 0.209596 -0.852884 0.819646 0.343602 -0.458386 0.71814 0.520497 -0.461906 0.863515 -0.336446 -0.375694 0.452142 -0.477938 -0.753089 0.478182 0.209596 -0.852884 0.819646 0.343602 -0.458386 -0.00100584 -0.94182 0.336115 -0.112021 -0.907083 0.405774 0.689774 -0.608129 -0.392926 0.70055 -0.619327 -0.35449 -0.754462 -0.337959 0.562646 -0.839775 -0.4546 0.296845 -0.754462 -0.337959 0.562646 -0.833893 0.544302 0.0914191 -0.940413 0.317708 0.121177 -0.839775 -0.4546 0.296845 -0.115462 0.80623 -0.580226 -0.187099 0.682168 -0.706853 0.624514 0.175847 -0.76096 0.362841 0.0255899 -0.9315 0.624514 0.175847 -0.76096 0.362841 0.0255899 -0.9315 -0.136429 -0.989845 -0.039914 -0.38095 -0.88911 -0.253696 0.294854 -0.520083 -0.801608 0.570315 -0.572823 -0.58874 0.693028 -0.566798 -0.44548 0.0441791 -0.983209 0.177053 -0.829731 -0.397275 0.392072 -0.85651 -0.516069 -0.00797935 -0.785915 -0.349266 0.510246 -0.829731 -0.397275 0.392072 -0.858289 0.497472 0.125939 -0.878235 0.285087 -0.383965 -0.85651 -0.516069 -0.00797935 -0.770322 0.63309 0.0761702 -0.785915 -0.349266 0.510246 -0.112716 0.852692 -0.510109 -0.272313 0.583729 -0.764922 -0.0432258 0.866766 -0.496839 0.565017 0.293633 -0.771061 0.396368 0.0839033 -0.91425 0.677204 0.20478 -0.706725 0.565017 0.293633 -0.771061 0.570315 -0.572823 -0.58874 0.294854 -0.520083 -0.801608 0.396368 0.0839033 -0.91425 0.677204 0.20478 -0.706725 -0.138376 0.966015 -0.218329 -0.080236 0.928184 -0.36337 -0.80832 0.540551 0.233289 -0.804553 0.515833 0.294298 -0.112716 0.852692 -0.510109 -0.858289 0.497472 0.125939 0.384204 0.534887 -0.752518 0.648126 0.332463 -0.685129 0.565017 0.293633 -0.771061 0.384204 0.534887 -0.752518 0.505971 -0.637261 -0.581285 0.684107 -0.45315 -0.571536 0.648126 0.332463 -0.685129 0.565017 0.293633 -0.771061 -0.25198 -0.966587 0.0470643 -0.141595 -0.989924 -0.0012673 -0.851195 -0.306039 0.426389 -0.809421 -0.402711 0.427389 -0.809421 -0.402711 0.427389 -0.851195 -0.306039 0.426389 -0.829731 -0.397275 0.392072 0.696505 -0.53514 -0.478023 0.268895 -0.878764 0.394297 0.165426 -0.888343 0.428346 0.589537 -0.457021 -0.666017 -0.59599 -0.27834 0.753208 -0.742698 -0.571134 0.349578 -0.59599 -0.27834 0.753208 -0.872429 0.39923 0.281926 -0.933263 0.177635 0.312196 -0.742698 -0.571134 0.349578 -0.387839 0.692151 -0.608694 -0.470679 0.446813 -0.760802 0.328166 0.236344 -0.914576 -0.0680024 -0.118575 -0.990614 0.328166 0.236344 -0.914576 -0.0680024 -0.118575 -0.990614 0.223601 -0.960038 0.168316 0.278226 -0.933932 0.224416 0.706364 -0.440533 -0.554058 0.706906 -0.379423 -0.596927 -0.74653 -0.270777 0.60776 -0.678959 -0.307481 0.666685 -0.853315 0.472248 0.220986 -0.853075 0.4685 0.229719 -0.678959 -0.307481 0.666685 -0.74653 -0.270777 0.60776 -0.373856 0.830527 -0.412863 -0.340542 0.800053 -0.49391 0.283878 0.528095 -0.800331 0.338483 0.400155 -0.851648 0.338483 0.400155 -0.851648 0.283878 0.528095 -0.800331 -0.700059 0.497258 0.512496 -0.462213 0.886471 -0.022965 -0.42061 0.847151 -0.324688 -0.763552 0.529911 0.369031 -0.42061 0.847151 -0.324688 -0.574957 0.557895 -0.598479 -0.941398 0.330939 0.0651862 -0.763552 0.529911 0.369031 0.32742 0.174824 -0.928565 0.268341 0.393612 -0.87924 0.268341 0.393612 -0.87924 0.00235196 0.2491 -0.968475 0.479787 -0.459837 -0.747231 0.458026 -0.445791 -0.769079 0.268341 0.393612 -0.87924 0.32742 0.174824 -0.928565 0.458026 -0.445791 -0.769079 0.0806198 -0.308686 -0.947741 0.00235196 0.2491 -0.968475 -0.0499709 -0.99604 0.0735386 -0.100005 -0.983719 0.149317 -0.0499709 -0.99604 0.0735386 -0.333363 -0.899615 -0.282066 0.0806198 -0.308686 -0.947741 -0.62609 -0.329274 0.706817 -0.637198 -0.381131 0.669864 -0.848635 -0.362304 0.385427 -0.333363 -0.899615 -0.282066 -0.637198 -0.381131 0.669864 -0.62609 -0.329274 0.706817 -0.848635 -0.362304 0.385427 -0.637198 -0.381131 0.669864 -0.154472 0.962025 -0.225046 0.125457 0.929778 -0.346082 -0.416429 0.903721 -0.099375 -0.216485 0.971553 -0.0960114 -0.00638424 0.96661 -0.256174 -0.696872 0.690212 0.194874 0.259133 0.932817 -0.250405 0.811795 0.557342 -0.174234 -0.140828 0.944229 -0.297657 -0.46537 -0.866897 -0.178664 0.42098 -0.896722 -0.13662 0.944981 -0.294755 -0.141884 0.416561 -0.854436 -0.310509 0.269802 -0.961865 -0.0449792 -0.519237 -0.854623 0.0034905 -0.196456 -0.97851 -0.0626329 0.438096 -0.825101 -0.356764 -0.927704 -0.299582 0.222746 0.44985 -0.735312 -0.506904 -0.13905 -0.970102 0.198914 -0.632653 -0.44591 0.633178 -0.927704 -0.299582 0.222746 -0.787562 0.324348 0.52397 -0.503335 0.863459 0.0330431 -0.632653 -0.44591 0.633178 -0.187309 0.961507 -0.201045 -0.198625 0.309283 -0.929996 -0.0451936 0.935117 -0.351446 0.00294312 0.820015 -0.572334 0.205771 -0.790634 -0.576676 -0.198625 0.309283 -0.929996 -0.623217 -0.781291 -0.0344221 -0.538179 -0.799323 -0.267295 -0.710749 0.324659 -0.624045 -0.198315 -0.889637 -0.41136 -0.519785 0.85211 -0.061099 -0.710749 0.324659 -0.624045 0.228419 -0.869618 -0.437708 -0.355543 -0.909097 0.217099 -0.666812 -0.447049 0.596245 -0.0516475 -0.934853 -0.351258 -0.177874 -0.966658 -0.184212 -0.131353 -0.958623 -0.252563 0.345153 -0.785729 -0.513322 -0.480539 -0.857874 -0.18203 0.531516 -0.824369 -0.194696 0.0518579 -0.950219 -0.307238 0.363316 -0.844777 -0.392878 0.328992 -0.819658 -0.468962 0.464314 0.740328 -0.486135 0.00294312 0.820015 -0.572334 0.328992 -0.819658 -0.468962 0.00294312 0.820015 -0.572334 0.811795 0.557342 -0.174234 0.950766 -0.233088 -0.20424 0.833295 0.5115 -0.209731 -0.0358944 0.924702 -0.378995 -0.0366443 0.940028 -0.339122 0.422714 0.850193 -0.313823 0.833295 0.5115 -0.209731 0.0547785 0.921823 -0.383721 -0.216102 0.943236 -0.2522 -0.477231 0.86614 -0.148496 -0.25576 0.911066 -0.323334 -0.323128 0.912332 -0.251474 -0.454772 0.88136 -0.128012 -0.603682 0.787302 0.125395 -0.603868 0.793619 0.0742481 -0.406125 0.906648 -0.114247 -0.810852 0.26532 0.521655 -0.666812 -0.447049 0.596245 -0.160166 -0.916374 -0.366886 -0.258653 -0.865384 -0.429196 0.0811807 -0.854387 -0.513258 -0.0376836 -0.925722 -0.376323 0.152295 0.890822 -0.428067 0.513313 0.753651 -0.410512 -0.469476 0.844595 -0.257394 -0.275311 0.895289 -0.350231 -0.681358 0.721862 0.121104 -0.578037 0.809888 -0.0997706 0.845102 0.433852 -0.312371 0.946675 -0.152178 -0.283987 0.845102 0.433852 -0.312371 0.675897 -0.703637 -0.219222 -0.844324 0.271031 0.462232 -0.781792 -0.332567 0.527448 -0.51604 -0.792893 0.324074 -0.781792 -0.332567 0.527448 0.267038 -0.944917 -0.189271 0.00658518 -0.963673 -0.267005 -0.0895 -0.960436 -0.263728 -0.106946 -0.974577 -0.196882 -0.217557 -0.976033 0.00540852 0.122455 -0.990176 0.0674957 0.104647 -0.990402 0.0902946 0.310155 -0.949735 -0.042513 0.0862172 -0.987833 0.129434 -0.168192 -0.928626 0.330704 -0.496657 -0.79303 0.352755 0.719287 -0.668282 -0.189802 0.928419 -0.156354 -0.337035 0.854818 0.302303 -0.421781 0.64709 0.553778 -0.524027 0.854818 0.302303 -0.421781 0.282615 0.769932 -0.57213 -0.178301 0.867675 -0.464058 -0.487007 0.825892 -0.284124 -0.685615 0.716431 -0.129064 -0.859854 0.503497 0.084504 -0.926552 0.183407 0.328424 -0.874336 -0.242228 0.42055 -0.874336 -0.242228 0.42055 0.0125749 -0.991983 0.125745 0.328843 -0.944371 -0.00511949 -0.688536 0.684602 -0.239248 -0.545971 0.771264 -0.327211 -0.307196 0.601173 -0.737714 -0.954313 0.251647 -0.161124 -0.954313 0.251647 -0.161124 -0.307196 0.601173 -0.737714 -0.514964 -0.052422 0.855607 0.276131 -0.048599 0.959891 0.276131 -0.048599 0.959891 -0.514964 -0.052422 0.855607 -0.423631 -0.387462 0.818786 0.291384 -0.44846 0.844973 -0.397863 -0.660968 0.636259 0.19224 -0.795458 0.574709 0.0435417 -0.984087 0.172267 -0.427323 -0.864438 0.264843 -0.459774 -0.861943 0.213687 -0.0373966 -0.995066 0.0919027 -0.951533 -0.00798445 0.307442 -0.951533 -0.00798445 0.307442 -0.906455 -0.17296 0.385258 -0.910334 -0.264845 0.318039 -0.90859 -0.305109 0.285258 -0.811461 -0.360165 0.460231 -0.979745 0.016338 0.199579 -0.910334 -0.264845 0.318039 0.836361 -0.0985653 0.539244 0.836361 -0.0985653 0.539244 0.802189 -0.369359 0.469112 0.682085 -0.608029 0.406275 0.488408 -0.864156 0.12121 0.379352 -0.924711 0.0316602 -0.906455 -0.17296 0.385258 -0.951533 -0.00798445 0.307442 -0.90859 -0.305109 0.285258 -0.811461 -0.360165 0.460231 0.998183 -0.0600742 0.00464391 0.918249 0.131594 -0.373498 0.58097 0.455019 -0.674856 0.918249 0.131594 -0.373498 0.58097 0.455019 -0.674856 0.807357 0.361537 -0.466332 0.891698 0.219984 -0.395577 0.951298 -0.209851 -0.225821 0.891698 0.219984 -0.395577 0.782601 -0.614817 -0.097655 0.998183 -0.0600742 0.00464391 0.976758 -0.212448 0.028461 0.963408 0.0529225 -0.262763 0.918249 0.131594 -0.373498 0.918249 0.131594 -0.373498 0.963408 0.0529225 -0.262763 0.851382 -0.524103 -0.0215675 0.866431 -0.498105 0.0344771 0.9284 -0.315224 0.196742 0.989741 -0.073756 -0.122364 0.989741 -0.073756 -0.122364 -0.843108 -0.507465 0.177899 -0.270421 0.873106 0.405657 -0.268572 0.880964 0.38958 -0.525711 0.752224 0.397223 -0.557953 0.731678 0.391581 -0.818017 0.43583 0.375367 -0.737183 0.502462 0.451768 -0.827532 0.15633 0.539215 -0.926664 0.100968 0.362077 -0.851251 -0.342663 0.397434 -0.91679 -0.248141 0.312925 -0.825661 -0.520535 0.217548 -0.91679 -0.248141 0.312925 -0.656688 -0.744281 0.121681 -0.352045 -0.935002 0.0428497 -0.539335 0.823323 0.176799 -0.561431 0.783064 0.267592 -0.541789 0.832182 0.118062 -0.485394 0.866169 0.118928 -0.255219 0.961085 0.105728 -0.647807 0.757217 0.0834813 -0.605836 0.783939 0.135656 -0.256189 0.954748 0.151076 -0.246969 0.962269 0.114215 -0.662625 0.740747 0.110553 -0.57836 0.78575 0.219309 -0.589341 0.79627 0.136499 -0.19629 0.970504 0.139974 -0.231067 0.946639 0.224684 -0.609145 0.776958 0.158992 -0.237425 0.953889 0.183645 -0.232303 0.956651 0.175652 -0.647376 0.749038 0.140876 -0.641547 0.7255 0.249132 -0.255836 0.926543 0.275801 -0.641547 0.7255 0.249132 -0.255836 0.926543 0.275801 -0.907701 0.3766 0.18507 -0.907213 0.318611 0.274686 -0.893004 0.44467 0.0693735 -0.88041 0.470841 0.0564432 -0.903749 0.423801 0.0602522 -0.915739 0.39323 0.0824107 -0.882752 0.461791 0.0865963 -0.843664 0.502056 0.190187 -0.843751 0.51993 0.133255 -0.875265 0.467368 0.124408 -0.892895 0.440131 0.0949856 -0.871369 0.425422 0.244402 -0.871369 0.425422 0.244402 -0.977611 0.0856953 0.192182 -0.977611 0.0856953 0.192182 -0.991159 0.119422 0.0578053 -0.986836 0.135899 0.0876738 -0.977496 0.163205 0.133664 -0.972166 0.211907 0.0999491 -0.943937 0.321761 0.073841 -0.957452 0.27657 0.0824242 -0.977845 0.197971 0.068026 -0.980978 0.192242 0.0269189 -0.986463 0.160634 0.0329909 -0.978694 0.0839365 0.187386 -0.959354 0.0788594 0.270965 -0.97191 -0.194177 0.132992 -0.97191 -0.194177 0.132992 -0.988317 -0.149141 0.0314021 -0.988261 -0.135751 0.070079 -0.987002 -0.131231 0.0927644 -0.993216 -0.106746 0.0461168 -0.994772 -0.0914121 0.045522 -0.994014 -0.0885082 0.0640432 -0.991252 -0.121132 0.0524111 -0.995033 -0.0990251 0.0101982 -0.991562 -0.12716 0.0251986 -0.96902 -0.162618 0.185893 -0.945479 -0.167338 0.279404 -0.877139 -0.474492 0.0740537 -0.97191 -0.194177 0.132992 -0.898682 -0.438581 0.00414064 -0.988317 -0.149141 0.0314021 -0.97191 -0.194177 0.132992 -0.877139 -0.474492 0.0740537 -0.905227 -0.421096 0.0569411 -0.988261 -0.135751 0.070079 -0.903749 -0.422194 0.0706458 -0.987002 -0.131231 0.0927644 -0.889649 -0.456587 0.00731042 -0.993216 -0.106746 0.0461168 -0.994014 -0.0885082 0.0640432 -0.994772 -0.0914121 0.045522 -0.887604 -0.460049 0.0226625 -0.874882 -0.48406 0.0163785 -0.877608 -0.479112 0.0159859 -0.991252 -0.121132 0.0524111 -0.880465 -0.473985 0.0109111 -0.991562 -0.12716 0.0251986 -0.995033 -0.0990251 0.0101982 -0.902733 -0.4302 0.000812256 -0.89323 -0.411172 0.181872 -0.866292 -0.37015 0.33545 -0.945479 -0.167338 0.279404 -0.96902 -0.162618 0.185893 -0.689595 -0.722803 0.0448794 -0.689595 -0.722803 0.0448794 -0.69101 -0.722539 -0.0210323 -0.701373 -0.71166 0.0402055 -0.709781 -0.701645 0.0624897 -0.689238 -0.724527 -0.00325835 -0.745617 -0.666005 0.022189 -0.69139 -0.722473 0.00355382 -0.638817 -0.769272 -0.0115101 -0.704268 -0.70993 -0.0021781 -0.677864 -0.735188 -0.000464438 -0.727602 -0.578211 0.369143 -0.714984 -0.679991 0.162515 -0.385649 -0.922351 0.0233075 -0.385649 -0.922351 0.0233075 -0.381252 -0.924121 -0.0254208 -0.373283 -0.927476 0.021169 -0.399289 -0.915373 0.0515827 -0.374631 -0.927173 0.00131206 -0.282822 -0.959142 -0.00760818 -0.293736 -0.955887 0.000203842 -0.308833 -0.95086 -0.0220788 -0.356215 -0.934363 -0.00871359 -0.334179 -0.942434 -0.0119653 -0.430772 -0.892406 0.13434 -0.46439 -0.793385 0.393551 -0.171044 0.976658 0.129934 -0.612297 0.781246 0.121438 -0.643051 0.754329 0.132188 -0.177196 0.974169 0.139985 -0.856204 0.50148 0.124231 -0.8707 0.478135 0.115191 -0.965943 0.239423 0.0981315 -0.963688 0.246026 0.103808 -0.993296 -0.0980414 0.0612514 -0.98765 -0.13016 0.0872088 -0.877786 -0.478398 0.0250422 -0.879906 -0.471832 0.0560355 -0.98765 -0.13016 0.0872088 -0.993296 -0.0980414 0.0612514 -0.685652 -0.727906 0.0058087 -0.719028 -0.694698 0.0198273 -0.345257 -0.938314 -0.0190827 -0.336059 -0.941781 -0.0106536 -0.642969 0.756248 0.121159 -0.186577 0.971977 0.143001 -0.636067 0.760716 0.129343 -0.16846 0.975091 0.144286 -0.882517 0.460845 0.0937351 -0.892306 0.440041 0.100768 -0.974371 0.206907 0.0882707 -0.97206 0.21467 0.0949506 -0.987006 -0.144334 0.070613 -0.990643 -0.117303 0.0697648 -0.987006 -0.144334 0.070613 -0.893984 -0.446751 0.0347309 -0.903289 -0.426545 0.0461233 -0.990643 -0.117303 0.0697648 -0.716665 -0.697165 0.0187858 -0.705942 -0.707564 0.0316038 -0.291192 -0.956308 0.0261344 -0.284719 -0.958001 0.0341979 -0.654356 0.750609 0.0916773 -0.195453 0.975702 0.0990173 -0.891951 0.447282 0.0660481 -0.963763 0.264014 0.0381664 -0.993659 -0.108503 0.0294915 -0.993659 -0.108503 0.0294915 -0.90242 -0.42794 0.0500535 -0.73588 -0.675942 0.0397798 -0.272687 -0.962102 -0.00103852 -0.580221 0.80216 0.14101 -0.576724 0.802836 0.151138 -0.904294 0.409935 0.119191 -0.913837 0.38288 0.135294 -0.97799 0.182439 0.101246 -0.977301 0.164043 0.134066 -0.990362 -0.11632 0.0751871 -0.990006 -0.0846445 0.112801 -0.990362 -0.11632 0.0751871 -0.89664 -0.441633 0.0315813 -0.925764 -0.369422 0.0805464 -0.990006 -0.0846445 0.112801 -0.623125 -0.782031 -0.0119439 -0.660858 -0.749931 0.0294797 -0.287009 -0.957736 -0.0191685 -0.273606 -0.961828 -0.00505178 -0.588697 0.792401 0.159803 -0.920719 0.374698 0.108983 -0.98212 0.168852 0.0832452 -0.995492 -0.0688762 0.0652057 -0.931468 -0.359832 0.0537457 -0.995492 -0.0688762 0.0652057 -0.707616 -0.70585 0.0324912 -0.335945 -0.941877 -0.00293122 -0.475126 0.86895 0.138499 -0.87448 0.476948 0.0883472 -0.988564 0.134753 0.0676938 -0.98837 -0.143939 0.0490475 -0.881136 -0.472205 0.0249184 -0.98837 -0.143939 0.0490475 -0.683836 -0.729582 0.00886713 -0.363829 -0.931459 -0.00363537 -0.711044 0.180781 0.679511 -0.489452 0.646085 0.585672 -0.642256 -0.218777 0.734604 -0.696474 -0.0393852 0.7165 -0.642256 -0.218777 0.734604 -0.496313 -0.419851 0.759867 -0.4791 0.865296 0.147399 -0.892625 0.428974 0.138572 -0.987255 0.10093 0.123051 -0.981458 -0.156968 0.110005 -0.883717 -0.459592 0.0884294 -0.981458 -0.156968 0.110005 -0.692304 -0.719888 0.0497606 -0.402389 -0.915227 0.0210375 -0.635352 -0.768851 -0.0720866 -0.767317 -0.624351 -0.146323 -0.767317 -0.624351 -0.146323 -0.835265 0.213055 -0.506892 -0.624431 0.671464 -0.399025 -0.274005 -0.326159 -0.904733 0.274005 -0.326159 -0.904733 </float_array>
          <technique_common>
            <accessor count="3661" offset="0" source="#meshId1-normals-array" stride="3">
              <param name="X" type="float" />
              <param name="Y" type="float" />
              <param name="Z" type="float" />
            </accessor>
          </technique_common>
        </source>
        <source id="meshId1-tangents" name="meshId1-tangents">
          <float_array id="meshId1-tangents-array" count="10983"> 0.964015 -0.265426 -0.0149914 0.971454 -0.236315 -0.0207884 1 0.000476427 -0.000485704 0.999999 0.000922007 -0.000440359 0.828282 -0.558585 -0.043951 0.816751 -0.573548 -0.0629323 0.74208 -0.669534 -0.0322817 0.732537 -0.678272 -0.0577588 0.638331 -0.769614 0.0150795 0.624815 -0.773999 -0.102628 0.325968 -0.942131 0.0783155 0.199904 -0.975893 0.0875849 -0.0757378 -0.985539 0.151577 -0.177903 -0.978865 0.100867 -0.555824 -0.808901 -0.191675 -0.291222 -0.910925 -0.292242 -0.209861 -0.924213 -0.319045 -0.582348 -0.791081 -0.187251 -0.812128 -0.574146 -0.103942 -0.806367 -0.581308 -0.108871 -0.962606 -0.26726 -0.0442866 -0.967221 -0.251336 -0.0362376 -1 6.33659e-06 -5.61387e-05 -0.999997 -0.000319539 0.00228255 0.960275 -0.279018 -0.00460037 0.847932 -0.529822 -0.0173034 0.772296 -0.635227 -0.00667223 0.68153 -0.731512 0.0201909 0.363433 -0.928954 0.0704391 -0.0717861 -0.984065 0.162677 -0.200327 -0.917724 -0.343003 -0.641568 -0.74433 -0.185372 -0.831724 -0.545751 -0.101937 -0.963889 -0.262342 -0.0457613 -1 5.1947e-06 -4.80177e-05 1 -0.000445158 -0.000766581 0.569916 -0.821693 -0.00398615 0.0123123 -0.985017 0.172016 0.955123 -0.296203 0.00186384 0.854791 -0.518969 0.00189556 0.805562 -0.592401 0.0114532 0.730756 -0.682057 0.0281578 1 3.33724e-05 -0.000993151 0.764608 -0.642584 0.0496022 0.726369 -0.681064 0.0924122 0.732134 -0.667645 0.135017 0.778541 -0.626526 0.0365969 0.580654 -0.801771 0.141436 0.515553 -0.829278 0.215648 0.0513407 -0.973792 0.221571 0.0805755 -0.965292 0.248434 -0.470976 -0.847158 0.245979 -0.442644 -0.892811 0.0833906 -0.752582 -0.658497 0.00110015 -0.834233 -0.54793 -0.0618678 -0.476556 -0.867701 0.141383 -0.472159 -0.879014 0.0663298 -0.921467 -0.387204 -0.0311774 -0.960617 -0.273081 -0.0514086 -0.945737 -0.322303 -0.0412477 -0.964019 -0.265169 -0.018782 -0.910962 -0.408592 -0.0565742 -0.96895 -0.244362 -0.0377135 -1 4.42713e-06 -4.40605e-05 -0.979267 -0.20102 -0.0250226 -1 2.81226e-06 -4.11077e-05 -0.972656 -0.231479 -0.0188959 -1 2.93617e-06 -3.44139e-05 -0.840432 -0.541835 -0.00940196 -0.955225 -0.295509 -0.0148151 -1 1.18145e-06 -3.28326e-05 -0.819413 -0.573126 -0.00942346 -0.949795 -0.312786 -0.00740362 -1 6.57288e-07 -3.02551e-05 0.844106 -0.535704 0.0224948 0.894808 -0.44638 0.00791995 1 -3.77006e-05 -0.000736143 0.963506 -0.267398 0.0124325 0.927359 -0.373947 0.0130083 0.844795 -0.533736 0.0380468 0.961563 -0.273618 0.0230231 0.999998 0.0017813 -0.000993077 0.820329 -0.569053 0.0569093 0.931312 -0.363809 0.0173262 0.949086 -0.31263 0.038704 0.999987 -0.00506283 4.18779e-05 -0.0203334 -0.973792 0.226531 -0.474983 -0.825625 0.304524 0.00924413 -0.975995 0.217596 -0.462579 -0.830754 0.309627 0.0372259 -0.981389 0.188388 -0.446292 -0.852738 0.271405 -0.444919 -0.875421 0.188907 0.00508166 -0.989774 0.142555 -0.0069341 -0.994177 0.107531 -0.415463 -0.902189 0.115955 -0.00679945 -0.994156 0.107742 -0.438617 -0.893883 0.0926686 -0.528466 -0.848095 -0.0381886 -0.712585 -0.701494 -0.0113455 -0.727043 -0.685934 -0.0300493 -0.552202 -0.830876 -0.0686846 -0.84182 -0.539676 -0.0094851 -0.958526 -0.285005 5.09437e-05 -1 6.07868e-07 -2.1598e-05 -0.729135 -0.683721 -0.0297915 -0.736518 -0.675744 -0.0301911 -0.539715 -0.83739 -0.0865212 -0.481988 -0.873699 -0.0658575 -0.435068 -0.900154 0.0209501 -0.651331 -0.758793 0.00132154 -0.691788 -0.721795 -0.0210017 -0.415539 -0.909435 -0.0159649 -0.896266 -0.443516 0.000369033 -0.877066 -0.48035 -0.0044751 -0.901466 -0.432838 0.00312492 -0.899131 -0.437676 0.00167945 -0.981421 -0.191819 0.00427004 -0.979033 -0.203612 0.00606135 -0.971247 -0.23801 0.00556541 -0.983254 -0.182238 0.000917191 -1 1.904e-07 -1.31363e-05 -1 -3.95215e-08 8.41644e-07 -1 -5.11527e-08 1.16399e-05 -1 1.58791e-07 -4.02222e-06 0.910026 -0.413193 0.0335399 0.785048 -0.61559 0.0689104 0.503035 -0.852629 0.141347 0.999999 0.00131211 -0.000947749 0.947086 -0.318331 0.0411524 0.882888 -0.467383 0.0454148 0.763503 -0.641706 0.0726458 0.462069 -0.876419 0.135582 0.947119 -0.318327 0.0404207 1 -0.00014113 -0.000665026 0.758566 -0.647994 0.0684177 0.470521 -0.874441 0.118164 1 -3.31264e-05 -0.000705749 0.948494 -0.314935 0.0342829 0.878616 -0.475549 0.0434445 0.760227 -0.647313 0.0551335 0.487423 -0.867152 0.102304 1 -5.44139e-05 -0.000726401 0.959621 -0.280499 0.0211473 0.895093 -0.444475 0.0353714 0.763404 -0.644411 0.0441347 0.472555 -0.877017 0.0867952 0.968193 -0.249908 0.0121964 1 -7.26924e-05 -0.000695526 0.90901 -0.415974 0.0258271 0.440476 -0.894827 0.0725678 0.743559 -0.667527 0.0390893 1 -7.3187e-05 -0.000704223 0.961247 -0.275548 0.00877995 0.897171 -0.441376 0.0164612 0.499891 -0.863338 0.0689723 0.738129 -0.674485 0.0153363 0.946788 -0.32182 -0.00497694 1 -1.41498e-06 -0.000705748 0.867639 -0.497145 0.00703082 0.763602 -0.645591 -0.0111152 0.789456 -0.613766 0.00711074 0.841612 -0.53963 -0.0221027 1 7.1524e-05 -0.000707947 0.961233 -0.275225 -0.0168143 0.8503 -0.522363 -0.0642335 0.810989 -0.58346 -0.0432646 0.780285 -0.623739 -0.0458918 1 0.000114506 -0.00071037 0.968834 -0.246278 -0.0266237 0.885747 -0.455245 -0.090574 0.84829 -0.522629 -0.0852184 0.832666 -0.542767 -0.10987 1 0.000224403 -0.000800366 0.957837 -0.281532 -0.0573432 0.95847 -0.275553 -0.0735219 0.890987 -0.439818 -0.112703 0.857271 -0.498173 -0.130037 0.893907 -0.434712 -0.10934 1 0.000230803 -0.000817447 0.958867 -0.27014 -0.0871666 0.869106 -0.471818 -0.148468 0.812299 -0.5551 -0.178982 0.796762 -0.578412 -0.174958 1 0.000305673 -0.000774963 -0.569818 -0.821187 0.0309767 -0.676007 -0.736476 0.0248506 -0.912998 -0.407941 0.00431594 -0.982177 -0.18796 -6.30985e-05 -1 7.60311e-07 2.14247e-05 -0.657139 -0.751901 0.0530423 -0.7516 -0.658538 0.0377595 -0.736581 -0.673049 0.0667352 -0.811983 -0.582041 0.0437325 -0.714137 -0.695031 0.0833097 -0.787123 -0.613931 0.0593834 -0.438116 -0.880948 0.178844 -0.647531 -0.754969 0.103567 -0.92502 -0.379821 0.00861682 -0.976415 -0.21587 0.00368246 -1 1.32932e-06 2.46808e-05 -0.923956 -0.38223 0.0143431 -0.969899 -0.243321 0.00955149 -1 2.75402e-06 3.17349e-05 -0.896052 -0.443221 0.0254248 -0.965445 -0.26014 0.0155751 -1 4.09175e-06 3.84733e-05 -0.819248 -0.571649 0.0452841 -0.948972 -0.314556 0.0225002 -1 1.75138e-06 5.81543e-05 -0.851399 -0.519888 -0.0695407 -0.330699 -0.8679 -0.370658 0.78304 -0.550734 0.289033 0.724563 -0.655174 0.213907 0.837595 -0.496495 0.227878 0.874107 -0.419726 0.244474 0.661857 -0.566665 0.49075 0.876296 -0.32309 0.357377 0.88251 -0.122753 0.453991 0.541656 -0.0640971 0.838153 0.878406 0.3165 0.358093 0.948834 0.115901 0.293737 0.98119 0.182767 -0.0621504 0.954692 0.290512 -0.0645417 0.968148 -0.0536552 -0.244564 0.951411 0.233641 -0.200573 0.143375 -0.486163 -0.862026 0.112499 -0.113439 -0.987155 0.206727 -0.195325 -0.958703 0.266211 -0.722756 -0.637774 0.156015 -0.764801 -0.625091 0.414798 -0.868338 -0.271904 0.295309 -0.931146 -0.213915 0.647152 -0.762173 0.0169224 0.779001 -0.601547 0.176911 0.540898 -0.834538 0.104761 0.834391 -0.494652 0.24313 0.851517 -0.447806 0.272742 0.879648 -0.34979 0.322284 0.946228 -0.12182 0.299687 0.991131 0.0702869 0.112782 0.98064 0.0722732 -0.181992 0.927074 -0.18292 -0.327223 0.111923 -0.168683 -0.979295 0.222515 -0.757295 -0.613996 0.388828 -0.901256 -0.191179 0.625603 -0.773505 0.101542 0.779872 -0.587886 0.21492 0.930777 -0.357984 0.0741793 0.978486 -0.11902 -0.168521 0.921681 -0.0785734 -0.379908 0.8662 -0.135646 -0.480934 0.845897 -0.513343 0.144694 0.798681 -0.582153 0.152337 0.743179 -0.658225 0.120104 0.545468 -0.838131 0.000411247 0.302796 -0.904538 -0.30021 0.0318021 -0.731773 -0.680806 -0.0882415 -0.165481 -0.982257 0.858309 -0.243187 -0.451846 0.0899409 -0.900824 -0.424767 0.375149 -0.909599 -0.178587 0.649811 -0.0801706 -0.755856 0.896745 -0.175786 -0.406138 0.639321 -0.766608 -0.0598352 0.871726 -0.477926 -0.108079 0.767166 -0.640591 -0.0331503 -0.223505 -0.636292 -0.738361 -0.292367 -0.0652236 -0.95408 0.625316 -0.309227 -0.716491 0.724657 -0.274677 -0.632001 0.550407 -0.220225 -0.805328 0.672902 -0.712529 -0.198759 0.826886 -0.49355 -0.269568 0.841813 -0.214031 -0.495522 0.603566 -0.0843338 -0.79284 0.422458 -0.141626 -0.895249 0.475586 -0.242191 -0.845672 0.606947 -0.196753 -0.770002 -0.54088 0.0235633 -0.84077 -0.415832 -0.487158 -0.767959 -0.162363 -0.805818 -0.569469 0.168907 -0.925371 -0.339352 0.434733 -0.864656 -0.251749 0.381209 -0.880769 -0.280937 0.616135 -0.745897 -0.253014 0.796158 -0.516916 -0.314531 0.820051 -0.254776 -0.512451 0.626069 -0.110858 -0.771847 0.398174 -0.117369 -0.90977 0.378064 -0.17318 -0.909437 0.471441 -0.135216 -0.87147 -0.592732 -0.458677 -0.66203 -0.661664 0.0703643 -0.746492 -0.244112 -0.808011 -0.536216 0.108436 -0.92089 -0.374437 0.356024 -0.903185 -0.239799 0.565342 -0.796428 -0.214689 0.769854 -0.566452 -0.294035 0.823636 -0.29487 -0.484433 0.63608 -0.0999529 -0.765122 0.323752 -0.127674 -0.937488 0.153172 -0.231874 -0.960611 0.217807 -0.279544 -0.935102 -0.636652 -0.0273485 -0.770666 -0.589874 -0.487991 -0.643361 -0.255785 -0.854126 -0.452816 0.095007 -0.938407 -0.332215 -0.849902 0.479795 -0.217863 0.0522873 0.973875 -0.220982 0.127055 0.926942 -0.353038 -0.830092 0.462719 -0.311187 -0.866011 -0.471305 0.167025 -0.908905 -0.357865 0.214065 -0.386367 -0.626448 0.676967 -0.265127 -0.773012 0.576334 -0.10482 0.993429 0.0459554 -0.0597845 0.986718 -0.151038 -0.680368 0.630152 -0.374175 -0.771906 0.560915 -0.299224 -0.881169 -0.462616 -0.0976099 -0.827538 -0.518941 -0.2142 -0.0701497 -0.996412 0.0473608 0.00609266 -0.999636 0.0262812 -0.815598 0.473011 -0.333255 -0.994062 -0.0906475 0.0601962 -0.0361308 0.86305 -0.503825 -0.864935 -0.46378 -0.191821 0.0876022 -0.904252 -0.417917 -0.960834 0.248063 0.123544 -0.736588 -0.294193 0.609007 -0.705455 -0.39735 0.586896 0.919587 0.387193 -0.0666395 0.699302 -0.292677 0.652163 0.724244 -0.0446495 0.688096 0.949804 0.312198 0.0201014 0.451872 0.272565 -0.849423 0.2926 0.581162 -0.759365 -0.267709 0.947218 0.176382 -0.310941 0.946722 0.0838657 -0.774386 0.629273 -0.0658943 -0.804814 0.591101 0.05361 -0.942878 -0.158907 0.292797 -0.911405 -0.263381 0.316183 -0.209934 -0.741759 0.636962 -0.185834 -0.69601 0.693568 -0.223556 -0.663269 0.714211 -0.160169 -0.160472 0.973958 -0.694871 0.502649 -0.514294 -0.871139 -0.477208 -0.115709 0.672143 -0.325686 0.664945 0.892921 0.450154 0.00725468 -0.29018 -0.810006 0.509594 0.285439 0.71007 -0.64368 -0.353645 0.884185 0.305209 -0.559711 0.809447 0.177538 -0.82929 0.540099 -0.143428 -0.227933 0.944031 0.238438 -0.821428 0.567231 0.0591949 -0.718504 0.618484 -0.318165 -0.711773 -0.609595 0.348961 -0.885222 -0.344588 0.312476 -0.212911 -0.977069 -0.00213363 -0.164863 -0.790556 0.589781 0.0288196 0.81346 -0.580906 -0.175853 -0.752347 0.634862 0.742449 0.486101 0.460951 0.627462 -0.455431 0.631564 0.458697 -0.681145 -0.570647 -0.224029 -0.974578 -0.0029305 0.000357497 -0.994499 0.104744 0.656121 -0.65675 -0.371733 -0.814365 -0.494873 0.303167 -0.892956 0.388344 -0.227636 -0.921241 0.285514 -0.264193 -0.776086 -0.549729 0.309011 0.00347003 -0.855436 0.517897 -0.0850977 -0.889205 0.449526 0.126437 0.949702 0.286496 0.00619593 0.906639 0.421862 -0.518865 0.710806 0.474904 -0.540078 0.775864 0.326114 -0.835698 -0.305684 0.456254 -0.945164 -0.0701583 0.318973 -0.96829 0.13895 -0.207624 -0.852763 -0.431963 0.293604 -0.268467 -0.705647 -0.655735 -0.812291 -0.580851 -0.0528758 -0.959413 0.177433 0.219189 -0.608691 0.690185 0.391332 -0.111733 0.627913 0.770221 -0.282786 -0.762858 0.581446 0.735523 -0.649318 -0.19337 0.781717 -0.606783 0.14399 0.691741 -0.141959 -0.708055 0.534981 -0.132563 -0.834399 0.0583638 -0.146689 -0.987459 -0.108375 0.154487 -0.982033 0.835648 -0.48093 0.265327 0.164072 -0.856549 0.48929 0.118276 -0.827055 0.549536 0.869011 -0.404169 0.285425 0.792071 0.585622 -0.172254 0.83312 0.532849 -0.148269 0.0310945 0.994735 -0.0976475 0.0721255 0.97508 -0.209801 -0.429022 0.888184 0.164526 -0.502189 0.768954 0.39562 -0.923858 0.0994209 -0.369597 -0.845292 -0.485442 0.223221 0.665552 -0.681657 -0.303946 0.493978 0.0224041 -0.869186 -0.0146164 -0.741297 0.671017 -0.173811 0.279499 -0.944283 -0.370845 0.672058 0.640946 -0.642119 0.37938 0.666148 0.800087 -0.544616 0.251504 0.181577 -0.853983 0.48759 -0.685631 -0.587206 0.430232 0.914239 0.385357 -0.125168 -0.0522219 -0.98902 0.138251 0.0608205 0.992393 -0.10704 0.631272 -0.762248 -0.143085 -0.60195 0.705642 0.3738 -0.465874 -0.399856 -0.789352 0.696123 0.433866 -0.57199 0.794282 -0.567379 -0.21725 0.392763 0.772982 -0.498233 0.280753 0.951397 0.126579 -0.455408 0.831086 -0.319215 -0.453751 0.770937 -0.446951 -0.811168 0.512551 -0.281598 -0.962451 0.214263 -0.166669 -0.700724 0.571811 -0.426635 -0.970154 -0.110348 0.215926 -0.973195 0.102797 0.205727 -0.920744 -0.382092 -0.0789736 -0.811193 -0.000990665 -0.584777 -0.923882 0.227312 0.307848 -0.960207 -0.180709 0.212948 -0.875553 -0.434012 0.212228 -0.740481 -0.453475 0.496033 -0.381091 -0.84199 0.381867 -0.401687 0.844319 -0.354645 -0.878834 0.187251 -0.438847 -0.919541 -0.378084 0.107221 -0.976974 -0.0504327 0.207311 -0.966447 0.00673839 0.256779 -0.915395 -0.245416 0.319098 -0.723001 -0.452957 0.521632 0.186169 0.962958 0.195074 0.64098 -0.735374 -0.219931 0.496275 -0.866948 -0.0459463 0.207749 -0.753953 -0.623214 0.615825 -0.776696 -0.132299 0.578453 -0.702035 0.415377 0.994849 0.0366998 0.0944906 0.353731 0.935018 -0.0248248 0.786792 0.147904 0.599236 -0.584112 0.17002 -0.793667 -0.876324 -0.379207 -0.297082 -0.895058 -0.329428 -0.300578 -0.956974 -0.281359 0.0709839 -0.835501 -0.281631 0.471828 -0.551684 -0.160506 0.818464 0.442489 0.87915 0.176915 -0.150541 0.948565 -0.278499 0.81576 -0.493531 -0.301601 0.759726 -0.584131 -0.285671 0.767255 -0.53759 -0.349737 0.835708 -0.36711 -0.408439 0.783181 -0.599268 -0.16585 0.619463 -0.647775 -0.443456 0.707993 -0.610982 -0.354184 0.8334 -0.530717 -0.154219 0.992755 -0.117753 0.0238957 0.990317 -0.136666 -0.0243677 0.848552 0.366976 -0.381167 0.828379 0.38857 -0.403486 0.693758 -0.651398 -0.307215 0.394049 -0.734043 -0.553088 0.26029 -0.798848 -0.542302 0.617668 -0.734798 -0.280284 -0.784996 -0.616876 0.0569725 -0.950338 -0.28517 0.124647 -0.929754 0.0977788 -0.35496 -0.950216 -0.307492 -0.0503805 -0.395727 -0.916567 0.05749 -0.316948 -0.944848 0.0824965 0.2252 -0.935316 -0.27289 0.372396 -0.887302 -0.27206 -0.649422 0.620263 -0.439914 -0.620911 0.551326 -0.557234 -0.902103 0.199203 -0.38279 -0.880592 0.419391 -0.220609 -0.944002 0.31189 0.107634 -0.901837 -0.132988 -0.411101 -0.975136 -0.077245 0.207708 -0.857234 -0.246692 -0.451988 -0.898081 0.162435 -0.408736 -0.946467 -0.291827 0.137976 -0.308377 -0.937966 0.158503 0.295839 -0.950758 -0.0924046 -0.568799 0.557298 -0.604886 -0.860373 0.20779 -0.465384 -0.853456 -0.140795 -0.501786 -0.843284 -0.218335 -0.491124 -0.721009 -0.681659 -0.124449 -0.286062 -0.939699 -0.187443 0.495918 -0.834665 -0.239582 0.138469 -0.97027 0.1985 -0.983333 -0.0709053 -0.16742 -0.635588 0.513286 -0.576685 -0.825921 -0.479174 -0.297063 -0.601356 -0.723168 -0.339704 -0.0578174 -0.996969 0.0520481 -0.681299 -0.72749 -0.0811845 -0.811616 -0.42696 0.398728 -0.116982 -0.95229 0.281886 0.404002 -0.88833 -0.218296 0.475076 -0.874587 0.096961 -0.793669 0.319232 -0.517862 -0.960538 -0.105817 -0.257234 0.724932 -0.15274 0.671673 0.547033 -0.140615 0.825217 0.344809 -0.0609436 0.936693 0.675498 -0.196681 0.710647 -0.623802 -0.748713 -0.224274 0.731338 -0.326161 0.598969 -0.383582 -0.793536 -0.472404 0.833364 -0.193727 0.517662 0.963557 -0.236799 0.124432 0.894587 -0.2151 0.391721 -0.680601 -0.503268 -0.53245 -0.989325 0.0513244 -0.13639 -0.753873 0.578996 -0.310546 -0.622859 0.776779 -0.0930648 -0.168231 0.956181 -0.239615 -0.552754 0.60912 -0.568714 -0.826237 0.315452 -0.466714 -0.774102 0.535198 -0.338127 -0.87123 0.276525 -0.405576 -0.735241 0.491027 -0.467241 -0.80386 -0.58802 -0.089677 -0.767529 -0.640171 0.0328558 -0.94378 0.0146563 0.330249 -0.981575 0.0285572 0.188932 -0.995467 0.0948851 -0.0065535 -0.962296 0.243714 0.120787 -0.946691 0.0515442 0.317994 -0.893112 0.264629 0.363762 -0.563418 0.709134 -0.423897 -0.660903 0.685158 -0.306212 -0.438531 0.898024 0.0352597 -0.900695 -0.317919 0.296101 -0.790965 -0.073284 0.607457 -0.903637 -0.393609 0.168856 -0.394471 -0.918905 -0.00237687 -0.221241 0.662716 -0.715444 -0.61794 0.785916 0.0220767 -0.360387 0.92362 0.130567 -0.479509 0.87571 -0.0565894 -0.696983 0.717082 0.00280946 -0.55177 0.833613 -0.0252808 -0.210166 0.954361 -0.212193 0.37572 0.856596 -0.353664 -0.419412 0.819544 -0.390438 0.984061 -0.074181 0.161619 0.965603 -0.167961 0.198492 0.946696 -0.302925 -0.109556 0.972758 -0.231796 0.00359892 0.94149 -0.333421 -0.0492685 0.877922 -0.344188 0.332848 0.835069 -0.478258 0.271899 0.982558 -0.145282 -0.116075 0.976612 -0.166602 -0.135914 -0.0412681 0.998066 0.0464862 0.914048 -0.351336 -0.202678 -0.547315 -0.82836 0.119442 -0.873669 0.365126 0.321536 0.487402 -0.680196 0.547515 -0.768309 -0.611176 0.190175 0.472245 0.731207 -0.492261 -0.152344 0.529341 -0.834619 -0.762226 0.64711 0.0160945 -0.800304 0.595554 0.0694875 -0.697454 0.0733839 -0.712862 -0.621311 0.782965 -0.0306374 -0.890409 -0.122106 -0.438477 -0.557723 0.717 -0.418158 -0.577748 -0.798242 0.170342 -0.768456 -0.194057 0.609769 0.995322 -0.0206002 0.0943938 0.975129 -0.21739 -0.0431788 -0.748296 0.326276 0.577579 0.952934 -0.302343 -0.0224675 -0.563453 0.503786 0.654768 0.95197 -0.231617 -0.200266 -0.903667 -0.365162 0.223702 -0.994432 -0.10199 0.0265043 -0.989136 0.0980744 -0.109506 -0.904979 0.334037 -0.263499 -0.787746 0.504154 -0.353956 -0.655195 0.660186 -0.367252 -0.0581443 -0.989119 0.135139 -0.691503 -0.698483 0.184245 -0.800839 -0.516417 0.303266 -0.642776 -0.656051 0.39552 -0.453761 0.839628 -0.298538 -0.0783523 0.993319 -0.0847206 -0.478113 -0.44701 0.756035 -0.764925 -0.460015 0.45086 -0.85806 0.496802 -0.13008 -0.948093 0.294125 0.120876 -0.958922 -0.282911 -0.0207172 -0.91829 -0.385826 0.0887814 -0.91222 -0.348438 0.215514 -0.918493 -0.361926 0.159312 -0.99013 -0.10722 0.0902538 -0.980021 0.19319 0.0472985 0.533645 -0.832599 -0.148334 -0.589806 0.727407 -0.350725 -0.98345 -0.152753 0.097426 -0.585163 0.724629 -0.364002 -0.917561 0.348084 -0.192144 -0.796461 0.430752 -0.424385 -0.822537 0.478504 -0.307355 -0.996325 0.00899487 -0.0851782 0.128655 -0.0646094 -0.989583 -0.0564138 -0.277195 -0.959156 0.82745 -0.327019 -0.456491 0.745815 -0.623489 -0.234565 -0.920249 -0.336266 0.200165 -0.966558 -0.243395 -0.0807792 -0.761455 -0.624633 0.173266 0.656609 -0.0331502 -0.753502 -0.299549 0.910329 -0.285608 0.0367802 0.990274 -0.134181 -0.559932 0.752148 -0.347489 0.578205 -0.798184 -0.169061 0.400412 -0.899698 -0.173819 0.129862 -0.968664 -0.211722 -0.54017 -0.576428 -0.613145 -0.585103 -0.110845 -0.803348 -0.990826 -0.109663 0.0789792 -0.997897 -0.0485849 0.0429073 -0.190794 -0.913802 -0.358558 -0.357484 -0.528046 0.770307 -0.676015 -0.517023 0.525062 -0.0224786 -0.398072 -0.917079 -0.942051 0.324015 -0.0869123 -0.933326 0.322739 -0.157294 -0.970929 -0.198757 0.13339 -0.990086 0.11857 -0.0753132 0.894607 -0.362047 -0.261917 0.825473 -0.500766 -0.260438 0.851615 -0.475571 -0.220417 0.94865 -0.254394 -0.188005 0.950008 -0.0889086 -0.299298 0.90797 -0.221907 -0.355453 0.790846 -0.288967 -0.5395 0.823649 -0.203304 -0.529404 0.710917 -0.311038 -0.630756 0.589301 -0.490228 -0.642185 0.544624 -0.409595 -0.731859 0.360373 -0.700908 -0.615515 0.171676 -0.782133 -0.598996 0.077577 -0.95832 -0.274964 0.466681 -0.725455 -0.50589 0.660277 -0.647661 -0.380224 0.187616 -0.508569 -0.840332 0.40809 -0.621631 -0.668609 0.0699883 -0.344396 -0.936212 0.141746 -0.41812 -0.897265 -0.0119077 -0.228838 -0.973392 -0.0802343 -0.154147 -0.984785 0.0576918 -0.0728034 -0.995676 -0.0914558 0.101566 -0.990616 0.260042 0.19943 -0.944778 0.225149 0.172743 -0.958889 -0.208141 -0.0557441 -0.976509 -0.0556178 -0.267421 -0.961973 -0.0167463 -0.458027 -0.88878 0.169059 -0.546956 -0.819914 0.436926 -0.640857 -0.631188 0.270106 -0.620856 -0.735921 0.484808 -0.625825 -0.610986 0.612236 -0.600403 -0.514474 0.777032 -0.456375 -0.433524 0.671956 -0.502238 -0.544272 0.758326 -0.534232 -0.373548 0.599991 -0.645097 -0.473139 0.363499 -0.630867 -0.685475 0.0957398 -0.439262 -0.893243 0.846764 -0.400879 -0.349697 -0.189741 0.0316925 -0.981323 0.628512 -0.438486 -0.642419 0.559689 -0.451061 -0.695192 0.30241 -0.70893 -0.637155 0.403378 -0.596044 -0.694274 0.420305 -0.592395 -0.687322 0.32834 -0.735393 -0.592781 0.156221 -0.602494 -0.782685 -0.12657 -0.443217 -0.887434 0.510706 0.488372 -0.707582 0.304124 0.555189 -0.774128 0.578337 -0.460509 -0.673393 0.511136 -0.152985 -0.845775 0.150683 -0.988413 0.0182609 0.119404 -0.897373 -0.42481 -0.242061 -0.700736 -0.6711 -0.233606 -0.969048 0.0798412 0.0455031 -0.538281 -0.841536 -0.486437 -0.76695 -0.41853 0.0626918 -0.55766 -0.827699 -0.195018 -0.636329 -0.74636 0.237263 -0.643024 -0.728166 0.156383 -0.686153 -0.710449 0.0309668 -0.980586 0.193627 0.242501 -0.91231 0.329975 -0.288096 -0.539485 0.791174 -0.0113519 -0.991027 0.133178 -0.0966496 -0.994812 0.0317393 -0.15199 -0.974574 -0.164633 -0.168939 -0.980147 -0.103786 -0.042811 -0.998801 0.0237283 -0.0954468 -0.942354 -0.320715 -0.20717 -0.977869 -0.0292179 -0.183095 -0.958761 -0.217379 0.0118573 -0.937293 -0.348339 0.174068 -0.956063 -0.235891 0.0572794 -0.950808 -0.30444 0.111957 -0.673898 -0.730292 0.14744 -0.829023 -0.539427 -0.0796683 -0.992846 -0.0889321 -0.0415547 -0.999127 0.00427828 -0.0876973 -0.977173 -0.193498 -0.0851716 -0.934166 -0.346524 0.0387591 -0.874721 -0.483074 0.552737 -0.19971 -0.809072 0.129652 -0.858811 -0.495615 0.0746584 -0.938921 -0.335938 0.538027 -0.35387 -0.765051 0.375605 0.125297 -0.918271 0.346382 0.185255 -0.919619 0.335451 -0.930218 0.148882 -0.587666 -0.805696 0.0741722 -0.505015 -0.860858 0.062318 0.446597 -0.878635 0.168975 0.93917 -0.277847 0.201892 0.970767 -0.194622 0.140475 0.651648 0.744282 0.146286 0.688731 0.677099 0.259205 -0.0584494 0.928739 0.366098 -0.0309661 0.774078 0.632333 0.994191 -0.105642 0.0206007 0.360409 -0.923789 0.129303 0.483823 -0.875019 -0.0160262 0.997171 0.00921581 -0.074597 0.581494 0.808935 -0.0865394 0.737251 0.67409 -0.0454376 0.290032 0.804405 0.518473 -0.236701 0.946262 0.220366 0.0537623 -0.621705 -0.781404 -0.0829366 -0.752054 -0.653862 -0.296096 -0.797196 -0.526123 -0.110284 -0.817632 -0.56508 0.0728078 -0.840023 -0.537643 0.127911 -0.52403 -0.84204 -0.469409 -0.880861 -0.0611486 0.247733 -0.652124 -0.716493 0.996217 -0.0850803 0.0176839 0.320137 -0.935127 0.151824 0.971684 -0.235901 0.0134265 0.398397 -0.907984 0.129789 0.978381 -0.20175 0.0454638 0.668068 0.742114 0.054335 0.642948 0.764764 -0.0418879 0.13003 0.955079 0.266299 -0.346368 0.924883 0.15691 0.0683324 0.434011 0.898312 0.151701 0.694895 0.702928 0.434541 0.732104 0.524594 0.105153 0.797364 0.594268 0.0366996 -0.704906 -0.708351 0.176275 -0.473786 -0.862818 0.0088005 0.52007 0.854078 -0.328824 0.723623 0.606832 0.159683 -0.266118 -0.950622 -0.312913 -0.948784 -0.0435286 -0.430506 -0.901951 0.0338952 0.568291 -0.279883 -0.773764 0.108946 -0.680778 -0.724343 0.182779 -0.751925 -0.633404 0.510012 -0.36728 -0.777813 0.594715 -0.14612 -0.790546 0.481794 -0.107075 -0.869718 0.189604 -0.453075 -0.871076 -0.176325 -0.778193 -0.602765 0.443811 -0.860762 -0.249241 0.592685 -0.775406 -0.217877 0.986593 -0.162862 0.0104883 0.970983 -0.227722 -0.0730411 0.683804 0.729624 -0.00778936 0.522978 0.851682 -0.0336438 -0.265518 0.951534 0.155187 -0.298423 0.952965 -0.052931 -0.135972 0.187216 0.972863 -0.270314 0.0601735 0.96089 -0.0490423 -0.302451 0.951902 -0.012511 0.280071 0.959898 -0.111666 0.279008 0.953774 -0.26314 -0.415994 0.870463 0.311002 -0.307037 0.899448 -0.0101136 0.285715 0.958261 0.137945 -0.0129308 0.990355 0.252435 -0.00317028 0.967609 0.579166 0.485226 0.655074 0.482541 0.364593 0.796383 0.220603 0.913463 0.341935 0.289258 0.956643 -0.0341112 -0.487243 0.159201 0.858632 -0.496561 -0.828797 0.25792 0.73459 -0.524786 -0.43009 0.804196 -0.583634 -0.11243 0.995272 0.0172044 0.0955951 -0.196523 0.081435 0.977112 -0.30649 -0.00441156 0.951864 0.526507 0.849742 0.0269963 -0.216642 0.134228 0.966979 -0.145793 0.987497 0.0599526 -0.0513686 0.126633 0.990619 -0.085749 0.496015 0.86407 0.271982 0.596611 0.755037 0.159102 0.76112 0.628794 0.129822 0.401203 0.906743 0.52281 0.198464 0.829024 0.00279834 0.0112851 0.999932 0.0525742 0.702438 0.709801 -0.231218 0.906805 0.352483 0.308548 0.938966 0.152121 0.418294 0.853326 0.311232 0.00225347 0.971395 0.237457 -0.344184 0.872417 -0.347025 -0.313222 0.941637 -0.123339 -0.487429 0.002109 0.87316 0.243338 -0.325782 -0.913593 0.382822 0.0930595 -0.919123 0.248332 0.311062 -0.917372 0.172768 -0.384346 -0.906879 0.386598 -0.463933 -0.797062 0.378984 0.0993095 -0.920059 -0.655154 -0.439357 0.614604 -0.212319 0.228232 0.950174 0.0841872 -0.562819 0.822281 0.180829 -0.425932 0.8865 0.934759 0.0975988 0.341614 0.903794 0.157071 0.398103 0.663172 0.634037 -0.397743 0.931761 -0.00393728 -0.363051 0.780661 0.169819 -0.60144 0.738746 0.617188 -0.270803 0.978955 0.140881 -0.147644 0.816456 -0.474028 -0.329693 0.929082 -0.352092 -0.113306 0.923495 0.37928 0.0574828 0.542732 -0.00347653 -0.839898 0.490329 -0.175751 -0.853633 0.512468 0.852169 -0.105757 0.536103 0.762751 -0.361668 0.539205 -0.0167821 -0.842008 -0.353764 0.169031 0.919935 0.0453736 0.0598876 0.997173 0.288171 0.325277 0.90064 -0.186906 0.074488 0.97955 0.158177 -0.305438 0.938982 -0.585098 -0.153163 0.796367 -0.0205493 0.515271 0.856781 0.100647 0.773324 0.625971 0.98346 0.0506364 0.173901 -0.178217 0.869035 0.461537 -0.27331 0.939883 0.204748 0.730149 0.0682626 -0.67987 -0.255669 0.826221 0.501988 -0.418198 0.870006 0.26115 -0.646996 0.726006 -0.233049 -0.67221 0.737388 -0.0662783 0.715869 -0.0386472 -0.697164 0.620444 -0.256384 -0.741159 0.516029 -0.361926 -0.776353 0.49739 -0.41499 -0.761831 0.583342 -0.339323 -0.737951 0.554859 -0.479895 -0.679583 0.41907 -0.537833 -0.731516 0.723147 -0.332378 -0.605461 0.60984 -0.312245 -0.728422 0.635285 -0.44148 -0.633647 0.861327 -0.0858098 -0.500751 0.431737 -0.580702 -0.690209 0.725465 -0.503835 -0.468882 0.862502 -0.380964 -0.333102 0.542761 -0.57158 -0.615392 0.934803 0.134131 -0.328866 0.919375 0.223924 -0.323431 0.510357 0.672218 -0.536337 0.57894 0.669104 -0.46597 0.25887 -0.408571 -0.875246 0.308903 -0.364675 -0.878403 0.171335 -0.487238 -0.856296 -0.43561 -0.214037 0.874318 -0.479759 -0.465227 0.743906 -0.0380666 0.439758 0.897309 -0.0728806 0.426764 0.901422 -0.142612 0.886401 0.440404 -0.50411 -0.133257 0.853297 0.405788 -0.70502 -0.58162 -0.302843 -0.752096 -0.585352 0.327057 -0.779589 -0.534111 0.488364 -0.689483 -0.534896 0.184636 -0.893078 -0.41027 0.445165 -0.718916 -0.533842 0.394656 -0.845342 -0.360062 -0.0226358 -0.99284 0.117287 -0.906072 -0.352518 0.234017 -0.749464 -0.661465 0.0277278 -0.54465 0.266281 0.795267 -0.382413 -0.504937 0.773821 -0.587077 -0.0726947 0.80626 -0.296277 0.305693 0.90486 -0.583008 0.173949 0.793627 -0.412082 0.591937 0.692675 0.489726 -0.580471 -0.650555 0.401625 -0.544866 -0.736083 0.423431 -0.577827 -0.697726 0.495919 -0.591075 -0.636156 0.524289 -0.597639 -0.606588 0.541519 -0.556851 -0.629821 0.538279 -0.660019 -0.524052 0.536185 -0.604546 -0.589092 -0.906674 -0.419444 0.0448294 -0.882069 0.180261 0.435271 0.660574 -0.178367 -0.729265 0.555771 -0.248296 -0.79339 0.367994 -0.486429 -0.792444 0.586297 -0.324924 -0.742079 0.205969 -0.410978 -0.888073 0.0337125 -0.747006 -0.663962 0.36095 -0.80514 -0.470601 0.651383 -0.670128 -0.355851 0.0423093 -0.967586 -0.248974 0.852637 -0.0435114 -0.52069 0.938119 -0.0571964 -0.341558 0.946131 -0.0639801 -0.317399 0.878577 -0.0953032 -0.467996 -0.991487 0.125499 0.0346873 -0.996741 0.0274521 0.0758466 -0.887925 0.188126 0.41976 0.908596 0.0147657 -0.417415 0.796996 -0.0106406 -0.603891 -0.970946 -0.19061 0.144677 -0.898082 -0.394052 0.195373 -0.966761 -0.0297531 0.253943 0.762634 0.0696956 -0.643064 0.770239 0.284861 -0.570601 0.847696 0.416954 -0.327965 0.520323 0.703002 -0.484823 0.702458 -0.0703647 -0.708238 0.711398 -0.129926 -0.690675 -0.477168 0.0779596 0.875348 -0.61142 0.279153 0.740432 -0.388908 0.0665615 0.918869 -0.146058 0.225762 0.963171 0.609463 -0.203025 -0.766378 0.581032 -0.272683 -0.766841 0.583939 -0.349638 -0.732645 0.640383 -0.200709 -0.741368 0.62704 -0.213746 -0.749088 0.54441 -0.332194 -0.770237 0.540273 -0.0749066 -0.838149 0.324286 0.182149 -0.928257 0.597552 -0.320781 -0.734869 0.869885 0.41066 0.273238 0.888911 -0.437833 0.134684 0.290088 -0.955531 0.053 0.962864 -0.269007 -0.0229961 0.903995 -0.425481 -0.0419384 0.854627 0.519243 0.000892 0.945306 0.205979 -0.252922 0.889166 -0.339416 -0.30689 0.349398 0.906912 -0.235441 0.864622 0.0210022 -0.501984 0.834348 -0.14354 -0.532221 0.759043 0.194833 -0.621204 0.0484015 -0.49511 -0.867481 0.602558 -0.227178 -0.765058 0.556768 -0.294838 -0.776582 0.611711 -0.21367 -0.761679 0.704331 -0.704885 -0.0839914 0.626411 -0.274571 -0.729534 0.649692 -0.43352 -0.624469 0.604772 -0.305623 -0.735422 0.971789 -0.0956836 -0.215572 0.959102 -0.256597 0.119506 0.781966 0.623189 0.0128345 0.839383 0.479655 0.255671 0.878192 0.347659 -0.328499 0.607911 0.162893 0.777117 0.527511 -0.376391 -0.761618 -0.0201969 -0.877342 -0.47944 0.913887 0.289434 -0.284674 0.921479 -0.0480332 -0.385446 0.74521 0.394857 -0.537355 0.967605 0.205893 -0.146114 0.986944 0.10151 -0.125048 0.934067 0.20502 -0.292378 0.93591 -0.247177 -0.250949 0.875461 0.481448 0.0421433 0.837266 -0.546142 0.0267211 0.993387 -0.0806384 0.0817253 0.884955 -0.440919 0.14982 0.926556 -0.371732 -0.0575291 -0.756864 0.52585 -0.388122 -0.901767 0.245196 0.355943 -0.486348 0.245599 0.838538 0.84204 0.310756 0.440908 -0.560508 -0.827402 -0.0351719 0.256219 -0.961948 -0.0949162 -0.474653 -0.856466 -0.202908 0.576729 -0.297027 -0.761024 0.578751 -0.328406 -0.746457 0.475945 -0.0864217 -0.875219 0.312037 0.122013 -0.942203 0.556493 -0.290894 -0.778265 0.551688 -0.426824 -0.716562 0.589755 -0.33196 -0.736201 0.543993 -0.412112 -0.730914 0.555285 -0.397959 -0.730265 0.559096 -0.305969 -0.770581 0.498196 -0.370896 -0.783733 0.556089 -0.352723 -0.752564 0.564962 -0.34738 -0.748429 0.5846 -0.325139 -0.743322 0.535364 -0.269208 -0.80057 0.984751 0.173912 -0.00448312 0.996549 -0.0785396 -0.0268819 0.962704 0.194425 0.18815 0.999141 0.0284032 0.0301807 0.441157 -0.178579 -0.879483 0.516613 -0.297487 -0.802878 0.515502 -0.444988 -0.732286 0.500362 -0.494684 -0.710581 0.52977 -0.465454 -0.709011 0.571132 -0.420848 -0.704766 0.319469 -0.0586608 -0.945779 0.206381 -0.963273 -0.171793 -0.355438 -0.892436 -0.277887 0.72899 -0.682018 -0.0585217 0.535742 -0.411184 -0.737501 0.387062 -0.404352 -0.828663 0.856389 0.469912 -0.213966 0.591294 0.663908 -0.457818 0.961624 -0.274118 0.0117788 0.995978 0.0873888 0.0197503 0.999379 -0.0155867 0.0316077 0.992383 0.116807 -0.03914 0.972022 0.216154 -0.0919222 0.993265 -0.108626 -0.0403212 0.991269 -0.125374 -0.0408357 0.950316 -0.308476 -0.0417463 0.995024 -0.0918905 -0.0385087 0.985666 0.153942 -0.0690234 0.867688 0.443718 -0.224126 0.689343 -0.720477 -0.0756242 0.220424 -0.962043 -0.160894 -0.203667 -0.94302 -0.263122 0.461426 -0.262694 -0.847395 0.372485 -0.208461 -0.904322 0.536875 -0.367313 -0.759504 0.543233 -0.48003 -0.688817 0.488297 -0.527184 -0.695445 0.439133 -0.548438 -0.711602 0.407093 -0.576284 -0.708641 0.373139 -0.558654 -0.740725 0.247309 -0.523218 -0.815525 0.435827 0.77313 -0.460788 0.99473 -0.0252081 -0.0993868 0.94345 -0.328272 -0.0462597 0.507046 -0.615094 -0.603791 0.402895 -0.635416 -0.658728 0.505413 -0.7599 -0.408791 0.0903684 -0.757028 -0.647103 0.158893 -0.884029 -0.439597 0.0223677 -0.779545 -0.625947 -0.441255 -0.880835 -0.171532 -0.0279689 -0.998624 -0.0443508 0.767245 -0.612659 0.189694 0.851477 -0.524165 0.0154317 0.885704 -0.0123266 -0.464087 0.855724 -0.0273396 -0.51671 0.94666 -0.304646 -0.105005 0.902521 0.157395 -0.400854 0.981605 -0.0742246 -0.175905 0.879695 0.329946 -0.34245 0.874992 0.398617 -0.274762 0.990174 0.0244969 -0.137679 0.10389 -0.932555 -0.345757 0.42211 0.343575 -0.838915 0.296013 0.294967 -0.908499 0.387991 0.813595 -0.433044 0.413638 0.752146 -0.513011 0.58216 0.429181 -0.690575 0.161866 -0.651379 -0.741286 0.109427 -0.587077 -0.802101 -0.35366 -0.654579 -0.66817 0.253738 -0.941585 0.221437 0.495033 -0.850718 0.176695 0.696077 -0.710118 0.105868 0.868975 -0.49433 -0.0227996 0.922844 -0.38061 -0.0591226 0.219223 -0.683509 -0.696245 0.180729 -0.665636 -0.724062 0.0574443 -0.585177 -0.808868 0.153861 -0.62807 -0.762794 0.0314855 -0.585763 -0.809871 0.192761 -0.675357 -0.711854 -0.258385 -0.889355 -0.377206 -0.0914404 -0.988142 -0.123344 0.578048 -0.353051 -0.735673 0.386377 -0.273396 -0.88089 0.340005 -0.251355 -0.90621 0.229284 -0.971301 -0.0632718 -0.15855 -0.970387 -0.182241 0.621042 -0.781889 -0.0543677 0.0602532 -0.995407 0.074391 0.214345 -0.968605 0.125937 -0.10569 -0.990399 -0.0891058 -0.0663645 -0.996888 0.0425412 0.339964 -0.221729 -0.913926 0.245581 -0.218525 -0.944424 0.523985 -0.851653 0.0112728 0.498816 -0.8605 0.103549 0.342161 -0.931714 0.121802 0.135185 -0.206289 -0.969108 0.0662482 -0.995727 0.0643356 -0.143611 -0.531292 -0.834928 0.962357 -0.257061 -0.0882511 1 0.000336893 -0.000736963 1 0.000300858 -0.00071603 0.963178 -0.250872 -0.0967022 0.828559 -0.51769 -0.213276 0.848774 -0.494946 -0.18604 0.563715 -0.737175 -0.372558 0.656078 -0.692202 -0.300696 0.442409 -0.772884 -0.454889 0.285091 -0.816575 -0.501925 -0.0028397 -0.787577 -0.616209 -0.00265102 -0.760164 -0.649726 -0.318317 -0.92722 0.197324 -0.551221 -0.826457 0.11456 -0.753295 -0.655076 0.0585083 -0.935965 -0.351387 0.0222886 -1 7.9925e-07 9.95098e-05 -0.840417 0.513034 0.174627 -0.999992 -0.000642575 0.00390756 -0.999996 -0.000738928 0.0027741 -0.818088 0.476519 0.321964 -0.840446 0.534574 0.0887741 -0.999994 -0.000425207 0.00344494 -0.999994 -0.000505824 0.00352118 -0.874216 0.47901 0.0793408 -0.966842 0.25266 0.0371537 -0.966624 0.253441 0.0375081 -0.795489 0.599593 0.0876625 -0.76166 0.641644 0.0903727 -0.748901 0.657036 0.0863219 -0.969012 0.244678 0.0338827 -0.814809 0.569527 0.108282 -0.972836 0.228142 0.0392684 -0.98051 0.193045 0.0365344 -0.807882 0.580402 0.10228 -0.793058 0.596394 0.123991 -0.971406 0.233309 0.0440232 -0.972571 0.226263 0.0539547 -0.762066 0.633066 0.135953 -0.764572 0.631044 0.131199 -0.966618 0.249326 0.0590443 0.966597 -0.240611 -0.0883013 0.766383 -0.592332 -0.248599 -0.41575 0.86688 0.275085 -0.416031 0.77626 0.473645 -0.473923 0.869465 0.139381 -0.450042 0.881502 0.142884 -0.401333 0.904886 0.14182 -0.428059 0.895341 0.123005 -0.46936 0.875069 0.118129 -0.535929 0.82971 0.15608 -0.53232 0.828296 0.174816 -0.483297 0.854931 0.188459 -0.450264 0.872765 0.18853 -0.471999 0.862838 0.180909 0.490203 -0.775641 -0.397594 0.176231 -0.832498 -0.525252 -0.129193 0.967896 0.215607 -0.126712 0.968904 0.212531 -0.152404 0.962837 0.222977 -0.190548 0.954958 0.227478 -0.228389 0.952283 0.202471 -0.28564 0.948929 0.133951 -0.328945 0.935626 0.128062 -0.206467 0.965698 0.157478 -0.163803 0.974723 0.151931 -0.194063 0.967935 0.159506 -0.206731 0.849978 0.484561 -0.141111 0.937909 0.316883 -0.0790204 -0.801498 -0.592754 0.138272 0.96406 0.22687 0.158382 0.957594 0.240686 0.114634 0.962155 0.247217 0.103418 0.960482 0.258415 0.0937451 0.969703 0.225583 0.076937 0.983319 0.164816 0.0833384 0.984322 0.155448 0.109906 0.977435 0.180393 0.121535 0.979517 0.160549 0.0959586 0.981365 0.166479 0.0952675 0.940507 0.326143 0.00203283 0.860921 0.508734 -0.215718 -0.960925 0.173463 -0.480172 -0.869054 0.119077 -0.438597 -0.898673 0.00449628 -0.475322 -0.879783 -0.00711096 -0.196551 -0.980482 0.00483242 -0.14934 -0.988778 0.0040775 -0.138956 -0.989361 0.0430758 -0.423077 -0.905649 0.0283816 -0.137155 -0.988692 0.0606326 -0.425166 -0.904492 0.0335736 -0.456643 -0.889483 0.0172586 -0.108404 -0.993488 0.0350684 -0.0898057 -0.995803 0.0176667 -0.484183 -0.874955 0.00443292 -0.460408 -0.887592 0.0143019 -0.0929204 -0.995153 0.0321935 -0.121598 -0.992563 0.00578562 -0.479084 -0.87775 -0.00582525 -0.474015 -0.880517 0.0002036 -0.430201 -0.902732 0.00143826 -0.0991149 -0.995038 0.0087054 -0.127365 -0.991833 0.00671155 -0.44244 -0.875781 0.193015 -0.20485 -0.949644 0.237093 -0.278201 -0.861018 0.425738 -0.479093 -0.805787 0.348106 -0.724008 -0.686682 0.0654251 -0.723418 -0.690402 -0.00355174 -0.722689 -0.691174 0.000698553 -0.71252 -0.701552 0.0118417 -0.703637 -0.710383 0.0158678 -0.724445 -0.689217 0.0126189 -0.72248 -0.69139 0.00137178 -0.666288 -0.745643 0.00875625 -0.769354 -0.638795 -0.00603402 -0.735188 -0.677863 -0.00111829 -0.709932 -0.70427 8.84007e-05 -0.683505 -0.656895 0.318294 -0.699038 -0.699293 0.149449 -0.922512 -0.38504 0.026769 -0.922576 -0.385806 -0.0024939 -0.924385 -0.381448 0.00315171 -0.927697 -0.373329 0.00189373 -0.91671 -0.3995 0.00661088 -0.927154 -0.374613 0.0071484 -0.959172 -0.282804 -0.00329459 -0.955886 -0.293735 0.00106341 -0.951111 -0.308826 -0.00379186 -0.942504 -0.334194 -0.000804416 -0.934397 -0.356232 0.000407532 -0.876505 -0.442218 0.190217 -0.899717 -0.428001 0.0855798 -1 7.66641e-07 5.53137e-05 -0.999997 -6.15449e-05 0.00248104 -0.999997 3.42231e-05 0.00247787 -0.999997 2.70961e-05 0.00230028 -0.999997 9.48488e-05 0.00230674 -0.999997 1.34943e-05 0.00229118 -0.999998 -1.72374e-05 0.00191303 -0.999998 -3.12863e-05 0.00193626 -0.999998 -5.64424e-05 0.00198833 -0.999997 -3.94074e-05 0.00258337 -0.999997 -3.87083e-05 0.00249437 -0.999996 0.000544875 0.00259508 -0.999981 -0.00512605 0.00336881 -0.985259 0.169949 0.0195509 -0.984125 0.173948 0.0352054 -0.765792 0.634927 0.102128 -0.790623 0.605573 0.0905326 -0.490837 0.859565 0.142221 -0.515706 0.844025 0.147203 -0.253199 0.952756 0.167772 -0.261602 0.947821 0.182206 0.109698 0.971908 0.208235 0.0831925 0.974129 0.210122 -0.478763 -0.877875 0.0110731 -0.100207 -0.994408 0.033345 -0.13401 -0.99018 0.0398233 -0.473136 -0.880907 0.0120378 -0.694914 -0.719062 0.00665326 -0.727929 -0.685635 0.00485703 -0.941799 -0.336129 0.00562795 -0.938444 -0.3454 0.00464361 -0.999998 -3.31543e-05 0.00217933 -0.999998 -5.11191e-05 0.00220215 -0.982437 0.184941 0.0247631 -0.765877 0.635877 0.0953576 -0.985686 0.165648 0.0313708 -0.771561 0.629312 0.0930631 -0.469921 0.871945 0.137428 -0.45013 0.884224 0.124623 -0.219122 0.96174 0.164445 -0.227255 0.961947 0.151702 0.128568 0.97299 0.191731 0.103529 0.978946 0.175918 -0.147556 -0.988131 0.0427255 -0.447583 -0.893987 0.0213827 -0.428107 -0.903174 0.0316355 -0.120944 -0.991376 0.0504627 -0.697409 -0.716532 0.0142367 -0.708174 -0.705878 0.0150555 -0.956665 -0.291083 0.00793694 -0.958589 -0.284773 0.00337402 -0.999998 5.61231e-05 0.00196199 -0.999998 7.18932e-05 0.00198511 -0.756172 0.648777 0.0853896 -0.980713 0.194426 0.0200127 -0.452121 0.883354 0.123581 -0.266758 0.953937 0.137276 0.102911 0.983282 0.150222 -0.109741 -0.992976 0.0442291 -0.429504 -0.902695 0.025856 -0.67679 -0.73607 0.0124538 -0.962097 -0.272689 0.00310807 -0.999998 -1.61502e-05 0.00193729 -0.999996 -0.000376863 0.00278839 -0.814399 0.573516 0.0885045 -0.999995 -0.000452572 0.00299123 -0.81687 0.569128 0.0939006 -0.42452 0.892981 0.149558 -0.401484 0.901863 0.159543 -0.198181 0.964005 0.177253 -0.187703 0.963893 0.188884 0.0988967 0.973942 0.204099 0.0577677 0.973065 0.223175 -0.117889 -0.992885 0.0167634 -0.441777 -0.897121 -0.00261524 -0.0898766 -0.995062 0.0421266 -0.371905 -0.9281 0.0178279 -0.78212 -0.623088 -0.00707748 -0.75018 -0.661223 -0.00369909 -0.957922 -0.287018 -0.0023242 -0.96184 -0.273591 -0.00353875 -0.999998 -2.95009e-05 0.00200201 -0.999998 -2.95292e-05 0.00210091 -0.999995 -0.000536825 0.00316999 -0.808234 0.580394 0.0995019 -0.388217 0.907833 0.158512 -0.181611 0.966246 0.18272 0.0546292 0.978386 0.199439 -0.0711731 -0.996899 0.0335813 -0.361189 -0.932323 0.0177948 -0.706254 -0.707957 0.00138919 -0.941881 -0.335941 -0.00181387 -0.999997 -4.86521e-05 0.00232229 -0.999993 -0.000604749 0.00372315 -0.879883 0.467789 0.0835386 -0.485048 0.861202 0.151856 -0.144877 0.973246 0.178336 0.132166 0.972638 0.19107 -0.145009 -0.989248 0.0189839 -0.472575 -0.881214 0.011614 -0.729633 -0.683816 0.00561902 -0.931459 -0.363838 0.00241602 -0.999995 -3.14755e-05 0.00314011 -0.871347 0.33576 0.357799 -0.644753 0.553212 0.527494 -0.999985 -0.00387898 0.00393566 -0.533914 0.638679 0.554099 -0.482665 0.62908 0.609338 -0.678356 -0.608432 0.411878 -0.820763 -0.49844 0.279115 -0.999982 -0.00597084 -0.000700915 -0.999986 -0.00504864 -0.00140454 -0.999986 0.0051642 0.00143668 -0.999951 0.00983865 0.00145604 -0.999983 -0.00580223 0.000277727 1 0.000219494 -0.000739643 -0.999998 -0.000494465 0.00166621 -0.999998 -0.000304665 0.00175434 -0.999999 -0.000320187 0.00169201 -0.999999 -0.000377987 0.00168616 -0.999998 -0.000232112 0.00180415 -0.999998 -0.000244762 0.00179944 -0.999998 -0.000247135 0.00195525 -0.999998 -0.000295482 0.00184698 -0.999998 -0.000297866 0.00199097 -0.999998 -0.000180441 0.00196045 -0.999998 -0.000215016 0.00218899 -0.999992 -0.00054395 0.00396536 -0.877645 0.469515 0.0964062 -0.448985 0.873543 0.187975 -0.127479 0.964383 0.231763 0.125033 0.959281 0.253274 -0.465776 -0.882122 0.0700977 -0.165881 -0.983124 0.0771453 -0.721571 -0.691305 0.0378504 -0.915341 -0.401842 0.0259788 -0.999995 5.63335e-06 0.00315954 -0.999997 -0.000256882 0.00228307 -0.999997 -0.000352198 0.00246676 -0.628561 -0.77747 0.0212506 -0.770664 -0.637229 0.00403523 0.217813 -0.97467 -0.0507529 -0.598658 -0.779222 0.185533 0.688855 -0.714232 -0.123899 0.994074 -0.108699 -0.000918591 1 1.03268e-05 -8.36221e-05 0.860075 -0.507996 -0.0470337 0.658309 -0.742935 -0.121146 0.569751 -0.810287 -0.137185 0.128742 -0.99154 0.0165723 0.627134 -0.774874 -0.0792038 0.778256 -0.622725 -0.080816 0.256809 -0.964405 0.0630228 0.0253143 -0.984911 -0.1712 0.613774 -0.780407 -0.119362 0.802926 -0.589237 -0.0900496 0.896578 -0.44209 0.0265451 0.988351 -0.12119 0.0920591 0.927215 -0.372552 -0.0384355 0.997884 -0.0461019 0.0458444 0.936265 -0.350828 -0.0180947 0.887076 -0.460156 -0.0367685 0.995119 -0.0808326 -0.0566004 0.749326 -0.658461 -0.0702887 0.863946 -0.502062 -0.0391338 0.932794 -0.358392 -0.0380934 0.657759 -0.748836 -0.0812273 0.876982 -0.475183 -0.0714438 0.813736 -0.577341 -0.0671693 0.857095 -0.510899 -0.0661175 0.740409 -0.666055 -0.0903625 0.901552 -0.427577 -0.0662011 0.930586 -0.359979 -0.0665193 0.792632 -0.603983 -0.0832938 0.953122 -0.297226 -0.056701 0.869054 -0.487952 -0.0815388 0.821445 -0.566808 -0.0629037 0.796487 -0.602458 -0.0515034 0.661078 -0.722614 -0.202003 0.761232 -0.643218 -0.0824417 0.157875 -0.964401 -0.212145 0.27661 -0.921719 -0.271883 -0.529768 -0.801917 -0.276179 -0.271679 -0.900264 -0.340169 -0.304838 -0.885375 -0.350978 -0.564352 -0.781984 -0.26459 0.394992 -0.88275 -0.254428 0.668494 -0.725871 -0.161946 0.357283 -0.925609 -0.124889 0.652715 -0.74688 -0.12702 0.296894 -0.953997 -0.0417495 0.541059 -0.836054 -0.0909363 -0.606831 -0.756144 -0.244953 -0.446789 -0.839886 -0.308175 0.397401 -0.916136 -0.0526135 0.128128 -0.991447 0.0248167 -0.0368354 -0.996901 0.0695136 0.247213 -0.968577 -0.0272954 0.613214 -0.785948 -0.0790865 0.81869 -0.568275 -0.0825214 0.727911 -0.681687 -0.0738168 0.788598 -0.608229 -0.0903898 0.613916 -0.783712 -0.0943519 0.975169 -0.220987 0.014527 0.980849 -0.191588 -0.035055 0.999971 -0.00444115 -0.00624212 0.999947 0.00528556 0.00879509 1 6.52075e-06 -3.87888e-05 1 -5.44986e-05 0.000267878 0.702058 -0.702426 -0.117097 0.870756 -0.481491 -0.099751 0.947402 -0.314031 -0.0617505 0.772929 -0.616575 -0.14972 0.925784 -0.365376 -0.0970825 0.72663 -0.672385 -0.14109 0.901858 -0.419494 -0.103333 0.736195 -0.672065 -0.0796617 0.899883 -0.433162 -0.0508097 0.774432 -0.632324 -0.0205454 0.915375 -0.402598 0.00199639 0.903426 -0.426574 0.0430783 0.770665 -0.636347 0.0337293 0.73752 -0.672676 0.0597532 0.865469 -0.49912 0.0429238 0.541067 -0.831892 -0.123301 0.452066 -0.879438 -0.149082 0.42174 -0.899732 -0.112332 0.380455 -0.921211 -0.0813875 0.356204 -0.934399 0.00404799 0.391502 -0.915083 0.0966894 0.371166 -0.923347 -0.0983154 0.524631 -0.844356 -0.108742 0.334877 -0.929987 -0.151595 0.145422 -0.981897 -0.121367 0.0181289 -0.99171 -0.127211 -0.00740931 -0.999937 -0.00842259 0.0993557 -0.987119 0.125401 0.29858 -0.919822 0.254513 0.500636 -0.838836 0.213814 0.995383 -0.0939917 -0.0194661 0.993657 -0.109192 -0.0268769 0.957604 -0.288078 -0.00238249 0.968053 -0.249849 0.0212021 0.971796 -0.235819 0.00133934 0.973454 -0.228028 -0.0197705 0.979714 -0.192199 -0.0567485 0.99271 -0.11814 -0.0238466 0.996352 -0.0853148 0.00212752 0.997416 -0.0700967 -0.015763 0.99713 -0.0695408 -0.0299238 0.999999 -0.000142787 0.00114548 0.999999 -8.07761e-06 0.00124123 1 -0.000215851 0.000849634 0.999999 -0.000504537 0.00118594 0.999999 -0.000293081 0.00110314 0.999999 -0.000442172 0.0012981 0.999999 -0.000247848 0.00132819 0.999999 -0.000182348 0.00116766 0.999999 -0.000579823 0.000974691 0.999999 -0.000572638 0.00103313 0.999999 -8.12978e-05 0.00129196 -0.806432 -0.567959 -0.16459 -0.799327 -0.578512 -0.16248 -0.967128 -0.248854 -0.0522934 -0.961704 -0.268833 -0.05342 -1 2.83669e-05 -0.000202661 -1 3.06321e-05 -0.000204423 -0.698073 -0.684364 -0.21057 -0.666644 -0.711443 -0.222338 -0.412632 -0.887647 -0.204493 -0.514343 -0.847225 -0.132893 -0.564545 -0.802745 0.192066 -0.619976 -0.7194 0.313198 -0.681731 -0.688819 0.246517 -0.616905 -0.757027 0.215265 -0.512519 -0.809217 -0.287214 -0.31976 -0.891274 -0.321535 -0.782865 -0.58621 -0.208518 0.421399 -0.904159 -0.0701394 0.337231 -0.938911 -0.0687092 -0.040964 -0.993464 0.106545 0.521936 -0.84935 -0.0786562 0.615504 -0.733301 0.288834 0.76281 -0.606288 0.224801 0.731251 -0.673004 0.111076 0.835709 -0.543494 0.0787637 0.941209 -0.334314 0.0485823 0.999999 0.000368895 0.00104435 0.999999 0.00155354 0.000359498 0.999999 0.000884957 0.000940217 0.935977 -0.323808 0.138185 0.924012 -0.330869 0.191646 0.133007 -0.984771 -0.111962 0.225408 -0.973234 -0.0448052 -0.420509 -0.898317 0.127278 -0.280151 -0.952625 0.118412 -0.388064 -0.920781 0.0396044 -0.503334 -0.863142 -0.0405046 -0.495591 -0.867683 0.0389312 -0.400473 -0.875604 0.270072 -0.120903 -0.842747 0.524557 0.380347 -0.772529 0.508464 0.87348 -0.42559 0.236445 0.999998 0.00176465 -0.00077764 -0.958467 0.261378 0.114114 -0.999976 0.00289058 -0.00632524 -0.999983 0.00168862 -0.00557352 -0.93273 0.319329 0.167461 -0.999987 0.00158384 -0.00478794 -0.869569 0.443199 0.217772 -0.999989 0.00194169 -0.00418047 -0.756018 0.604435 0.251188 -0.999992 0.00164125 -0.00357663 -0.768498 0.596656 0.231112 -0.999994 0.00083001 -0.0033896 -0.850928 0.509965 0.125924 -0.999993 0.000336924 -0.0036637 -0.882114 0.469188 0.0416816 -0.999995 1.84062e-06 -0.00321036 -0.919352 0.39322 -0.0130352 -0.999996 0.000465019 -0.00276899 -0.978778 0.20481 -0.00674444 -0.993109 0.103651 -0.0546951 -0.999997 0.00167501 -0.00200783 0.742993 -0.445882 0.49915 0.999997 0.00142466 -0.00170774 -0.974114 0.00822208 -0.225906 -0.972953 -0.115838 -0.199859 -0.407232 -0.450292 0.794606 -0.0602912 -0.704053 0.707583 -0.963954 -0.217656 -0.153028 -0.875328 -0.328428 0.354874 -0.999919 -0.00999807 -0.0078882 -0.988146 -0.0317822 0.150194 -0.980548 0.195859 -0.0128619 -0.952803 0.075103 0.294154 -0.941292 0.32298 -0.0982541 -0.590164 -0.361719 0.72171 -0.995569 0.093777 -0.00696539 -0.772763 -0.178717 0.609014 -0.986466 -0.15121 0.0633983 -0.831954 -0.259629 0.490352 -0.981869 -0.183847 -0.0461874 -0.551394 -0.462745 0.694141 -0.999656 -0.0103746 -0.0240982 -0.241661 -0.949095 0.202036 -0.572428 -0.396345 0.7178 -0.631499 -0.648956 0.424341 -0.626038 -0.169624 0.761121 -0.981725 0.181994 0.0556278 -0.983952 0.178331 0.00608946 -0.999984 0.00314731 -0.00475613 -0.694726 -0.331887 -0.638127 -0.586505 -0.28151 -0.75945 -0.89606 -0.0394977 -0.442172 -0.890325 -0.120898 -0.438982 -0.712035 -0.411727 -0.568759 -0.84619 -0.260486 -0.464876 -0.822353 -0.399981 -0.404662 -0.686224 -0.54437 -0.48245 -0.857666 -0.417327 -0.300413 -0.655193 -0.677313 -0.334618 -0.932291 -0.305715 -0.193316 -0.83138 -0.470205 -0.296168 -0.992169 0.118242 -0.040248 -0.994879 0.0996855 0.0166869 -0.801024 -0.434172 -0.412135 -0.9701 -0.143736 -0.195569 -0.85765 -0.197302 -0.474878 -0.644231 -0.705817 -0.294601 -0.468426 -0.830746 -0.300728 -0.0566986 -0.945114 -0.321783 -0.193129 -0.921955 -0.335707 0.223771 -0.912625 -0.342114 0.231532 -0.911716 -0.339362 0.475379 -0.780898 -0.405231 0.351141 -0.851097 -0.390299 -0.831563 -0.518464 -0.199245 -0.631617 -0.734464 -0.248241 0.60582 -0.668717 -0.431046 0.33642 -0.845012 -0.415663 0.291375 -0.84441 -0.449525 0.67436 -0.547369 -0.495607 0.237333 -0.842027 -0.484421 0.596386 -0.442236 -0.669889 0.365184 -0.531659 -0.764186 0.156402 -0.85655 -0.491793 0.219717 -0.624811 -0.749224 -0.0453635 -0.889102 -0.455456 -0.290813 -0.882309 -0.37008 0.271875 -0.531266 -0.802396 -0.282613 -0.918748 -0.27574 0.432645 -0.191888 -0.880907 -0.816457 -0.559995 -0.140727 -0.958577 -0.280373 -0.050211 -1 6.67709e-05 -0.000190038 -1 8.1684e-05 -0.000210087 -0.954306 -0.293321 -0.0571154 -1 5.30096e-05 -0.00022787 -0.954134 -0.293068 -0.0611574 -1 4.10546e-05 -0.000304972 -0.95131 -0.30495 -0.0448825 -0.960093 -0.276229 -0.0437948 -1 6.92161e-05 -0.000272768 -1 -1.54592e-06 -0.000333058 -0.954887 -0.293033 -0.0482014 -0.957393 -0.287205 -0.0302147 -1 -4.04943e-06 -0.000365541 -1 3.28083e-05 -0.000348189 -0.919819 -0.392132 -0.0128858 -1 1.15809e-05 -0.000107871 -0.859727 -0.504831 -0.077552 -0.999999 -0.000129335 0.00109109 -0.849854 -0.509525 -0.134657 -0.999997 -0.000929476 0.00219599 -0.90509 -0.397506 -0.151004 -0.999997 -0.00178346 0.00158355 -0.935608 -0.334324 -0.113427 -0.840032 -0.527519 -0.126766 -0.858289 -0.500513 -0.113256 -0.845921 -0.516816 -0.131602 -0.873561 -0.466741 -0.137997 -0.67072 -0.707056 -0.224069 -0.786104 -0.612303 -0.0844124 -0.842961 -0.530822 -0.0874309 -0.656853 -0.751006 -0.0673384 -0.63555 -0.76868 -0.072163 -0.600557 -0.792514 -0.106079 -0.557032 -0.820018 -0.131472 -0.508888 -0.84459 -0.166436 -0.59679 -0.733952 -0.324278 -0.376197 -0.874562 -0.305968 -0.259299 -0.911166 -0.32022 -0.0682075 -0.917368 -0.392152 0.0285564 -0.918111 -0.395293 -0.109211 -0.931815 -0.346113 0.127472 -0.916121 -0.380097 -1 3.78178e-05 -0.000242026 -0.955928 -0.287616 -0.0589778 -0.861007 -0.49935 -0.096526 -0.826144 -0.551925 -0.113423 -0.778344 -0.619844 -0.0998683 -0.786215 -0.600907 -0.144139 -0.723616 -0.678813 -0.124871 -0.565086 -0.796975 -0.213325 -0.563705 -0.810217 -0.160578 -0.678712 -0.727773 -0.0984694 -0.103823 -0.909359 -0.40285 -0.399407 -0.862319 -0.311256 -0.618804 -0.755131 -0.216472 -0.44153 -0.848738 -0.291025 0.186897 -0.0207615 -0.98216 -0.106275 -0.979458 -0.171371 0.0112643 -0.99412 -0.107692 0.00159202 -0.256484 -0.966547 -0.421936 -0.898168 -0.123547 -0.273249 -0.959363 -0.0704084 -0.53936 -0.837714 -0.0855949 -0.397771 -0.91467 -0.0718084 0.06114 -0.992677 -0.104186 0.303697 -0.454356 -0.837453 0.746634 0.0556403 -0.662904 -0.0784938 -0.989711 -0.11963 -0.437476 -0.896151 -0.0743478 -0.524151 -0.847647 -0.0822202 -0.689736 -0.71808 -0.0928708 -0.0929426 -0.964619 -0.246721 -0.0789614 -0.976265 -0.201671 -0.0199517 -0.963066 -0.268526 0.0530662 -0.964702 -0.257941 -0.0170227 -0.877814 -0.478699 -0.631801 -0.610969 -0.477016 -0.308143 -0.613184 -0.727361 -0.999987 -0.00510578 -0.000277087 -0.927108 -0.36128 -0.0997349 0.954502 0.164101 -0.248993 0.940246 0.0231464 -0.339708 0.838493 -0.25463 -0.481761 0.689884 -0.526412 -0.49694 -0.0868025 -0.0354614 -0.995594 -0.859803 -0.136592 -0.492018 -0.999949 0.000918346 -0.0100864 0.999999 0.0010587 0.00105329 0.987199 -0.122074 0.102641 0.999758 -0.0201517 0.0088612 0.999999 0.00080873 0.00118146 0.979065 0.198457 -0.0452403 0.999999 0.000509974 0.00124339 0.933972 0.346097 -0.0889602 0.999999 0.000364321 0.001219 1 -5.05148e-05 0.000735434 0.832502 0.553257 0.0290949 0.782323 0.614369 0.102575 1 -0.000131571 0.000587164 0.792679 0.603904 0.0834239 1 -4.74444e-05 0.000463218 1 -6.52314e-05 0.000371821 0.888418 0.448783 0.0964705 0.960702 0.273806 0.0456324 1 -0.000187693 0.000373846 0.58356 -0.0476972 -0.810668 0.542667 0.0761609 -0.836488 0.544336 0.376377 -0.749692 0.483632 0.484821 -0.728731 0.47703 0.0940349 -0.873842 0.466845 -0.27407 -0.840798 0.387615 -0.554322 -0.736534 0.474534 -0.198807 -0.857493 0.948837 0.252995 -0.188951 0.957971 0.281888 -0.0532107 0.99907 -0.0130865 0.0410928 0.996692 0.0684579 -0.0438075 0.840685 0.529564 -0.113187 0.44459 0.271077 -0.853731 0.511611 0.0120301 -0.859133 0.850636 0.4989 -0.165885 0.587488 -0.0492022 -0.807736 0.475469 0.206989 -0.855035 0.78641 0.598966 -0.150993 0.735319 0.660903 -0.150044 0.297603 -0.218263 -0.929405 0.49499 0.404361 -0.769075 0.357185 0.257504 -0.897837 0.273732 -0.228575 -0.934251 0.930556 0.354913 0.0900062 0.965172 0.253507 0.064635 0.397413 -0.20356 -0.894777 0.330995 0.176571 -0.926965 0.836001 0.536446 0.115451 0.3319 0.122607 -0.935313 0.277312 0.391475 -0.877409 0.774564 0.625272 0.0953224 0.296478 0.434522 -0.850465 0.358121 0.187748 -0.914604 0.727956 0.685614 -0.00347681 0.890824 0.44925 -0.0678769 1 0.000244781 0.000968123 0.794449 0.594082 -0.126168 0.468798 0.216224 -0.856432 0.574597 -0.0219259 -0.818143 0.708094 -0.239645 -0.664208 0.449394 0.177521 -0.875518 0.697712 0.64593 -0.309793 0.976369 -0.164551 0.140092 0.975498 -0.152867 0.158227 0.999999 0.000946044 0.0011511 0.420485 -0.394787 -0.816906 0.399304 -0.62085 -0.674612 0.394814 -0.299816 -0.868465 0.35113 -0.532109 -0.770433 0.37819 -0.170253 -0.909938 0.323489 -0.409364 -0.853098 0.327105 0.0530536 -0.943498 0.262336 -0.301438 -0.916687 0.296179 0.225465 -0.92814 0.151096 -0.159 -0.975648 0.260885 0.394238 -0.881201 0.054009 -0.0959936 -0.993916 -0.25805 0.835038 -0.485924 -0.0213987 -0.014774 -0.999662 -0.338462 -0.938729 0.0650492 0.982324 -0.118629 0.1448 0.961969 -0.211781 0.172522 0.999999 0.000791007 0.00132247 -0.934799 0.0185878 -0.354691 -0.964238 0.19073 -0.184031 -0.233476 -0.969375 -0.076158 -0.261061 -0.959111 -0.109329 -0.286604 -0.95181 -0.10916 -0.461272 -0.257364 -0.849112 -0.867503 -0.0272934 -0.496683 -0.294705 -0.299307 -0.907504 -0.771107 0.107675 -0.627535 -0.99999 0.00217092 -0.00392257 -0.998806 0.0440123 -0.0212004 -0.999996 0.00186957 -0.00188391 -0.551978 -0.638223 -0.536649 -0.890909 -0.431562 -0.141544 -0.535739 -0.413662 -0.736116 -0.653143 -0.189921 -0.733031 -0.841894 0.124955 -0.524977 -0.836192 0.383916 -0.391651 0.992372 0.120905 -0.024083 0.982603 0.18302 -0.0315373 0.961591 -0.125691 0.244017 0.988834 0.145232 -0.0333795 0.942158 -0.254124 0.218537 0.999999 0.00109222 0.00100433 0.0567626 -0.304766 -0.950734 -0.03582 0.00341643 -0.999352 -0.0861628 0.259735 -0.961828 0.416729 0.10092 -0.903411 0.249138 -0.255645 -0.934118 0.172799 -0.360695 -0.916537 0.0735658 0.0971809 -0.992544 0.17159 0.302973 -0.937424 0.283117 -0.695743 -0.660141 -0.161511 -0.62748 -0.761698 -0.937958 0.0630839 -0.340961 -0.982774 -0.0443997 -0.179398 -0.999992 0.00391877 0.000828352 -0.999992 0.00294016 0.00270356 0.490429 -0.530389 0.691496 0.448399 0.17371 -0.876791 0.172365 -0.654294 0.736335 0.104804 -0.405945 0.907868 0.238968 -0.191378 0.951981 -0.0213767 0.166417 0.985824 -0.751418 0.652515 -0.0979582 0.0638703 -0.224254 0.972435 -0.232502 -0.31814 0.919092 -0.174268 -0.407492 -0.896427 0.166184 -0.500078 0.849885 0.0791281 -0.261947 0.961833 -0.159031 0.091857 0.982991 0.106505 -0.169016 0.979842 0.165549 0.6134 0.772227 0.333043 -0.0130354 0.942821 -0.0221559 0.231156 0.972664 0.101653 0.21335 -0.971673 -0.128307 -0.991191 -0.0328345 0.158625 0.396874 0.904063 -0.279062 0.556817 -0.782355 -0.011758 -0.26406 -0.964435 0.936814 -0.321399 0.138137 -0.36413 0.487787 0.793394 -0.461056 0.865321 0.196587 0.970757 0.239157 0.0208687 0.993935 0.109965 -0.000147752 0.861524 0.505278 0.0497036 0.816893 0.573289 0.0634497 0.657754 0.744201 0.116295 0.62961 0.770492 0.0996699 0.129645 0.990998 -0.0333958 0.575596 0.811234 0.102902 0.776295 0.622812 0.0973171 0.252487 0.96684 -0.038343 0.613067 0.780444 0.122701 0.0255059 0.985425 0.168185 0.802934 0.589329 0.0893749 0.896219 0.442712 -0.0282449 0.927215 0.372554 0.0384168 0.988324 0.121245 -0.0922768 0.936363 0.350465 0.019948 0.998024 0.0456582 -0.0431769 0.887235 0.459714 0.0384262 0.995274 0.0808051 0.0538583 0.746685 0.660881 0.0754857 0.864322 0.501201 0.0417714 0.932795 0.357836 0.042968 0.65785 0.748558 0.0830356 0.876989 0.475129 0.0717092 0.813728 0.577263 0.0679273 0.857166 0.510549 0.0678684 0.740473 0.665788 0.0917928 0.901561 0.42714 0.0688433 0.930434 0.359925 0.068899 0.792544 0.603849 0.0850933 0.953 0.297186 0.0589154 0.868921 0.487835 0.0836231 0.821775 0.566046 0.065405 0.794238 0.605157 0.0545078 0.659139 0.723409 0.205464 0.63032 0.769673 0.101487 0.761307 0.642858 0.0845247 0.263231 0.932206 0.248399 0.156129 0.969298 0.18996 -0.527332 0.803456 0.276367 -0.562078 0.783554 0.264784 -0.306762 0.887595 0.343617 -0.269052 0.90163 0.338637 0.668762 0.725146 0.164076 0.395087 0.882464 0.255273 0.652645 0.746597 0.129027 0.357092 0.925438 0.126692 0.540831 0.836049 0.0923282 0.296569 0.954032 0.0432322 -0.44673 0.840041 0.307837 -0.606786 0.756289 0.244617 0.397166 0.916151 0.0540917 0.127811 0.991522 -0.0234078 -0.0373162 0.997003 -0.0677723 0.246878 0.968618 0.0288224 0.613089 0.785929 0.0802364 0.818685 0.568136 0.0835311 0.727895 0.681642 0.0743817 0.788507 0.608091 0.0920989 0.613752 0.783647 0.0959502 0.9768 0.213145 0.0207683 0.980462 0.190347 0.0496286 0.99994 -0.00512091 -0.00965233 0.999959 0.00412163 0.00809217 0.732538 0.678126 0.0594385 0.701837 0.702309 0.119112 0.870784 0.480983 0.101936 0.947502 0.31329 0.0639459 0.925916 0.36449 0.0991295 0.772999 0.615941 0.151952 0.901743 0.419158 0.105671 0.726418 0.67214 0.143338 0.899895 0.432809 0.0535389 0.736179 0.671784 0.0821361 0.915728 0.401799 0.000561808 0.774869 0.631707 0.0229055 0.903869 0.425869 -0.0406934 0.771128 0.635911 -0.0313017 0.865788 0.498772 -0.0404588 0.737768 0.672601 -0.0574928 0.540948 0.831654 0.125408 0.451727 0.879283 0.151011 0.421563 0.899519 0.114678 0.380762 0.920873 0.0837515 0.356479 0.934302 -0.00145412 0.391493 0.915309 -0.0945631 0.370771 0.923292 0.100308 0.524268 0.844329 0.110685 0.334556 0.929781 0.153554 0.145031 0.981688 0.12351 0.0181155 0.991435 0.129339 -0.00741388 0.999916 0.0106176 0.0990474 0.987421 -0.123245 0.500271 0.839543 -0.211886 0.297693 0.920696 -0.252385 0.995376 0.0933938 0.0224457 0.993625 0.108767 0.0296369 0.957749 0.287567 0.00465342 0.968329 0.248959 -0.0189121 0.972005 0.234955 0.00128652 0.9735 0.22758 0.022494 0.97965 0.191832 0.0590359 0.992792 0.117046 0.0257909 0.996441 0.0842901 2.48119e-05 0.997379 0.070023 0.0182125 0.997053 0.0695 0.0324814 -0.806441 0.568052 0.164225 -0.799329 0.578613 0.162111 -0.967134 0.248917 0.0518928 -0.961705 0.268906 0.0530425 -0.666575 0.71161 0.222009 -0.698007 0.68452 0.210281 -0.514619 0.846943 0.133619 -0.39237 0.909172 0.139475 -0.565467 0.802512 -0.190321 -0.620551 0.719414 -0.312025 -0.682108 0.688908 -0.245225 -0.617365 0.757155 -0.213486 -0.319724 0.891391 0.321245 -0.512489 0.809352 0.286889 -0.782882 0.58633 0.208116 0.421184 0.90416 0.0714101 0.336809 0.93894 0.0703612 -0.0417479 0.9936 -0.104955 0.521839 0.849316 0.0796627 0.762277 0.607679 -0.222845 0.614328 0.734902 -0.287264 0.835512 0.54414 -0.0763587 0.731158 0.673441 -0.109021 0.941059 0.335073 -0.046205 0.923339 0.333228 -0.190801 0.935698 0.325395 -0.136339 0.13244 0.984609 0.114038 0.224863 0.973266 0.0468008 -0.421529 0.89815 -0.125056 -0.28122 0.952611 -0.115961 -0.389073 0.92044 -0.037573 -0.503808 0.862758 0.0427334 -0.495831 0.867639 -0.0368161 -0.401165 0.8759 -0.268079 -0.122418 0.843511 -0.522975 0.378032 0.77415 -0.507723 0.871801 0.428481 -0.237416 -0.958466 -0.261036 -0.114903 -0.932486 -0.318105 -0.171109 -0.868885 -0.441206 -0.224446 -0.755745 -0.601888 -0.258031 -0.768832 -0.593664 -0.237615 -0.850961 -0.508382 -0.131957 -0.882105 -0.468654 -0.0474838 -0.919527 -0.392956 0.00751585 -0.97892 -0.20424 0.00114434 -0.993663 -0.100376 0.0505802 0.740041 0.447826 -0.501788 -0.973711 0.118409 0.194593 -0.975024 -0.00426951 0.222061 -0.0624691 0.7042 -0.707248 -0.409293 0.450256 -0.793567 -0.964485 0.219357 0.147143 -0.876236 0.328145 -0.35289 -0.99994 0.01089 0.00145614 -0.988605 0.0313756 -0.147224 -0.981028 -0.19374 0.00697239 -0.953384 -0.0760144 -0.29203 -0.943657 -0.318231 0.0907814 -0.592081 0.36051 -0.720744 -0.995962 -0.0897237 -0.00302421 -0.774563 0.177733 -0.607012 -0.986137 0.152072 -0.0663956 -0.833624 0.25908 -0.487799 -0.981992 0.182449 0.0490402 -0.552959 0.462526 -0.693041 -0.999439 0.00560746 0.0330221 -0.242594 0.949182 -0.200504 -0.573984 0.39586 -0.716824 -0.627555 0.168935 -0.760024 -0.632467 0.648988 -0.422848 -0.981731 -0.181913 -0.0557858 -0.983408 -0.181392 0.00236407 -0.693768 0.328787 0.64077 -0.889064 0.118584 0.442156 -0.89462 0.0355763 0.445409 -0.585555 0.276962 0.761851 -0.711038 0.409535 0.571581 -0.844765 0.258676 0.468464 -0.685019 0.542455 0.486304 -0.82047 0.398434 0.409974 -0.654436 0.675128 0.340464 -0.855664 0.416132 0.30769 -0.830913 0.467095 0.302334 -0.930707 0.304873 0.202081 -0.991573 -0.120331 0.0479899 -0.994887 -0.0995525 -0.0169984 -0.969124 0.141285 0.20208 -0.799221 0.432562 0.417296 -0.85588 0.195666 0.478732 -0.644322 0.705866 0.294283 -0.193162 0.922048 0.335435 -0.0567114 0.945189 0.321561 -0.46846 0.830813 0.300492 0.231568 0.911823 0.339049 0.223804 0.912735 0.341799 0.475489 0.781074 0.404763 0.351218 0.851239 0.38992 -0.631634 0.734566 0.247896 -0.831635 0.518499 0.198853 0.605994 0.668915 0.430494 0.336518 0.845148 0.415307 0.674519 0.547447 0.495303 0.291461 0.844513 0.449276 0.596402 0.442237 0.669874 0.237386 0.842077 0.484308 0.365313 0.531654 0.764127 0.156498 0.856615 0.491649 0.219886 0.624818 0.749168 -0.045249 0.889204 0.455268 0.272072 0.531313 0.802299 -0.290716 0.882459 0.369797 0.433693 0.192065 0.880353 -0.28239 0.919023 0.27505 -0.816423 0.560133 0.140371 -0.958558 0.280505 0.0498393 -0.95428 0.293482 0.0567325 -0.954127 0.293179 0.0607192 -0.960081 0.27635 0.0433078 -0.951308 0.30504 0.0443062 -0.954921 0.293032 0.0475302 -0.957417 0.28721 0.0293688 -0.919786 0.392239 0.0119543 -0.859739 0.504992 0.0763632 -0.849903 0.509601 0.134059 -0.911526 0.38302 0.149719 -0.948999 0.30115 0.0933256 -0.839983 0.527674 0.126446 -0.858274 0.500629 0.112853 -0.845929 0.516902 0.131212 -0.873578 0.466834 0.137574 -0.670693 0.707202 0.223688 -0.842935 0.530942 0.0869528 -0.786077 0.61241 0.083882 -0.656908 0.751014 0.0667018 -0.635594 0.768724 0.0713068 -0.600429 0.792756 0.104991 -0.556907 0.820362 0.129849 -0.508981 0.845321 0.16239 -0.627169 0.716804 0.304716 -0.259238 0.911275 0.31996 -0.37614 0.874686 0.305685 -0.0681396 0.917476 0.391911 0.0286357 0.918231 0.395008 -0.109155 0.931925 0.345834 0.127533 0.916219 0.37984 -0.955935 0.28769 0.0584932 -0.861018 0.499426 0.0960307 -0.826143 0.552013 0.112999 -0.778297 0.619979 0.0993977 -0.786194 0.60103 0.143743 -0.72356 0.678957 0.124409 -0.565028 0.797118 0.212948 -0.563573 0.81043 0.159966 -0.678624 0.72793 0.0979127 -0.39936 0.862439 0.310983 -0.103748 0.909468 0.402622 -0.618764 0.75526 0.216134 -0.44148 0.848866 0.290725 0.189582 0.0230513 0.981594 -0.120626 0.978899 0.164941 -0.443527 0.345538 0.826975 -0.027116 0.99573 0.088239 -0.421791 0.898377 0.122519 -0.273279 0.959317 0.070922 -0.539344 0.83776 0.0852402 -0.397782 0.914682 0.0716011 0.307001 0.452164 0.837436 0.0462746 0.994023 0.0988773 0.747673 -0.0561675 0.661687 -0.0783001 0.989854 0.118564 -0.524183 0.847678 0.0816965 -0.437554 0.896182 0.0735148 -0.689683 0.718194 0.092379 -0.0787953 0.976536 0.200422 -0.0925594 0.965166 0.244719 -0.0195167 0.963613 0.266586 0.0540696 0.966175 0.252156 0.0323206 0.884947 0.46457 -0.21789 0.656114 0.722522 -0.702389 0.56846 0.428373 -0.958788 0.26095 0.112383 0.954863 -0.163951 0.247703 0.940738 -0.0229441 0.338356 0.842045 0.254676 0.4755 0.685955 0.514113 0.514931 -0.0287272 0.132189 0.990808 -0.855541 0.137617 0.499111 0.999744 0.0216859 -0.00648085 0.98716 0.124194 -0.100458 0.979109 -0.197628 0.0478333 0.933983 -0.345454 0.0913069 0.782291 -0.614588 -0.101499 0.832465 -0.553386 -0.0276735 0.792723 -0.603964 -0.0825671 0.888432 -0.44892 -0.0957029 0.960641 -0.274151 -0.0448459 -0.624216 -0.123148 -0.771485 -0.506216 0.48465 -0.713344 -0.544336 0.376377 -0.749692 -0.5634 0.0749129 -0.822781 -0.496583 0.0999091 -0.86222 -0.495206 -0.202114 -0.844939 -0.408139 -0.557462 -0.722951 -0.488216 -0.268382 -0.830432 0.948291 -0.252714 0.19204 0.996631 -0.067309 0.0468718 0.999151 0.0148924 -0.0384241 0.958086 -0.280932 0.0561144 0.840573 -0.529134 0.115989 -0.465821 0.276643 -0.840523 -0.534718 0.0135127 -0.844922 0.852783 -0.494617 0.167678 -0.500191 0.220971 -0.837246 -0.617993 -0.0412544 -0.785101 0.735243 -0.660415 0.152543 0.792319 -0.590937 0.15174 -0.353173 -0.289163 -0.889749 -0.319098 -0.241276 -0.916494 -0.39884 0.27108 -0.876038 -0.528156 0.405892 -0.745857 0.965155 -0.253763 -0.0638745 0.930589 -0.355031 -0.0891994 -0.424716 -0.208195 -0.881062 -0.356141 0.193047 -0.914274 0.836095 -0.536476 -0.114624 -0.346459 0.121505 -0.930163 -0.289768 0.40033 -0.869351 0.774546 -0.625464 -0.0941948 -0.372547 0.188731 -0.908619 -0.307911 0.443665 -0.841636 0.727829 -0.685742 0.00483229 0.890875 -0.448863 0.0697502 0.794408 -0.593705 0.128179 -0.484469 0.230524 -0.843889 -0.594599 -0.0137089 -0.803905 -0.467541 0.199458 -0.861175 -0.720029 -0.22921 -0.654996 0.699803 -0.64216 0.3129 0.976366 0.166563 -0.13772 0.975636 0.154747 -0.155522 -0.421799 -0.618583 -0.662903 -0.447394 -0.38563 -0.806925 -0.396818 -0.530166 -0.749306 -0.44266 -0.28261 -0.85099 -0.387422 -0.420593 -0.82037 -0.430437 -0.156838 -0.88889 0.812286 0.573051 -0.108646 0.991551 -0.0612602 -0.114338 0.985282 -0.123279 0.118413 0.66374 0.737976 -0.12182 0.941996 0.0747253 -0.327198 0.419943 0.691597 0.587658 0.932902 0.0203526 0.359555 1 0 0 0.187973 0.772044 0.607137 -0.33827 0.938787 -0.0652159 0.98254 0.120325 -0.141908 0.962052 0.213544 -0.169866 -0.933508 -0.0202501 0.357983 -0.963892 -0.191561 0.184976 -0.259752 0.962805 0.0743959 -0.230892 0.971645 0.050938 -0.277689 0.958592 0.0631711 -0.863752 0.0115591 0.503784 -0.458453 0.242772 0.854917 -0.289131 0.269538 0.91856 -0.768728 -0.116719 0.628836 -0.998784 -0.0443068 0.021604 -0.892188 0.427402 0.146044 -0.551955 0.634399 0.541187 -0.534889 0.409891 0.738839 -0.651952 0.1866 0.734941 -0.841335 -0.126221 0.52557 -0.838101 -0.380432 0.390972 0.992491 -0.119293 0.0270269 0.982741 -0.181728 0.0345619 0.988839 -0.144441 0.0365255 0.961893 0.127929 -0.241651 0.941898 0.256485 -0.216897 -0.185847 0.0450547 -0.981545 -0.14323 0.232919 -0.961891 0.119489 0.0803326 -0.98958 0.161287 -0.186514 -0.969123 -0.0997786 0.43626 -0.894272 0.186888 0.357423 -0.915053 -0.387546 0.127529 -0.912987 -0.0508822 0.955379 -0.290967 0.169069 0.358975 0.917907 0.246605 0.253363 0.935411 0.0708774 -0.0999931 0.99246 0.166739 -0.30653 0.937143 -0.528082 -0.129188 -0.839309 -0.347929 -0.693087 -0.631329 -0.163605 0.626817 0.761797 -0.982778 0.04624 0.178913 -0.937336 -0.0589307 0.343407 0.491425 0.532187 -0.689404 0.105894 0.416636 -0.902885 0.165833 0.653184 -0.738817 0.447683 -0.150006 0.881521 0.240813 0.200523 -0.949631 -0.0310583 -0.168532 -0.985207 -0.7594 -0.639966 0.117287 0.0641632 0.237607 -0.96924 -0.211249 0.328945 -0.920418 -0.142229 0.42989 0.891609 0.0947982 0.26303 -0.960119 0.171258 0.491256 -0.854013 -0.152946 -0.1025 -0.982905 0.12169 0.169294 -0.978024 0.344931 0.0140537 -0.938523 0.175934 -0.621841 -0.763126 -0.0204498 -0.228931 -0.973228 0.100789 -0.190166 0.976565 -0.12814 0.991487 0.0230935 0.155164 -0.408712 -0.899377 -0.280595 -0.546924 0.788759 0.00978846 0.285081 0.958454 0.933257 0.323068 -0.157026 -0.36528 -0.495718 -0.787931 -0.460073 -0.868279 -0.185541 0.963218 0.268347 0.0141462 0.82989 0.556254 0.0431742 0.743259 0.668319 0.0302675 0.639476 0.768615 -0.0173579 0.194973 0.975651 -0.100455 0.322364 0.943166 -0.0807407 -0.169528 0.975277 -0.141758 -0.0726059 0.984444 -0.159992 -0.581426 0.792343 0.184761 -0.210061 0.923838 0.319997 -0.294509 0.910623 0.28988 -0.552756 0.812261 0.186258 -0.812115 0.574381 0.102745 -0.806293 0.581936 0.106028 -0.962594 0.267126 0.0453378 -0.96722 0.250577 0.0411919 0.847941 0.529834 0.0164737 0.960031 0.279867 0.00395923 0.772311 0.635228 0.00451565 0.681562 0.731418 -0.0223587 0.363597 0.928777 -0.0719048 -0.0717253 0.984034 -0.162889 -0.641556 0.744373 0.185241 -0.200284 0.917807 0.342807 -0.831724 0.545765 0.101859 -0.96389 0.262355 0.0456654 0.0126694 0.98492 -0.172546 0.570348 0.821398 0.00281601 0.854794 0.518961 -0.00254986 0.955117 0.296216 -0.00269577 0.805619 0.592278 -0.0135747 0.730926 0.681792 -0.0301114 0.76478 0.642245 -0.0513186 0.778751 0.626163 -0.0382959 0.732025 0.667431 -0.136658 0.726459 0.680751 -0.0940016 0.580674 0.801489 -0.142947 0.515144 0.829125 -0.217204 0.0514398 0.973457 -0.223013 0.0799665 0.965043 -0.249596 -0.470899 0.846766 -0.247471 -0.443381 0.892331 -0.0846143 -0.752591 0.658487 -0.00116336 -0.472162 0.879007 -0.0664024 -0.476593 0.86767 -0.141447 -0.834254 0.547905 0.0618115 -0.921472 0.387198 0.0310941 -0.960623 0.273071 0.0513344 -0.964013 0.265197 0.0186929 -0.945737 0.322316 0.0411586 -0.968951 0.244375 0.0376209 -0.910956 0.408616 0.0564911 -0.979268 0.201026 0.0249335 -0.972657 0.231483 0.0188134 -0.955226 0.295511 0.0147459 -0.840434 0.541833 0.0093319 -0.949795 0.312787 0.00734531 -0.819413 0.573127 0.00937757 0.844252 0.535401 -0.0241568 0.894855 0.446268 -0.00888655 0.963511 0.267325 -0.0135446 0.927429 0.373725 -0.0142983 0.844924 0.533421 -0.039577 0.962068 0.27176 -0.0238885 0.820431 0.568754 -0.0584116 0.931399 0.363519 -0.0187067 0.950492 0.308256 -0.0392926 -0.474606 0.825292 -0.30601 -0.0200573 0.973462 -0.227967 -0.462085 0.830503 -0.311033 0.00953879 0.975682 -0.218984 -0.445795 0.852565 -0.272764 0.037589 0.981097 -0.189828 -0.444673 0.875291 -0.190084 0.0053102 0.989566 -0.14398 -0.00699391 0.99402 -0.108974 -0.415424 0.90203 -0.117324 -0.438668 0.893699 -0.0941963 -0.00690444 0.993997 -0.109189 -0.712585 0.701495 0.0113023 -0.528462 0.8481 0.0381247 -0.727041 0.685937 0.0300279 -0.5522 0.83088 0.0686633 -0.841818 0.539679 0.00945384 -0.958525 0.285007 -9.17872e-05 -0.729136 0.683719 0.0298032 -0.481989 0.873698 0.0658701 -0.539715 0.837389 0.0865249 -0.736517 0.675745 0.0301896 -0.435066 0.900156 -0.020918 -0.415538 0.909435 0.0159769 -0.691788 0.721794 0.0210137 -0.65133 0.758794 -0.00130431 -0.877065 0.480352 0.00445591 -0.896266 0.443517 -0.000376534 -0.899131 0.437676 -0.00167339 -0.901466 0.432838 -0.00311117 -0.981421 0.191819 -0.00426542 -0.979033 0.203612 -0.00607089 -0.971246 0.238011 -0.00558838 -0.983254 0.182238 -0.000899837 0.910139 0.412829 -0.0349113 0.785157 0.615289 -0.0703345 0.50318 0.8523 -0.142809 0.94784 0.315959 -0.0420547 0.882956 0.467121 -0.0467616 0.763593 0.641434 -0.0740821 0.462227 0.876113 -0.137014 0.947154 0.318054 -0.041718 0.470664 0.874175 -0.119557 0.75864 0.647751 -0.0698836 0.94848 0.314824 -0.0356495 0.87864 0.475376 -0.0448196 0.760347 0.647051 -0.0565534 0.487626 0.866874 -0.103688 0.959633 0.280352 -0.0225262 0.895145 0.444259 -0.0367392 0.763485 0.64422 -0.0455082 0.472711 0.876794 -0.0881908 0.968212 0.249761 -0.0135791 0.909045 0.415808 -0.0272175 0.440391 0.894755 -0.073955 0.743501 0.667511 -0.0404382 0.961263 0.275442 -0.0102129 0.897164 0.441337 -0.017835 0.499712 0.863329 -0.0703597 0.738001 0.674592 -0.0167098 0.946783 0.321852 0.00353238 0.867578 0.497231 -0.00839099 0.78948 0.613717 -0.00848245 0.763531 0.645698 0.00973568 0.841559 0.539769 0.0206819 0.961215 0.275375 0.0153037 0.810987 0.583562 0.0418973 0.850272 0.522582 0.0628187 0.78033 0.623778 0.0445701 0.968809 0.246534 0.0251033 0.885704 0.455603 0.0891889 0.848262 0.522895 0.0838568 0.832685 0.543018 0.108479 0.957798 0.281976 0.0557843 0.890935 0.440278 0.111315 0.958454 0.276021 0.0719521 0.857176 0.498672 0.128749 0.893794 0.435265 0.108056 0.869035 0.472364 0.14714 0.958839 0.270735 0.0856209 0.81206 0.555848 0.177741 0.796313 0.579369 0.173829 -0.569815 0.82119 -0.0309367 -0.676005 0.736478 -0.0248263 -0.982176 0.187961 9.22325e-05 -0.912998 0.407942 -0.00429639 -0.751598 0.658542 -0.0377217 -0.657137 0.751906 -0.0529942 -0.811979 0.582052 -0.0436629 -0.736578 0.673058 -0.066678 -0.787111 0.613958 -0.059263 -0.714129 0.695044 -0.0832633 -0.647519 0.754989 -0.103489 -0.438094 0.880972 -0.178777 -0.976415 0.215874 -0.00363931 -0.925018 0.379826 -0.00857519 -0.923954 0.382237 -0.0142844 -0.969898 0.243326 -0.00949752 -0.965444 0.260148 -0.0155091 -0.896047 0.443235 -0.0253258 -0.948972 0.314561 -0.0224215 -0.819244 0.57166 -0.0452077 -0.851366 0.519958 0.06942 -0.330607 0.868002 0.370501 -0.78304 -0.550734 0.289032 -0.874107 -0.419726 0.244474 -0.837595 -0.496495 0.227878 -0.724563 -0.655174 0.213907 -0.661857 -0.566665 0.49075 -0.876296 -0.32309 0.357377 -0.541657 -0.0640971 0.838153 -0.88251 -0.122753 0.453991 -0.878406 0.3165 0.358093 -0.948834 0.115901 0.293737 -0.954692 0.290512 -0.0645417 -0.98119 0.182767 -0.0621504 -0.968148 -0.0536552 -0.244564 -0.951411 0.233641 -0.200573 -0.143375 -0.486163 -0.862026 -0.266211 -0.722756 -0.637774 -0.206727 -0.195325 -0.958703 -0.112499 -0.113439 -0.987155 -0.156015 -0.764801 -0.625091 -0.414798 -0.868338 -0.271904 -0.295309 -0.931146 -0.213915 -0.647153 -0.762173 0.0169224 -0.540898 -0.834538 0.104761 -0.779001 -0.601547 0.176911 -0.851517 -0.447806 0.272742 -0.834391 -0.494652 0.24313 -0.879648 -0.34979 0.322285 -0.946228 -0.12182 0.299687 -0.991131 0.0702869 0.112782 -0.98064 0.0722732 -0.181992 -0.927074 -0.18292 -0.327223 -0.222515 -0.757295 -0.613996 -0.111923 -0.168683 -0.979295 -0.388828 -0.901256 -0.191179 -0.625603 -0.773505 0.101542 -0.779872 -0.587885 0.21492 -0.978486 -0.11902 -0.168521 -0.930777 -0.357984 0.0741793 -0.921681 -0.0785734 -0.379908 -0.8662 -0.135646 -0.480934 -0.845897 -0.513343 0.144694 -0.798681 -0.582153 0.152337 -0.743179 -0.658225 0.120104 -0.545468 -0.838131 0.000411241 -0.302796 -0.904538 -0.30021 -0.0318021 -0.731773 -0.680806 0.0882415 -0.165481 -0.982257 -0.85831 -0.243187 -0.451846 -0.375149 -0.909599 -0.178587 -0.0899409 -0.900824 -0.424767 -0.649811 -0.0801706 -0.755856 -0.896745 -0.175786 -0.406138 -0.639321 -0.766608 -0.0598352 -0.871725 -0.477926 -0.108079 -0.767166 -0.640591 -0.0331503 0.223505 -0.636292 -0.738361 0.292367 -0.0652236 -0.95408 -0.724657 -0.274677 -0.632001 -0.625316 -0.309227 -0.716491 -0.550407 -0.220225 -0.805328 -0.826886 -0.49355 -0.269568 -0.672902 -0.712529 -0.198759 -0.841813 -0.214031 -0.495522 -0.603566 -0.0843338 -0.79284 -0.422458 -0.141626 -0.895249 -0.475586 -0.242191 -0.845672 -0.606947 -0.196753 -0.770002 0.415832 -0.487158 -0.767959 0.54088 0.0235633 -0.84077 0.162363 -0.805818 -0.569469 -0.168907 -0.925371 -0.339352 -0.434733 -0.864656 -0.251749 -0.381209 -0.880769 -0.280937 -0.616135 -0.745897 -0.253014 -0.796158 -0.516916 -0.314531 -0.820051 -0.254776 -0.512451 -0.626069 -0.110858 -0.771847 -0.398174 -0.117369 -0.90977 -0.378064 -0.17318 -0.909437 -0.471441 -0.135216 -0.87147 0.592732 -0.458677 -0.66203 0.661664 0.0703643 -0.746492 0.244112 -0.808011 -0.536216 -0.108436 -0.92089 -0.374437 -0.565342 -0.796427 -0.214689 -0.356024 -0.903185 -0.239799 -0.769854 -0.566452 -0.294035 -0.823636 -0.29487 -0.484433 -0.63608 -0.0999529 -0.765122 -0.323752 -0.127674 -0.937488 -0.153172 -0.231874 -0.960611 -0.217807 -0.279544 -0.935102 0.589874 -0.487991 -0.643361 0.636652 -0.0273485 -0.770666 0.255785 -0.854126 -0.452816 -0.095007 -0.938407 -0.332215 0.849902 0.479795 -0.217863 0.830092 0.462719 -0.311187 -0.127055 0.926942 -0.353038 -0.0522872 0.973875 -0.220982 0.908905 -0.357865 0.214065 0.866011 -0.471305 0.167025 0.386367 -0.626448 0.676967 0.265127 -0.773012 0.576334 0.10482 0.993429 0.0459554 0.772691 0.560941 -0.297144 0.640061 0.628907 -0.441359 0.0717561 0.988398 -0.133869 0.829549 -0.518117 -0.208335 0.894697 -0.441634 0.0669014 -0.0148978 -0.999884 -0.00325434 0.00833988 -0.967463 -0.252874 0.815598 0.473012 -0.333256 0.994062 -0.0906475 0.0601962 0.036131 0.86305 -0.503825 0.864935 -0.46378 -0.191821 -0.0876021 -0.904252 -0.417917 0.960834 0.248063 0.123544 0.736588 -0.294193 0.609006 0.705455 -0.39735 0.586896 -0.919591 0.387181 -0.0666518 -0.949802 0.312205 0.0201053 -0.724244 -0.0446498 0.688096 -0.699302 -0.292677 0.652163 -0.29261 0.581142 -0.759377 -0.451879 0.272547 -0.849425 0.267709 0.947218 0.176382 0.804814 0.591101 0.05361 0.774386 0.629273 -0.0658942 0.310942 0.946722 0.0838659 0.911405 -0.263382 0.316183 0.942878 -0.158907 0.292797 0.209934 -0.741759 0.636962 0.185834 -0.69601 0.693568 0.160171 -0.160494 0.973954 0.223557 -0.663259 0.71422 0.871139 -0.477208 -0.115709 0.694871 0.502649 -0.514294 -0.672144 -0.325686 0.664945 -0.892922 0.450152 0.00725162 0.29018 -0.810006 0.509594 -0.285436 0.710075 -0.643677 0.82929 0.540099 -0.143428 0.559711 0.809447 0.177538 0.353645 0.884185 0.305209 0.227933 0.944031 0.238438 0.821428 0.567231 0.0591949 0.711773 -0.609595 0.348961 0.643569 0.648432 -0.406639 0.885222 -0.344589 0.312476 0.0838196 -0.989491 0.117818 0.199695 -0.978531 0.0509898 0.164863 -0.790556 0.589781 -0.0288194 0.81346 -0.580906 0.175856 -0.752338 0.634872 -0.742445 0.486102 0.460955 -0.627462 -0.455431 0.631565 -0.458697 -0.681145 -0.570647 -0.630554 -0.665409 -0.399541 -0.00253668 -0.993968 0.109639 0.224029 -0.974578 -0.00293051 0.814365 -0.494873 0.303167 0.776086 -0.549729 0.309011 0.921241 0.285514 -0.264193 0.892956 0.388344 -0.227636 0.0850977 -0.889205 0.449526 -0.00347003 -0.855436 0.517897 -0.126437 0.949702 0.286496 0.548308 0.779937 0.301758 0.520698 0.712272 0.470682 -0.0031386 0.994668 0.103085 0.939141 -0.069851 0.336356 0.751534 -0.301035 0.587005 0.96829 0.13895 -0.207624 0.852763 -0.431963 0.293604 0.268467 -0.705647 -0.655735 0.812291 -0.580851 -0.0528758 0.959413 0.177433 0.219189 0.608691 0.690185 0.391332 0.111733 0.627913 0.770221 0.282786 -0.762858 0.581446 -0.735523 -0.649318 -0.19337 -0.534981 -0.132563 -0.8344 -0.691741 -0.141959 -0.708055 -0.781717 -0.606783 0.14399 0.108375 0.154487 -0.982033 -0.0583639 -0.14669 -0.987459 -0.835648 -0.48093 0.265327 -0.869011 -0.404169 0.285425 -0.118276 -0.827055 0.549536 -0.164072 -0.856549 0.48929 -0.83312 0.532849 -0.148269 -0.792071 0.585622 -0.172254 -0.0310945 0.994735 -0.0976476 -0.0721255 0.97508 -0.209801 0.502189 0.768954 0.39562 0.429022 0.888184 0.164526 0.845292 -0.485442 0.223221 0.923858 0.0994209 -0.369597 -0.665552 -0.681657 -0.303946 -0.493978 0.0224041 -0.869186 0.0146164 -0.741297 0.671018 0.173811 0.279499 -0.944283 -0.192918 -0.370425 0.908608 0.368959 0.70046 0.610921 -0.800087 -0.544616 0.251504 -0.181577 -0.853983 0.48759 0.82556 -0.529861 0.194159 0.713201 0.472818 0.517481 0.520426 0.712055 0.47131 -0.914239 0.385357 -0.125168 0.0704705 -0.990643 0.11688 0.48767 -0.59815 0.63592 -0.0608205 0.992393 -0.10704 1 0 0 0.60195 0.705642 0.3738 -0.696123 0.433866 -0.57199 0.465874 -0.399856 -0.789352 -0.794282 -0.567379 -0.21725 -0.392763 0.772982 -0.498233 0.453751 0.770937 -0.446952 0.455408 0.831087 -0.319215 -0.280753 0.951397 0.126579 0.811168 0.512551 -0.281598 0.962451 0.214263 -0.166669 0.700724 0.571811 -0.426635 0.970154 -0.110348 0.215926 0.97454 0.118713 0.190208 0.923882 0.227312 0.307848 0.811193 -0.000990665 -0.584777 0.920744 -0.382092 -0.0789736 0.875553 -0.434012 0.212228 0.962851 -0.183718 0.197905 0.381091 -0.84199 0.381867 0.740481 -0.453475 0.496033 0.878834 0.187251 -0.438847 0.401687 0.844319 -0.354645 0.919541 -0.378084 0.107221 0.957308 -0.0324293 0.287244 0.976982 -0.0528367 0.206674 0.816064 -0.179548 0.549365 0.737286 -0.360296 0.571486 -0.186169 0.962958 0.195074 -0.64098 -0.735374 -0.219931 -0.615825 -0.776696 -0.132299 -0.207749 -0.753953 -0.623214 -0.496276 -0.866948 -0.0459458 -0.578453 -0.702035 0.415377 -0.786791 0.147904 0.599237 -0.353731 0.935018 -0.0248247 -0.994849 0.0366999 0.0944906 0.876324 -0.379207 -0.297083 0.584112 0.17002 -0.793667 0.873539 -0.439443 0.209332 0.895058 -0.329428 -0.300578 0.370264 -0.197926 0.907596 0.551684 -0.160506 0.818463 0.150541 0.948565 -0.278499 -0.442489 0.87915 0.176915 -0.81576 -0.493531 -0.301601 -0.835708 -0.36711 -0.408438 -0.767255 -0.53759 -0.349737 -0.759726 -0.584131 -0.285671 -0.783181 -0.599268 -0.16585 -0.8334 -0.530717 -0.154219 -0.707993 -0.610982 -0.354184 -0.619463 -0.647775 -0.443456 -0.992755 -0.117753 0.0238957 -0.990317 -0.136666 -0.0243677 -0.848552 0.366977 -0.381167 -0.828379 0.38857 -0.403486 -0.693758 -0.651398 -0.307215 -0.617668 -0.734798 -0.280284 -0.26029 -0.798848 -0.542302 -0.394049 -0.734043 -0.553088 0.784996 -0.616876 0.0569725 0.950216 -0.307492 -0.0503805 0.929754 0.0977788 -0.35496 0.950338 -0.28517 0.124647 0.316948 -0.944848 0.0824965 0.395726 -0.916567 0.0574899 -0.372396 -0.887302 -0.27206 -0.2252 -0.935316 -0.27289 0.649422 0.620263 -0.439914 0.880592 0.419391 -0.220609 0.909106 0.200445 -0.365168 0.616624 0.57983 -0.532516 0.944002 0.31189 0.107634 0.901837 -0.132988 -0.411101 0.975136 -0.0772449 0.207708 0.857234 -0.246692 -0.451988 0.946467 -0.291827 0.137976 0.898081 0.162435 -0.408736 0.308377 -0.937966 0.158503 -0.295839 -0.950758 -0.0924046 0.903834 0.228443 -0.361798 0.550128 0.661633 -0.50951 0.869835 -0.231399 -0.435709 0.807346 -0.312934 -0.500264 0.721009 -0.681659 -0.12445 -0.138469 -0.97027 0.198499 -0.495918 -0.834665 -0.239582 0.286062 -0.939699 -0.187443 0.983333 -0.0709052 -0.16742 0.601356 -0.723168 -0.339704 0.825921 -0.479174 -0.297063 0.635588 0.513286 -0.576685 0.0578174 -0.996969 0.0520482 0.681299 -0.72749 -0.0811846 0.116982 -0.95229 0.281886 0.811616 -0.42696 0.398728 -0.404002 -0.88833 -0.218295 -0.475076 -0.874587 0.0969609 0.793669 0.319232 -0.517862 0.960538 -0.105817 -0.257234 -0.182422 0.0266005 0.98286 -0.027281 -0.0459788 0.99857 0.130051 0.713221 0.688769 -0.112784 0.75106 0.65053 0.623802 -0.748713 -0.224274 -0.775665 -0.0707275 0.627169 -0.809521 -0.22894 0.540613 0.383582 -0.793536 -0.472404 0.897143 0.181421 -0.402765 0.972625 0.194201 -0.12762 0.852053 0.163522 -0.497259 0.680601 -0.503268 -0.53245 0.989325 0.0513244 -0.13639 0.753873 0.578996 -0.310546 0.552754 0.60912 -0.568714 0.168231 0.956181 -0.239615 0.622859 0.776779 -0.0930648 0.774102 0.535198 -0.338127 0.826237 0.315452 -0.466714 0.735241 0.491027 -0.467241 0.87123 0.276525 -0.405576 0.858897 -0.490475 -0.147413 0.986725 0.0325363 0.159106 0.994859 0.0508127 -0.0875981 0.859044 -0.508955 -0.0548502 0.989934 0.138872 0.0272986 0.922035 0.35041 0.164513 0.948571 0.0858987 0.304688 0.886329 0.308362 0.345448 0.563418 0.709134 -0.423897 0.660903 0.685158 -0.306212 0.438531 0.898024 0.0352597 0.900209 -0.324014 0.290928 0.789743 -0.0788639 0.608348 0.901796 -0.393493 0.178681 0.394471 -0.918905 -0.00237693 0.221241 0.662716 -0.715444 0.617939 0.785916 0.0220767 0.699174 0.71442 0.0275635 1 0 0 0.4053 0.903081 0.142045 0.52701 0.849859 -0.00102878 0.0598133 0.997625 -0.0341497 0.381499 0.836916 -0.392467 -0.937402 0.345341 -0.0449176 -0.989665 -0.023105 0.141523 -0.976304 -0.210356 -0.0508002 -0.06369 0.477304 -0.876427 -0.932328 -0.354802 -0.069851 -0.891492 -0.340703 -0.298604 -0.904581 -0.379663 -0.193879 0.152344 0.529341 -0.834619 -0.472245 0.731207 -0.492261 0.762226 0.64711 0.0160945 0.800304 0.595554 0.0694875 0.697454 0.0733839 -0.712862 0.621311 0.782965 -0.0306374 0.890409 -0.122106 -0.438478 0.557723 0.717 -0.418158 0.890411 -0.185043 -0.415844 0.633199 -0.765059 0.117233 -0.995322 -0.0206002 0.0943938 -0.975129 -0.21739 -0.0431789 0.654159 0.435704 0.618254 -0.952934 -0.302343 -0.0224675 0.563452 0.503786 0.654768 -0.95197 -0.231617 -0.200266 0.994432 -0.10199 0.0265043 0.903667 -0.365162 0.223702 0.904979 0.334037 -0.263499 0.989136 0.0980744 -0.109506 0.655195 0.660186 -0.367252 0.787746 0.504154 -0.353956 0.0581443 -0.989119 0.135139 0.691502 -0.698483 0.184245 0.642776 -0.656051 0.39552 0.800839 -0.516417 0.303266 0.453761 0.839628 -0.298538 0.0783523 0.993319 -0.0847206 0.764925 -0.460015 0.45086 0.478113 -0.44701 0.756035 0.85806 0.496802 -0.13008 0.948093 0.294125 0.120876 0.958922 -0.282911 -0.0207172 0.91829 -0.385826 0.0887814 0.918493 -0.361926 0.159312 0.91222 -0.348438 0.215514 0.99013 -0.10722 0.0902538 0.980021 0.19319 0.0472985 -0.533645 -0.832599 -0.148334 0.589806 0.727407 -0.350725 0.98345 -0.152753 0.097426 0.585163 0.724629 -0.364002 0.796461 0.430752 -0.424385 0.917561 0.348084 -0.192144 0.822537 0.478504 -0.307355 0.996325 0.0089949 -0.0851782 0.0564138 -0.277195 -0.959156 -0.128655 -0.0646094 -0.989583 -0.82745 -0.327019 -0.456491 -0.745815 -0.623489 -0.234565 0.966558 -0.243395 -0.0807791 0.920249 -0.336266 0.200165 0.761455 -0.624633 0.173266 -0.656609 -0.0331502 -0.753502 -0.0367802 0.990274 -0.134181 0.29955 0.910328 -0.285608 0.559932 0.752148 -0.347489 -0.578206 -0.798183 -0.169061 -0.400412 -0.899698 -0.173819 -0.129862 -0.968664 -0.211722 0.54017 -0.576428 -0.613145 0.585103 -0.110845 -0.803348 0.997897 -0.0485849 0.0429073 0.990826 -0.109663 0.0789792 0.190795 -0.913802 -0.358558 0.676015 -0.517023 0.525062 0.357484 -0.528046 0.770307 0.0224786 -0.398072 -0.917079 0.933326 0.322739 -0.157294 0.942051 0.324015 -0.0869123 0.970929 -0.198757 0.13339 0.990085 0.11857 -0.0753132 -0.894607 -0.362047 -0.261917 -0.94865 -0.254395 -0.188005 -0.851615 -0.475571 -0.220417 -0.825473 -0.500766 -0.260438 -0.950008 -0.0889086 -0.299298 -0.907971 -0.221907 -0.355453 -0.82365 -0.203304 -0.529404 -0.790846 -0.288967 -0.5395 -0.589301 -0.490228 -0.642185 -0.710917 -0.311038 -0.630756 -0.360374 -0.700908 -0.615515 -0.544624 -0.409595 -0.731859 -0.077577 -0.95832 -0.274964 -0.171676 -0.782133 -0.598996 -0.660277 -0.647661 -0.380224 -0.466681 -0.725455 -0.50589 -0.40809 -0.621631 -0.668609 -0.187616 -0.508569 -0.840332 -0.141746 -0.41812 -0.897265 -0.0699883 -0.344396 -0.936212 0.0119077 -0.228838 -0.973392 0.0802343 -0.154147 -0.984785 0.0914558 0.101566 -0.990616 -0.0576918 -0.0728034 -0.995676 -0.225149 0.172743 -0.958889 -0.260042 0.19943 -0.944778 0.0556178 -0.267421 -0.961973 0.208141 -0.0557441 -0.976509 -0.169059 -0.546956 -0.819914 0.0167463 -0.458027 -0.88878 -0.436926 -0.640857 -0.631188 -0.270106 -0.620856 -0.735921 -0.612236 -0.600403 -0.514474 -0.484808 -0.625825 -0.610986 -0.777032 -0.456375 -0.433524 -0.671956 -0.502238 -0.544272 -0.599991 -0.645097 -0.473139 -0.758326 -0.534232 -0.373548 -0.0957397 -0.439262 -0.893243 -0.363499 -0.630867 -0.685475 -0.846764 -0.400879 -0.349697 0.189741 0.0316925 -0.981323 -0.628512 -0.438486 -0.64242 -0.559689 -0.451061 -0.695192 -0.30241 -0.70893 -0.637155 -0.403378 -0.596044 -0.694274 -0.420305 -0.592395 -0.687322 -0.32834 -0.735393 -0.592781 -0.156221 -0.602494 -0.782685 0.12657 -0.443217 -0.887434 -0.510705 0.488372 -0.707582 -0.511136 -0.152985 -0.845775 -0.578337 -0.460509 -0.673393 -0.304285 0.555345 -0.773953 -0.150683 -0.988413 0.0182609 0.233606 -0.969048 0.0798412 0.242061 -0.700736 -0.6711 -0.119404 -0.897373 -0.424811 0.486437 -0.76695 -0.41853 -0.0455032 -0.538281 -0.841536 0.195018 -0.636329 -0.74636 -0.0626918 -0.55766 -0.827699 -0.156384 -0.686154 -0.710449 -0.237263 -0.643024 -0.728166 -0.0309669 -0.980586 0.193627 0.0113519 -0.991027 0.133178 0.288096 -0.539485 0.791174 -0.242501 -0.91231 0.329975 0.0966495 -0.994812 0.0317392 0.0428109 -0.998801 0.0237283 0.168939 -0.980147 -0.103786 0.15199 -0.974574 -0.164633 0.0954468 -0.942354 -0.320715 0.20717 -0.977869 -0.0292179 -0.0118573 -0.937294 -0.348339 0.183095 -0.958761 -0.217379 -0.0572794 -0.950808 -0.30444 -0.174068 -0.956063 -0.235891 -0.14744 -0.829023 -0.539427 -0.111957 -0.673898 -0.730292 0.0796682 -0.992846 -0.0889321 0.0415547 -0.999127 0.00427828 0.0876973 -0.977173 -0.193498 0.0851717 -0.934166 -0.346524 -0.0387591 -0.874721 -0.483074 -0.597842 -0.189195 -0.778967 -0.579764 -0.340764 -0.740104 -0.00657146 -0.88861 -0.458617 -0.183706 -0.893379 -0.410031 -0.369885 0.224429 -0.901564 -0.408517 0.200182 -0.890529 -0.335451 -0.930218 0.148882 -0.446597 -0.878635 0.168975 0.505015 -0.860858 0.062318 0.587666 -0.805696 0.0741721 -0.93917 -0.277847 0.201892 -0.970767 -0.194622 0.140475 -0.688731 0.677099 0.259205 -0.651648 0.744282 0.146286 0.0309661 0.774078 0.632333 0.0584494 0.928739 0.366098 -0.994191 -0.105642 0.0206007 -0.997171 0.00921575 -0.0745972 -0.483823 -0.875019 -0.0160262 -0.360409 -0.923789 0.129303 -0.581494 0.808935 -0.0865394 -0.737251 0.67409 -0.0454377 0.236701 0.946262 0.220366 -0.290032 0.804405 0.518473 -0.0537623 -0.621705 -0.781404 0.110284 -0.817632 -0.56508 0.296096 -0.797196 -0.526123 0.0829367 -0.752054 -0.653862 -0.127911 -0.52403 -0.84204 -0.0728078 -0.840023 -0.537643 0.469409 -0.880861 -0.0611487 -0.247733 -0.652124 -0.716493 -0.996217 -0.0850804 0.0176839 -0.971684 -0.235901 0.0134265 -0.320137 -0.935127 0.151824 -0.398397 -0.907984 0.129789 -0.978381 -0.20175 0.0454637 -0.668068 0.742114 0.054335 -0.642948 0.764764 -0.0418879 -0.13003 0.955079 0.266299 0.346368 0.924883 0.15691 -0.883291 0.222016 0.412924 -0.914203 0.347204 0.209005 1 0 0 -0.445066 -0.618156 0.647919 -0.0366996 -0.704906 -0.708351 -0.176275 -0.473786 -0.862818 -0.0654036 0.59108 0.803957 0.210201 0.824598 0.525218 -0.159683 -0.266118 -0.950622 0.312913 -0.948784 -0.0435285 0.430506 -0.901951 0.0338952 -0.582896 -0.278456 -0.763344 -0.551078 -0.358029 -0.753743 -0.1625 -0.701536 -0.693859 -0.110996 -0.685498 -0.719565 -0.594715 -0.14612 -0.790546 -0.514676 -0.0494926 -0.855955 -0.189603 -0.453076 -0.871076 -0.592685 -0.775406 -0.217877 -0.443811 -0.860762 -0.249241 0.176326 -0.778193 -0.602765 -0.970983 -0.227722 -0.0730411 -0.986593 -0.162862 0.0104883 -0.683804 0.729624 -0.00778932 -0.522978 0.851682 -0.0336439 0.265518 0.951534 0.155188 0.298423 0.952965 -0.052931 0.135972 0.187216 0.972863 0.012511 0.280071 0.959898 0.0490423 -0.302451 0.951902 0.270314 0.0601735 0.96089 0.111666 0.279008 0.953774 0.26314 -0.415994 0.870463 0.0101136 0.285715 0.958261 -0.311002 -0.307037 0.899448 -0.137945 -0.0129308 0.990355 -0.482541 0.364593 0.796383 -0.579166 0.485226 0.655074 -0.252435 -0.00317019 0.967609 -0.220603 0.913463 0.341935 -0.289258 0.956643 -0.0341111 0.487243 0.159201 0.858632 0.496561 -0.828797 0.25792 -0.73459 -0.524786 -0.43009 -0.995272 0.0172044 0.0955951 -0.804196 -0.583634 -0.11243 0.196523 0.081435 0.977112 0.30649 -0.00441157 0.951864 -0.526507 0.849742 0.0269963 0.216642 0.134228 0.966979 0.145793 0.987497 0.0599526 0.0513686 0.126633 0.990619 0.078782 0.476393 0.875696 -0.429606 0.355689 0.830015 -0.529247 0.592078 0.607734 -0.288883 0.560678 0.776006 -0.00279832 0.0112851 0.999932 -0.52281 0.198464 0.829024 -0.112169 0.741654 0.661338 0.0946052 0.953163 0.287281 -0.308548 0.938966 0.152121 -0.418294 0.853326 0.311232 0.313222 0.941637 -0.123339 0.344184 0.872417 -0.347025 -0.00225347 0.971395 0.237457 0.487429 0.00210896 0.87316 -0.243338 -0.325782 -0.913593 -0.172768 -0.384346 -0.906879 -0.248332 0.311062 -0.917372 -0.382822 0.0930595 -0.919123 -0.386598 -0.463933 -0.797062 -0.378984 0.0993095 -0.920059 0.655154 -0.439357 0.614604 -0.180829 -0.425932 0.8865 -0.0841872 -0.562819 0.822281 0.212319 0.228232 0.950174 -0.903793 0.157071 0.398103 -0.934759 0.0975988 0.341614 -0.663172 0.634037 -0.397743 -0.931761 -0.00393735 -0.363051 -0.780661 0.169819 -0.60144 -0.738746 0.617188 -0.270804 -0.978955 0.140882 -0.147644 -0.923494 0.37928 0.0574828 -0.929082 -0.352092 -0.113305 -0.816456 -0.474028 -0.329693 -0.542732 -0.00347655 -0.839898 -0.490329 -0.175751 -0.853633 -0.536103 0.762751 -0.361668 -0.512468 0.852169 -0.105757 -0.539205 -0.0167821 -0.842008 0.382782 0.106229 0.917711 0.191182 0.0822322 0.978104 -0.288969 0.32339 0.901064 0.0244589 -0.0560269 0.99813 -0.158177 -0.305438 0.938982 0.585098 -0.153164 0.796367 0.108122 0.520857 0.846769 -0.0213015 0.791113 0.611299 -0.98346 0.0506364 0.173901 0.17514 0.870549 0.459859 0.268649 0.941629 0.202887 -0.730149 0.0682626 -0.67987 0.255669 0.826221 0.501988 0.67221 0.737388 -0.0662783 0.646996 0.726006 -0.233048 0.418198 0.870006 0.26115 -0.715869 -0.0386472 -0.697164 -0.667118 -0.25385 -0.700367 -0.47754 -0.355781 -0.803353 -0.394299 -0.202786 -0.896329 -0.510353 -0.347113 -0.786799 -0.473019 -0.497523 -0.727134 -0.404261 -0.504298 -0.763057 -0.746946 -0.298978 -0.593872 -0.593949 -0.342378 -0.728012 -0.634823 -0.442223 -0.633591 -0.861327 -0.0858098 -0.500751 -0.862502 -0.380964 -0.333102 -0.725465 -0.503835 -0.468882 -0.431737 -0.580702 -0.690209 -0.542761 -0.57158 -0.615392 -0.919375 0.223924 -0.323431 -0.934803 0.134131 -0.328866 -0.510357 0.672218 -0.536337 -0.57894 0.669104 -0.46597 -0.28691 -0.363818 -0.886182 -0.338879 -0.2999 -0.891752 0.280058 -0.903926 -0.323241 0.43561 -0.214037 0.874318 0.0728806 0.426764 0.901422 0.0380667 0.439758 0.897309 0.479759 -0.465227 0.743906 0.142612 0.886401 0.440404 0.50411 -0.133257 0.853297 -0.405788 -0.705021 -0.58162 -0.488364 -0.689483 -0.534896 -0.327057 -0.779589 -0.534111 0.302843 -0.752096 -0.585352 -0.445165 -0.718917 -0.533842 -0.184636 -0.893078 -0.41027 -0.394656 -0.845342 -0.360062 0.0226358 -0.99284 0.117287 0.906072 -0.352518 0.234017 0.749464 -0.661465 0.0277278 0.54465 0.266281 0.795267 0.296277 0.305694 0.90486 0.587077 -0.0726947 0.80626 0.382413 -0.504937 0.773821 0.583008 0.173949 0.793627 0.412082 0.591937 0.692675 -0.489726 -0.580471 -0.650555 -0.495919 -0.591075 -0.636156 -0.423431 -0.577827 -0.697726 -0.401625 -0.544866 -0.736083 -0.541519 -0.556851 -0.629821 -0.524289 -0.597639 -0.606588 -0.536185 -0.604546 -0.589092 -0.538279 -0.660019 -0.524052 0.882069 0.180261 0.435271 0.906674 -0.419444 0.0448294 -0.647596 -0.139684 -0.749071 -0.541328 -0.302576 -0.784482 -0.418317 -0.498663 -0.759175 -0.53046 -0.188829 -0.826411 0.756127 0.525105 0.390558 0.362971 0.829477 0.424522 0.10704 0.109845 0.988168 0.521195 0.168332 0.836672 -0.690779 -0.626226 -0.361477 -0.66397 -0.585713 -0.46485 0.20691 0.867862 0.451667 0.227367 0.942979 0.243095 -0.852637 -0.0435114 -0.52069 -0.878577 -0.0953032 -0.467996 -0.946131 -0.0639801 -0.317399 -0.938119 -0.0571964 -0.341558 0.887925 0.188126 0.41976 0.996742 0.0274521 0.0758466 0.991487 0.125499 0.0346873 -0.908596 0.0147657 -0.417415 -0.796996 -0.0106406 -0.603891 0.966761 -0.0297531 0.253943 0.898082 -0.394052 0.195373 0.970946 -0.19061 0.144677 -0.762634 0.0696956 -0.643064 -0.770239 0.284861 -0.570601 -0.520323 0.703002 -0.484823 -0.847696 0.416954 -0.327965 -0.71041 -0.0465416 -0.702247 -0.711047 -0.130954 -0.690842 1 0 0 0.768062 -0.385891 0.511047 -0.602221 -0.272256 -0.750471 -0.616278 -0.200335 -0.761621 -0.602651 -0.35622 -0.714086 -0.673352 -0.219797 -0.705894 -0.640383 -0.200709 -0.741368 -0.582299 -0.385888 -0.715555 -0.472679 -0.103609 -0.875123 -0.324286 0.182149 -0.928257 -0.590549 -0.321426 -0.740228 -0.869885 0.410661 0.273238 -0.888911 -0.437833 0.134684 -0.290088 -0.955531 0.053 -0.903995 -0.425481 -0.0419384 -0.962864 -0.269007 -0.0229961 -0.854627 0.519243 0.000892011 -0.945306 0.205979 -0.252922 -0.889165 -0.339416 -0.30689 -0.349398 0.906912 -0.235441 -0.834348 -0.14354 -0.532221 -0.864622 0.0210022 -0.501984 -0.759043 0.194833 -0.621204 -0.0281846 -0.53876 -0.841988 -0.600664 -0.214111 -0.770298 -0.529078 -0.27773 -0.801837 -0.616695 -0.204473 -0.760183 -0.626411 -0.274571 -0.729534 -0.704331 -0.704885 -0.0839914 -0.649094 -0.29491 -0.701217 -0.752388 -0.375192 -0.541428 -0.971789 -0.0956836 -0.215572 -0.959102 -0.256597 0.119506 -0.781966 0.623189 0.0128345 -0.839383 0.479655 0.255671 -0.60791 0.162893 0.777117 -0.878192 0.347659 -0.328499 -0.48956 -0.355714 -0.796115 0.0669724 -0.851866 -0.51946 -0.921479 -0.0480332 -0.385446 -0.913887 0.289434 -0.284674 -0.74521 0.394857 -0.537355 -0.986944 0.10151 -0.125048 -0.967605 0.205893 -0.146114 -0.934067 0.20502 -0.292378 -0.93591 -0.247177 -0.250949 -0.875461 0.481448 0.0421433 -0.837266 -0.546142 0.0267211 -0.993387 -0.0806384 0.0817253 -0.926556 -0.371732 -0.0575291 -0.884955 -0.440919 0.14982 0.486348 0.2456 0.838538 0.901767 0.245196 0.355943 0.756865 0.52585 -0.388122 -0.84204 0.310756 0.440908 0.560508 -0.827402 -0.0351719 -0.256219 -0.961947 -0.0949162 0.474653 -0.856466 -0.202907 -0.322423 -0.369675 -0.871426 -0.209115 -0.33905 -0.917233 -0.404849 -0.132656 -0.90471 -0.312037 0.122013 -0.942203 -0.417886 -0.327858 -0.847278 -0.589755 -0.33196 -0.736201 -0.562275 -0.430823 -0.70586 -0.43734 -0.407316 -0.801765 -0.525555 -0.393982 -0.754036 -0.460188 -0.355606 -0.813493 -0.530945 -0.279712 -0.799912 -0.558186 -0.354544 -0.750151 -0.541466 -0.339465 -0.769141 -0.5846 -0.325139 -0.743322 -0.535364 -0.269208 -0.80057 -0.984751 0.173912 -0.00448316 -0.962704 0.194425 0.18815 -0.996548 -0.0785395 -0.026882 -0.999141 0.0284033 0.0301807 -0.516613 -0.297487 -0.802878 -0.441157 -0.178579 -0.879483 -0.46766 -0.48513 -0.73888 -0.486056 -0.443945 -0.75277 -0.558999 -0.406378 -0.722756 -0.446998 -0.416555 -0.791628 -0.319469 -0.0586608 -0.945779 -0.206381 -0.963273 -0.171793 0.355438 -0.892436 -0.277887 -0.72899 -0.682018 -0.0585218 -0.535742 -0.411184 -0.737501 -0.387062 -0.404353 -0.828663 -0.856389 0.469912 -0.213966 -0.591294 0.663908 -0.457818 -0.961624 -0.274118 0.0117788 -0.999379 -0.0155867 0.0316076 -0.995978 0.0873888 0.0197502 -0.992383 0.116807 -0.0391401 -0.972022 0.216154 -0.0919223 -0.991269 -0.125374 -0.0408357 -0.993265 -0.108626 -0.0403212 -0.950316 -0.308476 -0.0417462 -0.995024 -0.0918906 -0.0385087 -0.985666 0.153942 -0.0690234 -0.867688 0.443718 -0.224126 -0.689343 -0.720477 -0.0756242 -0.220424 -0.962043 -0.160894 0.203667 -0.94302 -0.263122 -0.461426 -0.262694 -0.847395 -0.372485 -0.208461 -0.904322 -0.536875 -0.367313 -0.759504 -0.543233 -0.48003 -0.688817 -0.488297 -0.527184 -0.695445 -0.439133 -0.548438 -0.711602 -0.407093 -0.576284 -0.708641 -0.373139 -0.558654 -0.740725 -0.247309 -0.523218 -0.815525 -0.435826 0.77313 -0.460788 -0.99473 -0.0252081 -0.0993869 -0.94345 -0.328272 -0.0462597 -0.402895 -0.635416 -0.658728 -0.507046 -0.615094 -0.603791 -0.505413 -0.7599 -0.408791 -0.0903684 -0.757028 -0.647103 -0.158893 -0.884029 -0.439597 -0.0223678 -0.779545 -0.625947 0.027969 -0.998624 -0.0443508 0.441255 -0.880835 -0.171532 -0.767245 -0.612659 0.189694 -0.855724 -0.0273396 -0.51671 -0.885704 -0.0123266 -0.464087 -0.851477 -0.524165 0.0154317 -0.902521 0.157395 -0.400854 -0.94666 -0.304646 -0.105005 -0.981605 -0.0742246 -0.175905 -0.879695 0.329946 -0.34245 -0.874992 0.398617 -0.274762 -0.990174 0.0244969 -0.137679 -0.10389 -0.932555 -0.345757 -0.296013 0.294967 -0.908499 -0.42211 0.343575 -0.838915 -0.387991 0.813595 -0.433044 -0.413638 0.752146 -0.513011 -0.58216 0.429181 -0.690575 -0.161866 -0.651379 -0.741286 -0.109427 -0.587077 -0.802101 0.35366 -0.654579 -0.66817 -0.253738 -0.941585 0.221437 -0.495033 -0.850718 0.176695 -0.696078 -0.710118 0.105868 -0.868975 -0.49433 -0.0227996 -0.922844 -0.38061 -0.0591226 -0.180729 -0.665636 -0.724062 -0.219223 -0.683509 -0.696245 -0.0574443 -0.585177 -0.808868 -0.153861 -0.62807 -0.762794 -0.0314855 -0.585763 -0.809871 -0.192761 -0.675357 -0.711854 0.258385 -0.889355 -0.377206 0.0914404 -0.988142 -0.123344 -0.578048 -0.353051 -0.735673 -0.386377 -0.273396 -0.88089 -0.340005 -0.251355 -0.90621 -0.229284 -0.971301 -0.0632718 0.15855 -0.970387 -0.182241 -0.621042 -0.781889 -0.0543677 -0.0602532 -0.995407 0.074391 -0.214345 -0.968605 0.125937 0.0663645 -0.996888 0.0425413 0.10569 -0.990399 -0.0891057 -0.339964 -0.22173 -0.913926 -0.245581 -0.218525 -0.944424 -0.523985 -0.851653 0.0112728 -0.498816 -0.8605 0.103549 -0.342161 -0.931714 0.121801 -0.135185 -0.206289 -0.969108 -0.0662482 -0.995727 0.0643356 0.143611 -0.531292 -0.834928 0.962313 0.257717 0.0868097 0.963156 0.251524 0.0952115 0.848685 0.495619 0.184649 0.828483 0.518399 0.211844 0.56354 0.737962 0.371261 0.655827 0.693003 0.299394 0.441864 0.773853 0.453771 0.284714 0.817448 0.500717 -0.00345583 0.761009 0.648732 -0.00344457 0.788431 0.615114 -0.551215 0.826469 -0.114505 -0.3183 0.92724 -0.197259 -0.753294 0.655079 -0.0584791 -0.935966 0.351392 -0.0221764 -0.840842 -0.515098 -0.166312 -0.819061 -0.479709 -0.314671 -0.840502 -0.535643 -0.0815043 -0.874281 -0.480105 -0.0716367 -0.966873 -0.253171 -0.032587 -0.761723 -0.642227 -0.0855729 -0.795411 -0.600438 -0.0824339 -0.966599 -0.254227 -0.0324931 -0.969023 -0.245206 -0.029454 -0.748855 -0.657655 -0.0818962 -0.814662 -0.570383 -0.104826 -0.807884 -0.581026 -0.0986498 -0.980534 -0.193574 -0.032897 -0.97278 -0.22895 -0.0358054 -0.793058 -0.597079 -0.120646 -0.971396 -0.233976 -0.0405513 -0.972608 -0.226934 -0.0503489 -0.762105 -0.633736 -0.132568 -0.76435 -0.632002 -0.127838 -0.966559 -0.250367 -0.0554936 0.766432 0.592866 0.24717 0.966622 0.241104 0.0866686 -0.415289 -0.869428 -0.267639 -0.415551 -0.780321 -0.46735 -0.450048 -0.882554 -0.136218 -0.47403 -0.870522 -0.132239 -0.428046 -0.895957 -0.118482 -0.401234 -0.905687 -0.136903 -0.469265 -0.875682 -0.113891 -0.532077 -0.829145 -0.1715 -0.535822 -0.830419 -0.152642 -0.483231 -0.855714 -0.185048 -0.450261 -0.873514 -0.185034 -0.471523 -0.863797 -0.177544 0.490175 0.776291 0.396359 0.176062 0.833301 0.524034 -0.126134 -0.969696 -0.209236 -0.129087 -0.96866 -0.212211 -0.152215 -0.96364 -0.219608 -0.190229 -0.955821 -0.224097 -0.228201 -0.953063 -0.198985 -0.328823 -0.936237 -0.123836 -0.285449 -0.94961 -0.129456 -0.206292 -0.966523 -0.15257 -0.19409 -0.969015 -0.152775 -0.163743 -0.975817 -0.144806 -0.139983 -0.940418 -0.309868 -0.205369 -0.853635 -0.478676 -0.079359 0.802361 0.59154 0.158959 -0.958295 -0.237493 0.13848 -0.964768 -0.223709 0.114986 -0.962974 -0.243845 0.103855 -0.961351 -0.254989 0.0939914 -0.970485 -0.22209 0.0835925 -0.984965 -0.151184 0.0773082 -0.98407 -0.160093 0.11027 -0.978288 -0.175481 0.0961466 -0.982523 -0.159387 0.12186 -0.980627 -0.153367 0.0969814 -0.942728 -0.319152 0.00431631 -0.864269 -0.503012 -0.480171 0.869065 -0.119003 -0.215712 0.960937 -0.173403 -0.438584 0.89869 0.000284156 -0.149194 0.988808 0.000675261 -0.195977 0.980608 -0.000457759 -0.474991 0.879911 0.0118428 -0.422881 0.905878 -0.0235672 -0.138659 0.989594 -0.0384253 -0.424921 0.904773 -0.0287591 -0.136757 0.989024 -0.0559319 -0.456645 0.889559 -0.0126623 -0.108199 0.993669 -0.0302421 -0.089573 0.995883 -0.0139441 -0.0927527 0.995288 -0.028259 -0.460354 0.887673 -0.0105639 -0.484135 0.874993 -0.000774847 -0.479016 0.877753 0.00964695 -0.121393 0.992603 -0.00180453 -0.473957 0.880533 0.00516617 -0.12723 0.991872 -0.00118982 -0.0990626 0.995076 -0.00323952 -0.430195 0.902728 0.00377678 -0.44215 0.876685 -0.189546 -0.481914 0.796061 -0.366123 -0.278834 0.859211 -0.428962 -0.204485 0.950348 -0.234575 -0.724009 0.686689 -0.0653308 -0.723244 0.690541 0.00846748 -0.722752 0.691096 0.0040395 -0.712415 0.701724 -0.00697328 -0.703463 0.710648 -0.0109214 -0.72449 0.689239 -0.00800312 -0.666244 0.745717 -0.00504512 -0.72247 0.691398 0.00228042 -0.769358 0.638744 0.00970107 -0.709931 0.704254 0.00498395 -0.735173 0.677846 0.00675084 -0.675524 0.697591 -0.238817 -0.698918 0.701046 -0.14159 -0.922514 0.385044 -0.0266311 -0.92251 0.385902 0.00740232 -0.924436 0.381334 0.0017171 -0.927658 0.37342 0.00277807 -0.916628 0.399738 -0.00175555 -0.927172 0.374627 -0.00251193 -0.959162 0.282772 0.00702761 -0.955883 0.293735 0.00275581 -0.951116 0.30874 0.00756104 -0.934403 0.356186 0.00476779 -0.942507 0.334125 0.00637228 -0.902384 0.423995 -0.0770194 -0.884334 0.439448 -0.157603 -0.985241 -0.170432 -0.0158965 -0.790608 -0.606107 -0.0870224 -0.765762 -0.635541 -0.0984721 -0.984158 -0.174532 -0.0311811 -0.515596 -0.844674 -0.14383 -0.490721 -0.860212 -0.138665 -0.253004 -0.953427 -0.164212 -0.261414 -0.948523 -0.178795 0.0834848 -0.974866 -0.20656 0.110115 -0.972632 -0.2046 -0.478685 0.877961 -0.00671665 -0.472951 0.881054 -0.00790439 -0.133672 0.990382 -0.0357023 -0.0999493 0.994573 -0.0288955 -0.727919 0.685663 -0.000276656 -0.694867 0.719134 -0.0024483 -0.938484 0.345323 -0.00017286 -0.941828 0.336091 -0.0013593 -0.765853 -0.636448 -0.0916687 -0.982421 -0.185497 -0.020963 -0.771509 -0.629979 -0.0888842 -0.985705 -0.166245 -0.0273624 -0.469852 -0.872531 -0.133895 -0.449994 -0.884822 -0.120811 -0.218934 -0.962391 -0.160847 -0.227034 -0.96257 -0.148038 0.128919 -0.973641 -0.188159 0.103863 -0.979567 -0.172225 -0.147294 0.988337 -0.038653 -0.447495 0.894116 -0.0174412 -0.427994 0.903356 -0.0277477 -0.120696 0.991597 -0.0465642 -0.697389 0.71662 -0.0102126 -0.708124 0.705999 -0.0112193 -0.956657 0.291193 -0.00383631 -0.958555 0.284905 0.000608699 -0.756185 -0.649297 -0.0812262 -0.980706 -0.194833 -0.0159891 -0.452106 -0.88389 -0.119745 -0.266756 -0.954477 -0.133471 0.103086 -0.983841 -0.146387 -0.109646 0.99315 -0.0403885 -0.429377 0.902852 -0.0222241 -0.676705 0.736203 -0.00862148 -0.962103 0.272686 0.000905606 -0.814329 -0.574467 -0.0828019 -0.816787 -0.570225 -0.0877568 -0.424273 -0.893961 -0.144313 -0.401118 -0.903024 -0.15379 -0.197826 -0.965033 -0.171977 -0.187122 -0.96511 -0.18316 0.0994194 -0.97498 -0.198821 0.0585133 -0.974293 -0.217552 -0.117602 0.992978 -0.01283 -0.441656 0.89716 0.00661365 -0.37162 0.928284 -0.0137051 -0.089434 0.995264 -0.0380897 -0.782121 0.623028 0.0111011 -0.750076 0.661302 0.00804254 -0.957928 0.286941 0.00624184 -0.961821 0.273563 0.00793128 -0.808116 -0.581704 -0.0925706 -0.387956 -0.909019 -0.152229 -0.181284 -0.967491 -0.176343 0.0551198 -0.979603 -0.193234 -0.360983 0.932479 -0.01318 -0.0708906 0.99706 -0.0290986 -0.706141 0.708063 0.00336783 -0.941867 0.33592 0.00670516 -0.879918 -0.469084 -0.0755337 -0.485006 -0.862507 -0.144401 -0.144561 -0.974608 -0.171001 0.132733 -0.973992 -0.183635 -0.472464 0.881333 -0.00543049 -0.144734 0.989385 -0.0130314 -0.729608 0.683866 0.000438632 -0.931464 0.363817 0.00347304 -0.642524 -0.5596 -0.523461 -0.871674 -0.343302 -0.349753 -0.4774 -0.635627 -0.606686 -0.529659 -0.64544 -0.550335 -0.680089 0.604702 -0.414504 -0.828243 0.4913 -0.269514 -0.877733 -0.470962 -0.0881976 -0.448655 -0.875318 -0.18035 -0.126735 -0.966254 -0.224258 0.126139 -0.961046 -0.245927 -0.46548 0.882751 -0.0638678 -0.16526 0.983707 -0.0707775 -0.721508 0.691698 -0.0312942 -0.915421 0.402028 -0.0194155 -0.770668 0.637224 -0.00394936 -0.62857 0.777465 -0.0211755 -0.598281 0.779131 -0.187123 0.218585 0.974565 0.0494365 0.689343 0.71397 0.122693 -0.807713 0.588684 0.0323989 0.819746 0.571158 0.0423614 </float_array>
          <technique_common>
            <accessor count="3661" offset="0" source="#meshId1-tangents-array" stride="3">
              <param name="X" type="float" />
              <param name="Y" type="float" />
              <param name="Z" type="float" />
            </accessor>
          </technique_common>
        </source>
        <source id="meshId1-bitangents" name="meshId1-bitangents">
          <float_array id="meshId1-bitangents-array" count="10983"> 0.0127512 0.10249 -0.994652 0.0288678 0.204739 -0.978391 -0.000562583 0.177567 -0.984109 -0.000548911 0.121259 -0.992621 -0.0138387 0.0580222 -0.998219 0.0281864 0.148601 -0.988496 -0.0404479 0.00334491 -0.999176 -0.0174946 0.0660625 -0.997662 -0.0620293 -0.0709546 -0.995549 -0.00324803 0.128866 -0.991657 -0.161305 -0.137052 -0.977342 -0.109757 -0.11113 -0.987726 -0.299889 -0.122462 -0.946081 -0.317022 -0.0400252 -0.947573 -0.1309 0.31286 -0.940736 -0.217584 0.360546 -0.907008 -0.227218 0.363478 -0.903469 -0.107741 0.30341 -0.946749 -0.0108177 0.192927 -0.981153 -0.024249 0.216429 -0.975997 0.0105697 0.1263 -0.991936 -0.00212285 0.150703 -0.988577 5.64952e-05 0.11214 -0.993692 -0.00230481 0.138638 -0.99034 -0.00970575 -0.0169189 -0.99981 -0.0112622 0.0146292 -0.99983 -0.00770818 0.00113193 -0.99997 -0.0157999 -0.0422938 -0.99898 -0.110836 -0.118187 -0.986786 -0.272875 -0.137499 -0.952173 -0.198704 0.380881 -0.903021 -0.0848488 0.309044 -0.947255 0.00486773 0.176433 -0.984301 0.0119614 0.129015 -0.99157 4.82979e-05 0.107565 -0.994198 -0.000783842 -0.040165 -0.999193 -0.337434 -0.229611 -0.912917 -0.551803 -0.150156 -0.820345 0.00701255 0.0163209 -0.999842 -0.00519969 -0.0122166 -0.999912 -0.0276465 -0.0568892 -0.997998 -0.0866465 -0.13359 -0.987242 -0.000993711 0.0335859 -0.999435 -0.0984516 -0.192513 -0.976343 -0.0558134 -0.192462 -0.979716 0.0650556 -0.128774 -0.989538 -0.120736 -0.206744 -0.970917 -0.0135055 -0.183184 -0.982986 0.252349 -0.0935655 -0.963102 -0.0668401 -0.224716 -0.972129 0.455999 -0.185933 -0.870341 -0.0496597 -0.252938 -0.966207 0.489036 -0.31831 -0.81211 0.130277 -0.150528 -0.979984 0.316717 -0.384291 -0.867186 0.456053 -0.381482 -0.804044 0.0367407 -0.0948034 -0.994818 0.0651313 -0.0748774 -0.995063 0.0872245 -0.120674 -0.988853 -0.00307101 0.135803 -0.990731 -0.0643262 0.301244 -0.951375 -0.0669042 0.281695 -0.957169 0.00376603 0.137925 -0.990435 4.42823e-05 0.0999985 -0.994988 0.0118158 0.0666322 -0.997708 4.12038e-05 0.0682369 -0.997669 0.00803578 0.0477697 -0.998826 3.45389e-05 0.0850066 -0.99638 0.0239433 -0.0197944 -0.999517 0.00775315 0.0250551 -0.999656 3.28539e-05 0.0360737 -0.999349 -0.00726974 0.0268296 -0.999614 0.000501066 0.0221426 -0.999755 3.02623e-05 0.0217137 -0.999764 -0.0870965 -0.178393 -0.980097 -0.0486456 -0.115118 -0.99216 -0.000737108 -0.0511459 -0.998691 -0.00510571 -0.0647933 -0.997886 -0.0544658 -0.169303 -0.984058 -0.0830252 -0.20099 -0.976069 -0.0283401 -0.182293 -0.982836 -0.000585134 -0.21587 -0.976422 -0.0666888 -0.194016 -0.978729 -0.0618403 -0.204826 -0.976843 -0.0402391 -0.242171 -0.969399 -0.0013299 -0.270639 -0.96268 -0.184233 -0.219049 -0.958163 -0.240072 -0.211351 -0.947468 -0.202684 -0.214917 -0.955369 -0.326675 -0.164952 -0.930631 -0.239872 -0.191782 -0.951673 -0.340841 -0.118449 -0.932629 -0.202946 -0.106893 -0.973338 -0.156762 -0.141583 -0.977435 0.0411786 -0.107727 -0.993327 -0.0280797 -0.114696 -0.993004 0.0719491 -0.107952 -0.991549 0.0334594 -0.119289 -0.992296 -0.0629834 0.084026 -0.994471 -0.0133247 0.0297002 -0.99947 -0.0958158 0.144701 -0.984825 -0.125574 0.164335 -0.978379 -0.0628503 0.115461 -0.991322 -0.0160865 0.0539234 -0.998416 2.16065e-05 0.0284445 -0.999595 -0.0667704 0.114394 -0.991189 -0.116908 0.171131 -0.978288 -0.155103 0.199927 -0.967456 -0.082627 0.120154 -0.989311 0.0649672 -0.0545903 -0.996393 0.0406554 -0.0366367 -0.998501 -0.00825729 0.0369897 -0.999282 0.0269358 0.00524063 -0.999623 -0.0433958 0.0868669 -0.995274 -0.0603918 0.119501 -0.990996 -0.00945924 0.0124819 -0.999877 -0.0274605 0.0525825 -0.998239 -0.0141215 0.0500204 -0.998648 -0.016082 0.0475962 -0.998737 -0.0152322 0.0387953 -0.999131 -0.00313204 0.0118662 -0.999925 1.31377e-05 0.0143783 -0.999897 -8.42571e-07 0.045978 -0.998942 -1.164e-05 0.00437385 -0.99999 4.02535e-06 0.0396181 -0.999215 -0.0802835 -0.255036 -0.963593 -0.0754523 -0.20545 -0.975755 -0.0966958 -0.218042 -0.971137 -0.000493411 -0.310551 -0.950556 -0.0586258 -0.297606 -0.952887 -0.0500941 -0.189904 -0.980524 -0.0624341 -0.185306 -0.980695 -0.107251 -0.206983 -0.972448 -0.0275045 -0.206039 -0.978157 -0.000679836 -0.207597 -0.978214 -0.0502716 -0.162888 -0.985363 -0.100514 -0.186156 -0.977365 -0.000706526 -0.0468884 -0.9989 0.00936834 -0.0802861 -0.996728 -0.0180183 -0.123928 -0.992128 -0.0827974 -0.180713 -0.980045 -0.142497 -0.194591 -0.970479 -0.000728436 -0.0747067 -0.997205 -0.0089618 -0.105626 -0.994366 -0.0381405 -0.155364 -0.987121 -0.0590174 -0.137631 -0.988724 -0.110102 -0.156464 -0.981528 -0.0145908 -0.105056 -0.994359 -0.000699314 -0.103946 -0.994583 -0.0257641 -0.117935 -0.992687 0.0605104 -0.0510565 -0.996861 0.0425991 -0.0110504 -0.999031 -0.000708016 -0.103366 -0.994643 -0.0118662 -0.0731711 -0.997249 0.00451531 -0.028102 -0.999595 0.127252 -0.00555817 -0.991855 0.0920097 0.0781202 -0.992689 0.00228151 0.0221733 -0.999752 -0.00070575 -0.00200864 -0.999998 0.0442944 0.0632043 -0.997017 0.0512687 0.0777826 -0.995651 -0.0183701 -0.0352048 -0.999211 0.0368243 0.0981648 -0.994489 -0.000711551 0.100514 -0.994935 0.0110009 0.0992089 -0.995006 0.0193684 0.153024 -0.988033 0.000471335 0.0746004 -0.997213 -0.0347727 0.0299978 -0.998945 -0.00071954 0.159137 -0.987256 0.0152564 0.166598 -0.985907 0.0296322 0.250193 -0.967743 0.0197307 0.192016 -0.981194 -0.0139183 0.177827 -0.983963 -0.000831229 0.269968 -0.962869 0.0230102 0.274111 -0.961423 0.0088401 0.286379 -0.958076 0.0353903 0.314749 -0.948515 0.0682476 0.360286 -0.930342 0.0799587 0.394652 -0.915345 -0.000849405 0.271727 -0.962374 0.016426 0.359373 -0.933049 0.0483443 0.379753 -0.923824 0.162257 0.509838 -0.84483 0.2892 0.619196 -0.730041 -0.000833069 0.366923 -0.930251 0.069802 -0.0859253 -0.993853 0.06224 -0.0906676 -0.993934 0.0230337 -0.0621075 -0.997804 0.00963928 -0.0500344 -0.998701 -2.14382e-05 -0.0354334 -0.999372 0.0340677 -0.0999242 -0.994412 0.0553014 -0.119952 -0.991238 0.0604423 -0.163779 -0.984644 0.0576093 -0.154477 -0.986315 0.150472 -0.268649 -0.951412 0.0991256 -0.220937 -0.970238 0.288835 -0.326363 -0.900034 0.135653 -0.247936 -0.959232 0.0380456 -0.115176 -0.992616 0.0138792 -0.0797804 -0.996716 -2.47166e-05 -0.0539063 -0.998546 0.0345116 -0.120652 -0.992095 0.0145625 -0.0971123 -0.995167 -3.18542e-05 -0.0866374 -0.99624 0.0422293 -0.142104 -0.98895 0.0141647 -0.112058 -0.993601 -3.86903e-05 -0.105829 -0.994384 0.0422075 -0.138867 -0.989411 -0.00330471 -0.0614245 -0.998106 -5.81807e-05 -0.0301602 -0.999545 -0.230644 0.490151 -0.840568 -0.4419 0.489444 -0.751777 0.086897 -0.363276 -0.92762 0.123536 -0.18188 -0.97553 0.225811 -0.0651694 -0.971989 0.0815047 -0.369431 -0.925677 0.0247201 -0.637802 -0.769803 -0.0312084 -0.778305 -0.62711 -0.132639 -0.991112 -0.0101482 -0.106048 -0.994333 -0.0075071 -0.0804974 -0.640593 0.763649 -0.0617133 -0.844209 0.53245 0.143123 -0.472671 0.869539 0.148438 -0.276884 0.949369 0.250347 0.191453 0.949037 0.158776 0.185868 0.969661 0.880737 0.459948 -0.112914 0.957985 0.276165 0.0774397 0.97839 0.0371657 0.2034 0.961234 0.248363 0.119769 0.640897 0.559922 -0.525107 0.881524 0.457556 -0.116435 0.35668 0.315161 -0.879462 0.654718 0.544268 -0.524516 0.394946 0.251598 -0.883581 0.192103 0.00131578 -0.981374 0.220516 -0.104676 -0.96975 0.0783523 -0.40566 -0.91066 -0.0945234 -0.79265 -0.602305 -0.1339 -0.990792 0.0200258 0.00138123 -0.854084 0.520134 0.193688 -0.494689 0.847212 0.348085 0.0959531 0.932539 0.983922 -0.119218 0.132987 0.974348 0.150994 0.166875 0.905943 0.411763 -0.0985851 0.674114 0.470466 -0.569414 0.363637 0.146046 -0.920021 -0.208165 -0.685757 -0.697427 -0.127918 -0.990855 -0.0429266 0.108504 -0.887983 0.446892 0.336725 -0.552669 0.762347 -0.0261001 -0.310814 -0.950113 0.115892 -0.0996071 -0.988255 0.223985 0.0755994 -0.971656 0.584993 0.380371 -0.716311 0.897179 0.376804 -0.230411 0.996908 0.0721893 -0.0310256 0.979743 -0.192385 -0.0556045 0.480611 0.0724993 0.873932 0.780602 0.328632 -0.531659 0.315487 0.306444 -0.898087 -0.201869 -0.976913 -0.06993 -0.429507 -0.566847 -0.702999 0.0394538 0.110416 -0.993102 -0.219108 -0.182913 -0.958402 -0.0668311 -0.0284234 -0.997359 0.940855 0.0570589 -0.333972 0.925176 -0.271773 -0.26493 0.454482 -0.602056 0.656487 0.645215 -0.051645 0.762254 0.147364 -0.923814 0.353343 -0.200277 0.0831724 -0.976203 -0.379764 -0.136519 -0.914954 -0.521527 -0.559167 -0.64447 -0.271177 -0.956822 -0.104663 0.221431 -0.941662 0.253459 0.555711 -0.662514 0.502255 0.770857 -0.0900031 0.630618 0.818568 -0.215074 -0.532625 0.835349 0.129247 -0.53431 0.556722 0.401684 -0.727125 0.142713 0.363631 -0.920546 -0.0758395 0.243404 -0.966956 -0.00403681 0.302295 -0.953206 -0.203787 0.159328 -0.965963 -0.45002 -0.158355 -0.878866 -0.550394 -0.59643 -0.584241 -0.309887 -0.943693 -0.11582 0.226643 -0.948445 0.221552 0.641099 -0.659712 0.392139 0.864996 -0.121639 0.486812 0.691505 0.131581 -0.710286 0.729846 -0.167715 -0.662719 0.451554 0.39463 -0.800229 0.160919 0.38795 -0.907524 0.0743518 0.283178 -0.956181 -0.156347 0.152093 -0.975922 -0.441066 -0.139222 -0.88661 -0.562356 -0.535125 -0.630394 -0.375622 -0.906266 -0.19388 0.141401 -0.973196 0.181368 0.647743 -0.710572 0.274804 0.94726 -0.170216 0.271524 0.734449 -0.326145 -0.595159 0.715437 0.0536064 -0.696618 0.496699 0.285734 -0.81954 0.277827 0.345459 -0.896365 -0.121879 0.223247 0.967113 -0.281054 0.226691 0.932534 -0.160422 0.370439 0.914899 -0.119861 0.396953 0.909979 -0.191622 0.621345 0.759744 -0.0316937 0.57114 0.82024 -0.380502 0.776853 0.501715 -0.508987 0.619861 0.597247 0.532047 0.0950591 -0.841362 0.570777 -0.0903415 -0.81612 0.488124 0.00880709 -0.87273 0.353812 -0.0120098 -0.93524 0.155153 -0.0879146 -0.983971 0.324074 -0.130008 -0.937056 0.192242 -0.0600915 -0.979506 0.285812 -0.0234446 -0.957999 -0.0978581 0.454892 0.885153 -0.00348507 0.57944 0.815008 -0.0816292 0.49992 0.862216 0.130604 0.161042 -0.978268 0.0171647 0.420838 -0.906974 0.00517897 0.461801 -0.886968 -0.242889 0.955436 0.167771 -0.32232 0.917344 0.233644 -0.231266 0.670574 0.704874 -0.347759 0.6578 0.668103 -0.319528 0.862563 0.392284 -0.284248 0.834365 0.472269 -0.332219 0.935105 0.123327 -0.389634 0.797667 0.460341 -0.407137 -0.277129 0.87031 -0.46677 -0.228978 0.854222 -0.00511273 0.0979186 0.995181 0.0396791 -0.036538 0.998544 0.178515 0.501061 0.8468 0.156178 0.489471 0.85792 -0.13461 0.667204 0.732611 -0.014479 0.707726 0.706338 -0.110522 0.74528 0.657528 0.0953402 0.979569 0.177075 0.162423 0.806375 0.568663 -0.478071 0.770462 0.421706 -0.432403 0.556348 0.70958 -0.273959 0.530493 0.802199 -0.739194 0.527916 0.418207 -0.400047 0.698589 0.593242 -0.45199 -0.447205 0.771824 -0.563326 -0.528773 0.634873 -0.411517 -0.416593 0.810619 -0.435384 -0.317856 0.842264 -0.00583065 -0.112141 0.993675 0.583798 0.287634 -0.75924 -0.398238 -0.0590185 -0.915382 0.152473 0.419692 0.894768 -0.235588 0.0534553 -0.970382 -0.187876 0.612185 0.76807 0.316231 0.543879 0.777299 -0.177631 0.658577 0.731248 0.607993 -0.200048 -0.768326 0.453862 -0.445146 -0.771916 -0.766827 0.021044 -0.641509 -0.3854 0.0913539 -0.918216 -0.404752 -0.0959249 -0.909381 -0.647107 -0.236185 -0.724892 0.131871 0.35093 0.92707 0.0324967 0.559991 0.827861 -0.0236216 0.636856 0.770621 0.00484808 0.484791 0.874617 0.00978837 0.517905 0.855383 0.0940279 0.441982 0.892082 -0.00982612 0.289999 -0.956977 -0.00833451 0.421902 -0.906603 -0.380761 0.305223 -0.872846 -0.323211 0.166567 -0.931552 -0.477455 -0.00612479 -0.878635 -0.318649 -0.016059 -0.947737 -0.0210906 0.782632 0.622128 0.0383994 0.508765 0.860048 -0.930567 0.365899 -0.0127625 -0.348921 0.556582 -0.75397 -0.16809 0.264281 -0.949685 -0.0516033 0.457747 -0.887584 0.282738 0.763128 -0.581115 -0.111611 0.628241 0.769972 0.590982 0.475345 0.651758 0.448704 0.707598 0.545866 0.374397 0.908923 0.183539 0.52721 0.824112 0.207096 -0.156539 0.975564 -0.154175 -0.123347 0.978128 0.167485 0.0143601 -0.463765 -0.885842 -0.00632698 -0.496915 -0.867776 0.117989 -0.537795 -0.834779 0.0953791 -0.429204 -0.898157 -0.0465398 -0.223429 -0.973609 -0.0170708 -0.243172 -0.969833 -0.403663 -0.0768756 -0.911672 -0.462933 -0.153591 -0.872985 -0.792689 -0.28286 -0.540031 -0.798786 -0.237225 -0.552869 -0.0896636 0.882578 0.461538 -0.23783 0.715956 0.656387 0.620849 0.279625 0.732364 0.588978 0.726753 0.353463 -0.372494 0.62682 0.684357 -0.0799414 0.951709 0.296411 0.0379386 0.700545 -0.712599 -0.438022 0.531574 -0.724959 0.0171224 -0.398351 -0.917073 -0.0602552 -0.504562 -0.86127 -0.60116 0.123451 -0.789535 -0.0746416 -0.143452 -0.986839 -0.649085 -0.0715927 -0.75734 -0.38864 -0.0752312 -0.918313 -0.680477 -0.455857 -0.573712 -0.682693 -0.211935 -0.699295 0.0496981 -0.902489 0.427835 -0.380728 -0.452365 -0.806481 -0.365231 -0.160157 -0.917037 -0.0594254 0.56197 0.82502 -0.70816 0.116321 0.696404 -0.589674 -0.0129516 0.807538 -0.351547 0.306019 0.884741 -0.055606 0.411738 0.909604 -0.0860073 0.341657 0.935881 0.413887 0.812905 0.409736 -0.040786 0.952029 0.303276 -0.0712117 0.715884 -0.694578 -0.134933 0.501751 -0.854423 -0.0654359 0.993872 0.0890879 0.298838 0.931056 0.209357 -0.177292 -0.194751 -0.964697 -0.257761 0.0481119 -0.96501 0.178888 -0.844421 -0.504928 0.112089 -0.452066 -0.884914 -0.580157 0.0650192 0.811905 -0.321061 0.448294 0.834238 -0.330064 0.891086 0.311486 0.00442455 0.966663 0.256012 -0.156788 0.776357 -0.610481 -0.266673 -0.224114 -0.937368 0.173162 -0.849776 -0.497891 -0.719761 -0.00148205 0.69422 0.52884 0.215441 0.820922 -0.169256 -0.148525 0.974316 -0.611498 -0.597378 0.518854 0.783443 0.585858 0.207336 0.742354 0.242013 -0.624772 -0.0574311 0.972183 0.227074 0.540336 -0.225937 -0.810549 0.617146 -0.203437 -0.760095 -0.222918 0.906613 0.358275 -0.374963 0.924119 -0.0735264 -0.327737 0.943012 -0.0575926 -0.26265 0.73589 -0.624084 -0.480559 -0.0418863 -0.875962 -0.319214 -0.865961 -0.384986 -0.458755 0.0524007 0.887017 -0.187531 0.249194 0.950123 0.386782 0.0777734 0.918886 0.419588 0.104767 0.901648 0.591969 0.803442 0.0636728 0.466045 0.867515 0.173841 0.29878 0.596612 -0.744839 0.729295 0.683915 0.0197276 0.661705 0.749148 0.0303978 0.264393 0.627896 -0.732013 -0.0121681 -0.296383 -0.954992 -0.0645163 -0.297673 -0.952485 0.166464 -0.868966 -0.466035 0.158779 -0.853629 -0.496091 -0.10895 -0.516577 0.849281 -0.769724 -0.592414 0.237843 -0.802292 -0.491438 0.338845 -0.13442 -0.449792 0.88296 -0.217345 0.36036 0.907139 -0.218516 0.896585 0.385209 -0.0293488 0.94134 0.33618 -0.175854 0.395742 0.901367 0.354369 -0.0946466 0.930304 0.192563 0.0210633 0.981059 0.587404 -0.0931209 0.803919 0.539103 -0.0318009 0.84164 -0.0869548 -0.635287 -0.767365 -0.101136 -0.761267 -0.640503 0.377113 -0.0672513 -0.923722 0.156875 -0.181292 -0.970836 0.133259 0.658844 -0.740383 0.121102 0.835521 -0.535947 -0.000250652 0.937667 0.347534 -0.361185 0.913688 0.186333 0.0381179 0.954553 0.295593 -0.00247588 0.433983 0.900918 0.367191 0.03634 0.929436 0.49419 0.069551 0.866567 -0.0906225 -0.773432 -0.627368 0.430354 -0.193003 -0.881785 0.193188 0.808757 -0.555509 -0.311249 0.943338 0.115056 0.566269 -0.476129 -0.672785 0.915614 -0.325741 0.235676 -0.421334 0.0099659 -0.906851 -0.358528 -0.235946 -0.90321 -0.181785 0.366613 0.912441 -0.13959 0.658257 0.739738 0.487889 -0.871512 0.0493102 0.312733 -0.604294 0.732821 -0.333802 -0.0298291 -0.942171 0.467259 -0.346836 -0.813249 -0.061491 0.741176 0.668489 0.0827076 0.273507 0.958308 -0.683342 -0.134432 -0.717615 0.208656 0.219013 0.953151 -0.0162654 0.839817 0.542626 -0.277752 0.414275 0.866735 0.632392 -0.238951 -0.736874 0.180278 -0.942871 -0.280169 0.387739 -0.89953 -0.201257 0.696424 -0.14649 -0.70252 0.218791 -0.442756 0.869538 0.619482 0.685042 -0.383354 0.806253 -0.537204 0.247726 0.47341 0.733575 -0.487596 0.228735 0.970538 0.0757345 0.0878438 0.944081 0.317797 0.577893 -0.815481 0.0320983 0.0447059 0.99769 0.0511561 -0.20824 0.237726 0.948748 -0.716209 -0.518298 0.467346 -0.885331 -0.0396733 0.463266 -0.344561 0.454329 0.8215 0.131462 0.913602 0.384772 0.309007 0.785604 0.536043 0.399444 0.879607 -0.258334 0.586637 0.806297 -0.0757761 -0.488397 0.738549 -0.464773 -0.574017 0.663593 -0.479738 -0.327668 0.0907193 -0.940428 -0.183715 0.130796 -0.974239 -0.0714507 -0.791529 -0.60694 -0.271388 -0.890134 -0.366073 0.0684448 -0.932396 0.354899 -0.120266 -0.919689 0.373774 0.0292747 0.5299 0.847555 -0.222325 0.210959 0.951876 -0.690674 -0.36186 0.626121 0.0571027 -0.762267 -0.644738 0.209081 -0.965411 0.155775 -0.179621 -0.00962987 -0.983689 -0.49916 0.216451 -0.83904 0.596507 0.672344 0.43833 0.733251 0.586209 -0.344532 0.895235 0.381791 -0.229762 0.0718974 -0.0250649 -0.997097 0.0963558 0.097536 -0.990557 -0.636423 -0.440453 -0.63322 -0.613771 -0.297736 -0.73119 -0.919956 0.298678 -0.253914 -0.899473 -0.433273 0.0567641 0.12877 0.924054 -0.359921 0.234724 0.89149 -0.387493 0.0525931 0.48089 -0.875202 0.0890688 0.359364 -0.928937 -0.280369 -0.69364 -0.663518 -0.428303 -0.253785 0.867265 -0.449065 -0.307064 0.839078 0.185452 0.71952 0.669252 -0.214571 -0.714885 -0.665507 0.964168 0.0519833 -0.260148 -0.289865 -0.915351 0.279484 0.79484 -0.559158 -0.235737 -0.486328 -0.636788 -0.59832 -0.428164 -0.732655 -0.529048 -0.630228 0.670395 -0.391642 -0.471088 0.681374 0.560183 -0.163806 0.819273 0.549508 0.0507228 0.0844962 -0.995132 0.543177 0.769194 -0.336601 0.0305854 0.996885 0.0726976 -0.622419 -0.516909 -0.587708 0.117862 0.868632 -0.481235 -0.826677 -0.525047 0.202312 -0.687696 0.363649 -0.628358 -0.601331 -0.106842 -0.791824 0.0615237 0.888448 -0.454836 0.000664394 0.197684 -0.980265 -0.573212 -0.756265 -0.315422 -0.248361 -0.735992 -0.629788 -0.357016 -0.863212 0.356938 -0.171117 -0.944826 0.279324 -0.0767726 0.652062 0.754268 -0.0472254 0.656178 0.753127 -0.0308908 0.589616 0.807093 -0.055568 0.521228 0.851606 -0.119868 0.438164 0.890867 -0.168971 0.34575 0.922987 -0.124532 0.141497 0.982074 -0.14089 0.380565 0.913959 -0.205243 0.712389 0.671102 -0.17859 0.630414 0.755436 -0.295102 0.174527 0.939391 -0.583661 0.0231886 0.811666 0.343813 -0.887357 -0.307229 0.119683 -0.789281 -0.602255 0.0370832 -0.192695 -0.980558 -0.0309792 0.292879 -0.955647 -0.06163 0.279068 -0.958292 -0.121529 0.0612814 -0.990694 0.000305623 -0.526605 -0.85011 -0.0575562 -0.276228 -0.959367 -0.123353 0.361021 -0.924363 -0.0409177 0.0368884 -0.998481 0.254894 -0.00889526 0.966928 0.0433134 -0.40519 -0.913206 0.00184692 -0.546162 -0.837677 -0.179855 0.321723 0.929595 -0.0125894 0.457589 0.889075 -0.20932 0.462035 0.861806 -0.101512 0.408232 0.907217 -0.068089 0.520143 0.851361 -0.0483432 -0.997098 0.058815 0.588697 -0.785151 0.192283 -0.559129 -0.404583 -0.723662 -0.361429 -0.0829496 -0.928703 0.00447659 0.502417 0.864614 -0.185425 0.445693 0.875771 -0.24258 0.522462 0.817428 -0.455546 -0.813654 -0.361171 -0.293071 0.197086 0.935557 -0.434366 0.136767 0.890293 -0.186894 0.293931 0.937376 -0.118878 0.122581 -0.985313 0.123655 0.241007 -0.962614 0.416128 0.247059 -0.8751 0.806796 -0.147476 -0.572128 0.72725 -0.510047 -0.459303 -0.036622 -0.344668 -0.93801 -0.030538 -0.231499 -0.972356 0.655776 0.15315 -0.739259 0.249463 -0.848832 -0.466104 0.0972001 -0.76888 -0.631962 0.933131 -0.3376 0.123668 -0.041615 -0.369948 -0.92812 0.0118363 -0.410212 -0.911913 0.0010578 -0.560816 -0.82794 0.0526867 -0.183546 -0.981598 -0.0717116 0.462219 -0.883862 0.192509 0.683519 -0.70409 0.241418 0.72912 -0.640392 -0.0328006 0.512025 -0.858344 -0.288098 0.119872 -0.950068 -0.311782 0.208987 -0.926885 -0.554886 0.0333392 -0.831258 -0.558484 -0.128691 -0.819472 -0.682208 -0.0871142 -0.72595 -0.525645 0.370979 -0.765553 -0.837535 -0.311213 -0.44909 -0.692976 0.240549 -0.679647 -0.977211 -0.212251 -0.00292995 -0.544347 0.190344 -0.816979 0.31209 0.670281 -0.673293 0.542567 0.761416 -0.354778 0.490073 0.789899 -0.368631 0.712396 0.674831 -0.192601 0.726454 0.660781 -0.188769 0.839766 0.530707 -0.114644 0.738961 0.653798 -0.162743 0.9094 0.393184 -0.135637 0.655488 0.755009 -0.0172255 0.961352 0.268427 -0.0612329 0.511804 0.801223 0.309997 0.97423 -0.0262 0.224031 0.936078 0.278138 -0.2154 0.948252 0.287506 -0.134749 0.658395 0.663931 -0.354558 0.744062 0.616384 -0.257765 0.405818 0.766681 -0.497507 0.291557 0.781187 -0.552034 -0.015324 0.692387 -0.721363 0.115564 0.711639 -0.692975 -0.179973 0.498895 -0.84777 -0.369948 0.409021 -0.83417 0.196221 0.733528 -0.650718 0.511652 0.764074 -0.392941 0.776647 0.61157 -0.151003 0.933189 0.351888 -0.0730234 -0.0256205 0.625868 -0.779508 0.958387 0.223102 -0.178101 -0.571091 0.300567 -0.763881 -0.736804 0.11311 -0.666578 -0.888975 0.031409 -0.456878 -0.162939 0.699827 -0.69548 -0.287831 0.631315 -0.720135 -0.412907 0.452688 -0.790305 0.211801 0.794415 -0.569249 0.574807 0.696348 -0.429764 0.57923 0.412749 0.702944 0.564565 0.549501 0.615886 0.0498611 -0.803944 0.592611 0.500548 -0.746959 0.437612 0.801171 0.111275 -0.588 0.559524 0.414275 -0.71785 0.969831 -0.195331 -0.145854 0.946313 -0.207719 0.247678 0.61748 -0.647048 0.447266 0.374403 -0.615788 0.693273 0.0298991 -0.827908 0.560066 -0.118389 -0.740135 0.661955 -0.239244 -0.765161 0.597739 -0.405558 -0.700473 0.587248 -0.699324 0.117153 0.70514 -0.527402 0.161507 0.834124 -0.57291 -0.564926 -0.593829 -0.858469 0.0779533 0.506906 -0.909474 0.101224 0.40325 -0.796791 0.022257 0.603845 -0.40049 -0.0279512 0.915875 -0.334213 0.0366989 0.941783 -0.902235 0.218014 -0.372079 -0.897207 0.201817 -0.392797 -0.346636 0.269876 -0.898338 -0.289897 0.33018 -0.898299 0.329457 0.282285 -0.900985 0.292546 0.30754 -0.905448 0.187215 0.736057 -0.650516 0.22478 0.559202 -0.797977 -0.98098 0.0622476 0.183856 -0.883846 0.0387562 0.466169 -0.889823 0.164165 -0.425753 -0.438277 0.34746 -0.828966 0.210065 0.479767 -0.851878 0.83213 0.184896 0.522851 0.513014 -0.369637 0.774716 0.452487 -0.268305 0.850452 0.842592 0.251416 0.476266 0.397625 0.873206 0.281791 0.487108 0.802272 0.345089 0.149857 -0.103336 -0.983293 0.1091 -0.169742 -0.979431 0.210106 -0.192644 -0.958511 0.173791 -0.100073 -0.979685 0.206617 -0.0124942 -0.978342 0.143132 -0.000412488 -0.989704 -0.0287891 0.216986 -0.97575 0.129771 0.236613 -0.962899 -0.454865 0.301668 -0.83791 -0.528237 0.524396 -0.667814 0.00392343 -0.155702 -0.987796 0.0795254 -0.107684 -0.990999 -0.0944975 -0.0340277 -0.994943 -0.0677429 -0.319807 -0.945058 -0.0292151 -0.0855406 -0.995906 -0.033236 -0.0309861 -0.998967 -0.501462 0.589169 -0.633574 -0.511943 0.0712997 -0.856055 0.995187 -0.0308454 0.0930124 0.557884 -0.578714 0.594858 0.497906 -0.598887 0.627235 0.991926 -0.126363 -0.0107506 0.577586 0.474988 -0.663913 0.591548 0.721773 -0.359324 0.382029 -0.140171 -0.913458 0.526816 0.711328 -0.465272 0.0602553 0.822953 0.564905 0.64214 0.0963606 -0.760507 0.158585 0.608985 -0.777167 0.163913 -0.068746 -0.984076 0.0555076 0.0444056 -0.99747 -0.412465 0.430106 -0.803045 -0.0581355 -0.00580336 -0.998292 -0.714494 0.276475 -0.642698 -0.36772 0.0200193 -0.929721 0.997379 -0.00822888 -0.0718924 0.432788 -0.686061 0.58482 0.581879 -0.672785 0.456921 0.993404 -0.0567428 -0.0996429 0.503828 -0.599097 0.622287 0.97711 -0.021831 0.211613 0.546907 0.712541 -0.43952 0.648111 0.640275 -0.41231 0.457153 0.873431 -0.167717 0.655941 -0.182733 -0.732359 0.221703 -0.142074 -0.964709 0.816645 0.076793 0.572008 0.292307 -0.674523 0.67792 0.24229 -0.589937 0.77024 0.859497 0.181914 0.477673 0.656297 0.656173 0.372439 0.502145 0.847123 0.173877 0.865138 0.496626 -0.0700004 0.673189 0.351424 -0.650628 0.239527 0.38196 -0.892599 0.140543 0.365923 -0.919972 0.0434177 0.19998 -0.978837 -0.0383921 0.15303 -0.987475 0.0534226 -0.0607086 -0.996725 0.0550387 -0.0731337 -0.995802 -0.163746 0.114118 -0.97988 -0.0552834 -0.0726237 -0.995826 0.989144 -0.0295801 0.14394 0.425695 -0.887715 0.175346 0.449299 -0.857857 -0.249422 0.997791 0.0661315 -0.00629039 0.503371 0.843417 -0.187791 0.504661 0.709621 0.491686 -0.137286 0.921941 0.362184 -0.446746 0.856061 -0.259958 -0.425035 0.902389 0.0709849 -0.227698 0.971718 0.0625868 -0.803798 0.473884 0.359642 -0.864298 0.345543 0.365499 -0.593973 -0.152254 0.789946 -0.683984 0.231482 0.691796 -0.405049 -0.912278 -0.0607035 0.552206 -0.530892 -0.642824 0.664758 0.429663 0.611135 0.385794 0.656466 -0.648241 0.0692586 0.564333 -0.822637 0.972895 -0.107673 0.204649 0.531915 -0.830082 0.167424 -0.274146 0.19975 -0.940715 0.568597 0.82251 0.0132139 -0.446193 -0.0115468 -0.894862 -0.42151 0.896498 -0.136459 0.291135 -0.816937 0.49785 0.382583 -0.786981 0.484037 0.960983 -0.265366 0.0780563 0.990956 -0.0838052 -0.104798 -0.825493 0.360503 0.43428 -0.42462 0.905327 -0.00902909 0.69391 0.485452 -0.531813 0.847278 0.365753 -0.385155 -0.482678 0.0167481 0.875638 0.556152 0.0302958 -0.830528 0.878258 0.111626 -0.464976 0.822864 0.102297 -0.558954 0.395264 0.0111701 -0.9185 -0.300986 -0.939113 -0.165753 -0.969941 -0.0827084 -0.228853 -0.602227 0.779598 -0.171899 -0.680105 0.730356 0.0635445 -0.978572 -0.171694 -0.11366 -0.530405 -0.818871 0.219366 -0.388779 -0.885142 -0.255684 -0.0394911 0.832315 0.552894 0.499699 0.860958 -0.095143 -0.329446 0.763083 0.55603 -0.521462 0.722715 0.453608 -0.302026 0.724653 0.619402 -0.412099 0.57037 0.71053 -0.412535 0.753043 0.512582 0.012958 0.999665 0.022415 -0.0234642 0.969659 0.243331 -0.56798 0.7864 0.242845 -0.151768 0.0189311 -0.988235 0.0902235 0.668709 -0.73803 0.223311 0.778168 -0.587015 -0.0451132 0.256185 -0.965575 -0.474504 0.823849 -0.310029 -0.870417 -0.0491014 -0.48986 -0.0613777 -0.0864928 -0.99436 0.155372 -0.510278 -0.845858 -0.302647 -0.936873 -0.175136 -0.431739 -0.901999 -0.000291243 -0.514132 -0.854451 0.0747102 0.381656 -0.901621 0.203516 0.477918 -0.864276 0.156913 -0.617725 0.71127 0.335425 0.199993 0.924421 0.324728 0.993415 -0.0860908 0.0756017 0.956931 -0.247447 0.151836 -0.175889 0.496139 0.850241 0.805602 0.398192 -0.43869 0.876467 0.331029 -0.349607 0.0909808 0.976425 0.195748 0.784467 0.480768 -0.391757 0.817315 0.485849 -0.309754 0.703176 0.449922 -0.550557 0.472095 0.357957 -0.805601 0.170078 0.978045 0.120424 0.771946 0.0329023 0.634836 0.293955 -0.776483 0.557373 0.314995 -0.731839 0.604309 0.808254 0.152759 0.568675 0.824273 0.206438 0.527216 0.296174 -0.68063 0.670092 0.573974 0.776802 0.259101 0.456101 0.889928 0.000375286 0.526468 0.847865 -0.0629029 0.332419 0.840555 0.427744 0.627325 0.743137 -0.232832 0.0754862 0.735395 -0.673422 0.00917578 0.669899 -0.742396 0.621422 0.766209 -0.16358 -0.325722 -0.0453809 -0.944376 -0.302086 -0.124768 -0.945081 0.122487 -0.674138 -0.728378 0.0983166 -0.624598 -0.774733 -0.52709 -0.819081 0.226456 -0.424319 -0.879404 0.215873 -0.531217 -0.777671 0.336209 0.570197 -0.817199 0.0840342 0.649829 -0.758087 -0.0550087 0.985487 -0.132133 0.106564 0.960408 -0.213651 0.178799 0.790226 0.369893 -0.488592 0.440763 0.809968 0.386884 -0.692915 -0.652283 0.307238 -0.597231 -0.328873 0.731544 -0.148507 -0.600572 0.785658 0.0191641 -0.604342 0.796495 0.862769 -0.052634 0.502851 0.807099 0.0639247 0.586945 0.858227 0.479102 -0.184138 0.997428 -0.0144475 0.0701995 0.267096 -0.905468 -0.329829 0.658544 -0.740543 0.133848 0.808306 -0.0861489 0.582426 0.595016 -0.775292 -0.211846 0.395461 -0.894788 0.207278 0.91368 -0.185266 0.361754 0.320616 0.946795 0.028007 0.607621 0.745027 -0.275194 0.178947 -0.663351 0.726597 -0.530463 -0.7936 0.298008 -0.599767 -0.756023 0.262124 0.162258 -0.65661 0.73657 0.780482 0.0523833 0.62298 0.752986 -0.0118887 0.657929 0.771806 0.635807 -0.00801019 0.794933 0.596355 0.11154 0.312019 -0.738365 -0.597881 -0.327695 -0.898544 -0.291949 0.27122 -0.84907 0.453343 0.328797 -0.810891 0.484096 0.829257 -0.213826 0.516343 0.665293 -0.329534 0.669919 0.267108 -0.849456 0.455058 0.817488 -0.361574 0.448305 0.893145 0.443643 -0.073978 0.684468 0.721364 -0.105536 0.999102 0.0415611 0.00826354 -0.206919 0.886937 -0.41295 0.112823 0.982937 0.145278 0.181186 0.917047 0.35524 -0.135333 0.890049 -0.435313 0.130183 0.960312 0.246685 0.0026047 0.950768 -0.309893 -0.0424416 0.875145 -0.481995 -0.414676 -0.0876755 -0.905735 -0.595648 -0.179398 -0.782956 -0.225308 0.931869 -0.284351 -0.28691 0.188188 -0.939291 -0.250749 -0.083784 -0.96442 -0.162482 -0.941659 -0.294751 -0.0266558 -0.879542 -0.475075 -0.412651 0.129775 -0.901597 0.0953024 -0.611984 -0.785107 -0.317066 -0.921839 -0.222893 -0.319255 -0.935253 -0.152899 0.435086 -0.844463 0.312382 -0.469196 -0.88137 -0.0551558 -0.358564 -0.92968 -0.0844166 0.304035 -0.916248 0.260868 0.782825 0.307072 0.541195 0.799087 0.0123037 0.60109 0.696852 -0.247065 0.673318 0.76803 0.159316 0.620281 0.748301 -0.101964 0.655476 0.466891 -0.642848 0.607255 0.800597 0.352479 0.484564 0.48562 0.810056 0.328606 0.789367 0.0743754 0.6094 0.163499 0.282574 -0.945209 0.180591 0.0647439 -0.981425 0.151196 -0.00892521 -0.988463 -0.0100194 0.0495132 -0.998723 0.0962821 0.298169 -0.949645 0.00257475 -0.00251993 -0.999994 -0.260388 0.00951921 -0.965457 -0.132124 0.45167 -0.882348 0.131477 -0.296246 -0.946019 -0.482798 -0.241786 -0.841692 -0.318587 0.662354 -0.678077 -0.153637 -0.873615 -0.461727 -0.370165 -0.815547 0.444815 0.12911 -0.918253 0.374355 0.660805 -0.409279 0.629148 -0.474932 -0.8692 -0.137589 0.681517 0.638342 0.357846 0.756653 -0.0107119 0.653729 0.760192 0.373679 0.531481 0.795115 0.179309 0.579345 -0.11526 0.604766 -0.788018 0.201673 0.915697 0.347601 -0.011424 0.0349156 -0.999325 0.0761546 0.36196 -0.929078 -0.435257 0.296107 -0.850219 -0.353951 0.931699 0.0815878 0.671979 -0.363647 0.64514 0.703156 -0.353365 0.617013 -0.19596 -0.299618 -0.933718 -0.314166 0.491382 -0.812307 -0.00479265 -0.802643 -0.596441 -0.17917 0.152254 -0.971965 -0.152558 0.340213 -0.927891 -0.332061 0.197506 -0.922349 -0.0702967 0.567039 -0.820686 -0.0514845 0.179612 -0.982389 0.12836 0.148809 -0.9805 0.102432 0.300968 -0.948117 0.329575 0.365721 -0.870419 0.0974461 0.384925 -0.917789 0.564731 0.227252 -0.79337 0.432213 0.517159 0.738741 0.740188 0.625776 0.246022 -0.539407 0.48063 0.6914 0.163765 -0.0691074 -0.984076 0.174345 0.142573 -0.974309 0.283415 0.0695324 -0.956473 0.816113 0.167694 0.553026 0.814714 0.19255 0.54696 0.771226 0.51933 0.368113 0.456347 0.850577 0.261279 0.829045 0.25617 0.497053 0.684025 -0.260042 0.681533 0.778132 -0.0103582 0.628015 0.799161 -0.0110475 0.601016 0.76632 -0.0963297 0.635196 0.568313 -0.535293 0.624885 0.73823 -0.292645 0.607763 0.57106 -0.495737 0.65432 0.718248 -0.23941 0.653301 0.0276078 -0.907684 0.418745 -0.518408 -0.853038 -0.059823 -0.0679142 0.360574 -0.930255 0.0173435 0.513668 -0.857814 0.0793756 0.461854 -0.883397 0.0172502 0.377137 -0.925997 0.736131 0.632551 0.240812 0.842566 0.34342 0.414905 0.811456 -0.0210616 0.584033 0.727482 -0.204811 0.654845 0.620658 -0.356979 0.698104 0.457778 -0.549365 0.699027 0.428652 0.899073 0.0890278 0.247413 0.221242 -0.943313 0.399333 0.123814 -0.908407 0.108336 0.199366 -0.973918 0.00982337 -0.870328 0.492375 -0.488861 -0.851997 0.187395 -0.0173661 -0.387948 -0.921518 0.197922 -0.669795 -0.715683 0.0630127 0.178862 -0.981854 -0.00407795 0.264435 -0.964395 0.0346212 0.266631 -0.963177 -0.0611422 0.191196 -0.979646 -0.08855 -0.0252555 -0.995751 -0.0497425 -0.085467 -0.995099 -0.0488968 -0.0619058 -0.996883 -0.0265336 0.0533486 -0.998223 -0.0499339 -0.12547 -0.99084 -0.0131878 -0.337573 -0.941207 -0.0212152 -0.417395 -0.908478 0.0862099 0.185235 -0.978906 0.299085 0.223668 -0.927642 0.47729 0.139018 -0.86768 0.606927 0.79014 0.085541 0.361304 0.930138 -0.0655924 0.794917 0.52181 0.309549 0.820431 0.129275 0.556939 0.724148 -0.19995 0.660022 0.580598 -0.431209 0.690626 0.308101 -0.643729 0.70049 -0.0476214 -0.808868 0.586059 -0.417583 -0.817048 0.397563 0.213524 -0.58617 -0.781545 -0.10176 -0.123833 -0.987072 -0.0420057 0.0200422 -0.998916 0.666948 -0.163741 0.72689 0.602988 -0.357166 0.713329 0.806343 0.247271 0.537278 0.284817 -0.602978 0.745182 -0.253061 0.393912 -0.883625 -0.951383 0.175787 -0.25292 0.853842 -0.470922 0.221781 0.856755 -0.00109137 -0.515722 -0.578867 -0.788852 -0.206462 -0.435985 -0.723972 -0.534586 -0.189909 -0.921803 -0.337955 -0.0504789 -0.998251 -0.0307798 -0.258609 -0.523868 -0.811593 -0.164807 -0.733722 -0.659159 -0.185892 -0.161439 -0.969217 -0.208643 -0.379318 -0.901435 -0.151649 -0.313303 -0.937467 -0.134748 -0.0961483 -0.986204 0.289467 0.36094 -0.886528 -0.0127339 -0.923061 -0.384444 0.0834313 -0.955474 -0.283034 0.144066 -0.517611 -0.8434 0.0580315 -0.58411 -0.809597 -0.0511988 -0.828303 -0.557937 -0.117891 -0.758576 0.640831 -0.399146 -0.764982 0.505455 0.418836 -0.749541 0.512606 -0.485918 -0.322028 -0.812515 -0.333818 -0.373969 -0.865282 -0.224133 -0.35501 -0.907597 -0.0796202 -0.0941931 -0.992365 -0.0667215 -0.00678919 -0.997749 -0.215698 -0.729899 0.648631 -0.381676 -0.725957 0.57211 -0.41372 -0.751316 0.514159 -0.563789 -0.689789 0.454239 0.0513726 -0.808253 0.58659 -0.34592 -0.725655 0.59478 -0.771823 -0.0447729 0.634259 -0.385301 -0.0791074 0.919394 0.573005 0.817503 0.0579107 0.445967 0.891373 -0.0810385 0.298782 0.942564 -0.149337 0.206062 0.111967 -0.972112 0.423953 0.0997856 -0.900171 0.0429292 0.103196 -0.993734 -0.000153616 -0.0745357 -0.997218 -0.000812532 -0.12911 -0.99163 0.381638 0.0423463 -0.923341 0.259694 -0.0584227 -0.963922 0.203083 0.966188 -0.158866 0.107402 0.974395 -0.197532 0.0242761 0.0017036 -0.999704 0.0219109 -0.106916 -0.994027 -0.144912 -0.180398 -0.97286 -0.0462354 0.975707 -0.214143 0.126586 -0.0555692 -0.990398 0.518213 0.678386 -0.520814 0.0272261 0.414252 -0.909755 -0.000810316 0.415757 -0.909476 -0.000776669 0.38737 -0.921924 0.0125434 0.401206 -0.915902 0.046668 0.443446 -0.895085 0.0566602 0.434956 -0.898667 0.11434 0.516358 -0.848705 0.161626 0.518063 -0.839933 0.345638 0.614989 -0.708748 0.244985 0.568341 -0.785475 0.399359 0.564046 -0.722748 0.524752 0.552027 -0.647999 0.241186 -0.280514 -0.929054 0.120161 -0.214504 -0.969303 0.0361634 -0.130083 -0.990843 -0.00578304 -0.0479524 -0.998833 -9.9513e-05 -0.00801254 -0.999968 0.0530703 -0.242767 0.968632 0.00396004 -0.162256 0.986741 0.00287083 -0.257393 0.966302 0.124606 -0.399675 0.908148 0.0107632 -0.147322 0.98903 0.00347108 -0.1225 0.992462 0.00355733 -0.142191 0.989833 0.0117548 -0.14248 0.989728 0.00899474 -0.111704 0.993701 -0.00247804 -0.155643 0.98781 -0.0126161 -0.161022 0.98687 0.0148665 -0.122128 0.992403 -0.00869481 -0.139993 0.990114 0.00465846 -0.119043 0.992878 -0.0398193 -0.241321 0.969628 -0.0140869 -0.227655 0.97364 0.00843551 -0.144417 0.989481 0.00221808 -0.170552 0.985346 0.00151451 -0.201618 0.979463 -0.000852916 -0.188846 0.982006 0.0118724 -0.183368 0.982973 0.0126501 -0.19537 0.980648 -0.0620286 -0.27465 0.959541 -0.0140572 -0.2817 0.9594 -0.0154542 0.289179 -0.95715 -0.0327893 0.350418 -0.936019 -0.0568367 -0.326638 0.943439 -0.0623195 -0.543974 0.836784 0.0165508 -0.149462 0.988629 0.00238318 -0.158817 0.987305 -0.0188043 -0.162945 0.986456 -0.00181676 -0.136957 0.990575 -0.0212271 -0.144923 0.989215 -0.0294129 -0.203108 0.978714 -0.0697637 -0.248727 0.966058 -0.0182809 -0.225078 0.974169 7.79703e-05 -0.211107 0.977463 -0.133917 -0.272996 0.952649 0.0204231 0.466258 -0.884413 0.114979 0.547361 -0.828961 -0.0302013 -0.221169 0.974768 -0.167993 -0.232125 0.958069 -0.0541132 -0.233403 0.970873 -0.0905184 -0.247829 0.964566 -0.0522748 -0.219663 0.974174 -0.0411678 -0.151796 0.987554 -0.0278822 -0.145172 0.989013 -0.0345165 -0.168034 0.985177 -0.0077517 -0.155279 0.98784 0.00460809 -0.161696 0.98683 -0.192102 -0.520883 0.831732 -0.149153 -0.336574 0.92977 0.221692 0.565594 -0.794327 -0.0641092 -0.219877 0.973419 -0.174088 -0.212862 0.961449 -0.100987 -0.236282 0.966422 -0.123011 -0.245463 0.96157 -0.0687997 -0.219729 0.973132 -0.0775625 -0.158902 0.984243 -0.0590181 -0.150841 0.986795 -0.0730799 -0.173055 0.982197 -0.0450978 -0.156132 0.986706 -0.0264938 -0.164674 0.985992 -0.22787 -0.29833 0.926863 -0.325675 -0.48043 0.814324 0.0941128 -0.197279 -0.97582 0.00785567 -0.140005 -0.990119 0.0017491 -0.0058568 -0.999981 0.0685253 -0.028962 -0.997229 0.129458 -0.0308363 -0.991105 0.0304416 -0.00871946 -0.999499 0.0634859 -0.0523081 -0.996611 0.0396172 -0.0497823 -0.997974 0.0837586 -0.0725676 -0.99384 0.049724 -0.0603783 -0.996936 -0.00137755 -0.0186923 -0.999824 0.042073 -0.0398297 -0.99832 0.0622107 -0.0233124 -0.997791 0.0121846 -0.0118085 -0.999856 0.0135355 -0.0231284 -0.999641 0.0423584 -0.0362551 -0.998445 0.0513204 -0.0121081 -0.998609 0.0168225 -0.00254627 -0.999855 0.00951093 -0.0053513 -0.999941 0.000114509 -0.0016478 -0.999999 0.00928555 -0.00967295 -0.99991 0.0241393 -0.00986434 -0.99966 0.0799171 -0.252874 -0.964193 0.137976 -0.267827 -0.953536 0.16933 -0.480257 -0.860628 0.14145 -0.462273 -0.875383 -0.0164716 -0.0776099 -0.996848 0.033552 -0.0300173 -0.998986 -0.0150417 0.0147171 -0.999779 0.019779 -0.0369527 -0.999121 0.0332581 -0.0552327 -0.997919 -0.0113885 -0.00633694 -0.999915 0.001466 -0.003516 -0.999993 0.0107133 -0.0213131 -0.999715 -0.00271079 0.01271 -0.999916 0.000507328 0.0010995 -0.999999 -0.00159673 0.00148404 -0.999998 0.0584468 -0.483902 -0.873168 0.0120218 -0.220458 -0.975322 -0.0157161 -0.0318249 -0.99937 0.0112924 -0.0205412 -0.999725 -0.0126093 0.022297 -0.999672 0.00614662 -0.0203453 -0.999774 0.0145558 -0.049926 -0.998647 -0.00613629 -0.00389449 -0.999974 0.00100836 0.00822933 -0.999966 -0.000956621 -0.000507211 -0.999999 -0.00321297 0.0221704 -0.999749 -0.00324061 0.0115461 -0.999928 -0.00348484 0.00799678 -0.999962 0.0228999 -0.432993 -0.901106 -0.0196406 -0.156173 -0.987535 -5.5319e-05 -0.0138107 -0.999905 -0.0024818 0.0247977 -0.999689 -0.00247811 -0.0138106 -0.999902 -0.00230044 -0.0117778 -0.999928 -0.00230869 -0.0410845 -0.999153 -0.00229122 -0.00588947 -0.99998 -0.00191311 0.00900883 -0.999958 -0.00193651 0.0161564 -0.999868 -0.00198913 0.0283773 -0.999595 -0.00258367 0.0152527 -0.99988 -0.00249467 0.0155169 -0.999876 -0.00264244 -0.123193 -0.992379 -0.000795941 -0.436127 -0.899885 -0.00298763 -0.131363 0.99133 0.00994593 -0.144001 0.989528 -0.00689093 -0.166902 0.985949 -0.0028116 -0.151445 0.988462 -0.0310137 -0.180372 0.983109 -0.0310348 -0.190103 0.981274 -0.0533269 -0.186905 0.98093 -0.0535637 -0.202746 0.977765 -0.111863 -0.196096 0.974183 -0.0802674 -0.203617 0.975755 0.0166866 -0.021709 -0.999625 0.0576397 -0.0392592 -0.997565 0.0811689 -0.0510183 -0.995394 0.0436823 -0.0371045 -0.998356 0.00963505 -0.0185621 -0.999781 0.000447186 -0.00755856 -0.999971 -0.00888127 0.00814221 -0.999927 -0.0109483 0.0163048 -0.999807 -0.00217958 0.0152106 -0.999882 -0.00220274 0.0232047 -0.999728 -0.00237757 -0.145109 0.989413 -0.00492848 -0.154105 0.988042 0.0066887 -0.147505 0.989039 -0.0106024 -0.15899 0.987223 -0.0183987 -0.165331 0.986066 -0.0342628 -0.15656 0.987074 -0.0508686 -0.179573 0.982429 -0.0587715 -0.169041 0.983855 -0.0963792 -0.180161 0.978904 -0.0889316 -0.167049 0.98193 0.0636081 -0.0525897 -0.996588 0.0214963 -0.0346607 -0.999168 0.0281634 -0.0483217 -0.998435 0.0632437 -0.0584281 -0.996286 0.0035353 -0.0233043 -0.999722 0.0116557 -0.0330093 -0.999387 1.71429e-05 -0.0273131 -0.999627 0.00650633 -0.0337424 -0.999409 -0.0019628 -0.0285936 -0.999589 -0.00198641 -0.0361914 -0.999343 0.00461603 -0.125199 0.992121 0.000274939 -0.101019 0.994884 -0.00306828 -0.14009 0.990134 -0.000165559 -0.142483 0.989797 -0.045298 -0.146235 0.988212 0.0244854 -0.0471851 -0.998586 0.0341182 -0.0448312 -0.998412 0.0208627 -0.0360871 -0.999131 -0.00327348 0.000151626 -0.999995 -0.00193736 0.0083403 -0.999963 0.00281374 -0.133935 0.990986 -0.00987691 -0.166191 0.986044 0.00302527 -0.149595 0.988743 -0.01063 -0.177615 0.984043 -0.0451261 -0.185843 0.981543 -0.0609306 -0.200115 0.977876 -0.0652638 -0.193416 0.978944 -0.0982398 -0.209761 0.972805 -0.0969688 -0.194696 0.976059 -0.128653 -0.214428 0.96823 0.0727022 -0.0254656 -0.997029 0.0294872 -0.011607 -0.999498 0.108678 -0.0518437 -0.992724 0.0681691 -0.0464601 -0.996591 -0.00190728 0.0137517 -0.999904 0.0222667 -0.0196705 -0.999558 -0.00327573 0.019029 -0.999814 0.00202155 0.00582723 -0.999981 -0.00200223 0.0147333 -0.999889 -0.00210112 0.0140556 -0.999899 0.00321512 -0.166966 0.985957 -0.0139033 -0.187735 0.982121 -0.0395444 -0.188254 0.981324 -0.0495826 -0.194571 0.979634 -0.0775329 -0.194977 0.977738 0.0626905 -0.0380709 -0.997307 0.0437052 -0.0359877 -0.998396 0.0220218 -0.0239301 -0.999471 0.00072373 0.00337023 -0.999994 -0.0023228 0.0209444 -0.999778 0.00377195 -0.160328 0.987057 0.00780252 -0.161554 0.986833 -0.00365709 -0.175648 0.984446 -0.0418513 -0.186104 0.981638 -0.075208 -0.182366 0.98035 0.0457877 -0.0258755 -0.998616 0.0164743 -0.0220094 -0.999622 0.00196394 -0.0103122 -0.999945 -0.00357311 0.00250718 -0.999991 -0.00314027 0.0100263 -0.999945 0.0345233 -0.685449 0.727302 -0.280553 -0.813188 0.509917 0.00552593 -0.70195 0.712205 -0.479437 -0.768465 0.423795 -0.595434 -0.745919 0.298434 0.356847 -0.762855 -0.539178 0.263614 -0.763918 -0.589013 0.00601184 -0.993163 -0.116585 0.00524037 -0.963399 -0.268019 -0.00536032 -0.963399 -0.268019 -0.00925509 -0.866876 -0.498438 0.00580888 -0.99884 0.0478054 -0.000771524 0.2845 -0.958676 0.00173803 -0.2845 0.958675 0.00178059 -0.171107 0.985251 0.00172204 -0.185929 0.982562 0.00172801 -0.218742 0.975781 0.00181902 -0.127606 0.991823 0.00181601 -0.134782 0.990873 0.00197081 -0.125397 0.992105 0.00187046 -0.157968 0.987442 0.00201312 -0.147958 0.988991 0.00196874 -0.0916547 0.995789 0.00219953 -0.0977578 0.995208 0.00400249 -0.135901 0.990714 0.0142136 -0.175553 0.984367 -0.0404121 -0.230008 0.972349 -0.0952765 -0.244495 0.964958 -0.145281 -0.234824 0.96112 0.0457891 -0.103135 -0.993613 0.0960388 -0.0939625 -0.990933 0.0071517 -0.0621097 -0.998044 -0.0153228 -0.02971 -0.999441 -0.00315954 -0.00178342 -0.999993 0.00229747 -0.111814 0.993727 0.00249178 -0.141347 0.989957 -0.12703 0.0756672 -0.989009 -0.0490382 0.0529908 -0.99739 -0.504866 -0.0680157 -0.860514 -0.229856 -0.0547652 -0.971682 -0.368191 -0.197504 -0.908531 0.0230754 0.219272 -0.975391 -8.42574e-05 0.122577 -0.992459 0.0941886 0.248721 -0.963985 0.069596 0.22032 -0.972942 -0.177956 0.0413256 -0.98317 -0.0546474 -0.0237794 -0.998223 0.124067 0.199761 -0.971958 -0.111536 -0.0104318 -0.993706 -0.16848 -0.108885 -0.979673 -0.0625506 0.169358 -0.983568 -0.206094 -0.012435 -0.978453 -0.0112513 0.136061 -0.990636 0.193762 0.33765 -0.921113 0.119434 0.242721 -0.962716 0.00330308 0.110754 -0.993842 0.0528224 0.163769 -0.985083 0.0529465 0.191845 -0.979996 0.0928784 0.255934 -0.962222 -0.0575866 -0.00991984 -0.998291 0.114929 0.233849 -0.965456 0.13568 0.306904 -0.94202 0.00265341 0.11252 -0.993646 0.0497663 0.150809 -0.98731 0.0280374 0.199027 -0.979593 -0.0100842 0.101522 -0.994782 0.0407249 0.195138 -0.97993 0.0444368 0.182647 -0.982174 0.00465208 0.162576 -0.986685 -0.0628023 0.0220258 -0.997783 -0.0485023 0.0737178 -0.996099 -0.0539213 0.0175497 -0.998391 -0.0623676 0.0554432 -0.996512 0.155504 0.328744 -0.931529 0.181681 0.319693 -0.92994 0.229667 0.451181 -0.862374 0.0365664 0.169504 -0.984851 -0.164572 0.186137 -0.968643 0.224077 0.336987 -0.914456 -0.00996055 0.331488 -0.943407 -0.0122238 0.356664 -0.934153 -0.198057 0.419392 -0.885937 -0.0870725 0.375104 -0.922884 0.106465 0.319067 -0.941733 0.118931 0.319287 -0.940166 -0.104832 0.0931283 -0.99012 -0.0340291 0.138588 -0.989765 -0.213675 -0.0237586 -0.976616 -0.161253 0.00298843 -0.986909 -0.121818 0.393019 -0.911425 -0.156751 0.412631 -0.89731 -0.156585 -0.0112055 -0.987601 -0.219368 -0.0527351 -0.974216 -0.265739 -0.0572848 -0.962341 -0.21386 -0.0270657 -0.976489 -0.107366 0.0162614 -0.994087 -0.00509541 0.136512 -0.990625 -0.0273029 0.0787544 -0.99652 -0.0521552 0.0803068 -0.995405 -0.101571 0.0401061 -0.99402 0.0627241 0.212688 -0.975105 -0.0193108 0.0834356 -0.996326 -0.00539533 0.170183 -0.985398 0.00764047 0.18861 -0.982022 -3.93331e-05 0.165745 -0.986169 0.000273365 0.199362 -0.979926 -0.108378 0.0571276 -0.992467 0.013361 0.225957 -0.974046 0.0440669 0.319102 -0.946695 0.0309113 0.272281 -0.961721 0.060169 0.395925 -0.91631 -0.0927374 0.10749 -0.989872 -0.0473854 0.14169 -0.988776 -0.00539457 0.111877 -0.993707 0.00550386 0.12777 -0.991789 0.177264 0.248047 -0.952392 0.131821 0.295024 -0.946353 0.176542 0.278555 -0.944055 0.185402 0.173266 -0.967267 0.109962 0.0323179 -0.99341 0.128278 0.137973 -0.982094 -0.0554123 0.111032 -0.992271 -0.172076 0.078013 -0.98199 -0.0745013 0.0890844 -0.993234 0.127717 0.1395 -0.981951 0.105857 0.0360491 -0.993728 -0.00342732 -0.106526 -0.994304 -0.19396 0.0264493 -0.980653 -0.183316 0.0126921 -0.982972 -0.160742 0.102143 -0.981697 -0.178491 0.0946208 -0.979381 -0.00618114 0.127119 -0.991868 -0.00208595 0.00843826 -0.999962 -0.140119 -0.138648 -0.980379 -0.359268 -0.355388 -0.862917 -0.17463 -0.339783 -0.924149 -0.000610167 0.196601 -0.980483 -0.0100197 0.152087 -0.988316 0.0633618 0.218675 -0.973738 0.113072 0.359501 -0.926269 0.0768352 0.311254 -0.947215 0.0179034 0.161973 -0.986633 -0.0261419 0.158183 -0.987064 0.0373912 0.489989 -0.870926 0.0386988 0.429445 -0.902264 -0.0136889 0.0299721 -0.999457 -0.0288885 0.015847 -0.999457 0.00115435 0.123694 -0.99232 0.00124126 0.00650828 -0.999978 0.000876624 0.246225 -0.969212 0.0012888 0.391475 -0.920188 0.00114141 0.25677 -0.966472 0.00137135 0.322438 -0.94659 0.00135112 0.183437 -0.98303 0.00118181 0.15429 -0.988025 0.00113412 0.511252 -0.85943 0.00118121 0.484786 -0.874632 0.00129451 0.062802 -0.998025 0.0219727 0.249366 -0.96816 0.0050888 0.26387 -0.964545 0.013591 0.154766 -0.987858 0.00163622 0.189266 -0.981925 0.000204637 0.138638 -0.990343 0.000206706 0.148203 -0.988957 -0.195582 0.465144 -0.863359 -0.183924 0.446074 -0.875894 -0.269132 0.333277 -0.903601 -0.334561 0.340916 -0.878547 -0.464469 0.116604 -0.877879 -0.440568 -0.0111211 -0.89765 -0.279363 -0.0663253 -0.957892 -0.250446 -0.0704735 -0.965562 -0.0851324 0.380723 -0.920762 -0.113483 0.372934 -0.920892 0.0411378 0.285634 -0.957455 -0.166153 -0.000942342 -0.9861 -0.247062 -0.0178388 -0.968836 -0.440923 -0.0777158 -0.894174 -0.0960531 0.0331025 -0.994826 -0.463692 -0.633271 -0.619642 -0.215765 -0.566386 -0.795395 -0.0435646 -0.208589 -0.977033 -0.0779243 -0.259328 -0.96264 -0.0589875 -0.304236 -0.950769 0.00110759 -0.333057 -0.942906 0.00159459 -0.974255 -0.225445 0.00129118 -0.685397 -0.728169 -0.113019 -0.648086 -0.753134 -0.258309 -0.909703 -0.325142 -0.262657 0.0739037 -0.962055 -0.263465 -0.0166161 -0.964526 -0.416796 0.0666602 -0.906553 -0.399975 0.00370182 -0.916519 -0.440181 0.147418 -0.885725 -0.205583 0.16515 -0.964604 -0.113023 0.0199835 -0.993391 -0.325301 -0.139683 -0.935237 -0.653364 -0.330272 -0.681202 -0.791793 -0.5561 -0.252619 -0.480638 -0.83119 0.279482 0.00192839 -0.915083 0.403261 -0.000775777 0.397726 -0.917504 0.00695443 0.415636 -0.909505 0.00582371 0.289954 -0.957023 -0.0614037 0.316976 -0.946444 0.00504311 0.314054 -0.949392 -0.0946479 0.283241 -0.954367 0.00460939 0.421246 -0.906935 -0.0345262 0.346397 -0.937452 0.00393522 0.417052 -0.908874 0.0493791 0.415422 -0.908288 0.00348975 0.237831 -0.9713 0.00792279 0.25216 -0.967653 0.00367916 0.0915788 -0.995791 0.000936151 0.0902354 -0.99592 0.00321036 0.000581654 -0.999995 0.0341409 0.0467273 -0.998324 0.00280776 0.165617 -0.986186 0.027923 0.100693 -0.994525 0.107451 0.618953 -0.778044 0.00261477 0.640592 -0.767877 -0.667662 -0.441628 0.599327 0.00222397 -0.640593 0.767877 0.165377 0.707227 -0.687372 0.131111 0.435403 -0.890637 -0.893303 0.0152045 -0.449198 -0.986212 -0.0674314 -0.151127 0.0892636 0.277257 -0.95664 -0.413493 0.127988 -0.901467 0.00644018 0.137385 -0.990497 -0.153126 0.134031 -0.979075 0.0796132 0.336967 -0.938144 -0.244906 0.382449 -0.890929 0.262366 0.516719 -0.814964 -0.778828 0.490381 -0.391093 0.0418227 0.375225 -0.92599 -0.629082 0.342999 -0.697573 -0.103603 0.275144 -0.955804 -0.540094 0.176527 -0.822883 -0.0400907 0.439544 -0.897326 -0.813412 0.113427 -0.570522 0.0163727 0.471026 -0.881967 -0.519526 -0.0493042 -0.853031 -0.819698 0.254723 -0.513041 -0.54458 -0.0183554 -0.838508 -0.76116 0.345017 -0.54918 0.0338487 0.454634 -0.890035 0.0559215 0.340598 -0.938545 0.00570319 0.551841 -0.83393 0.227592 0.740167 -0.632736 0.180254 0.868773 -0.46124 0.270118 0.741923 -0.613667 0.303689 0.560668 -0.77034 0.267351 0.590035 -0.761828 0.332324 0.423994 -0.84249 0.319719 0.263463 -0.910147 0.268138 0.427238 -0.863464 0.258654 0.154798 -0.953486 0.11839 0.345404 -0.930956 0.172902 0.092777 -0.98056 0.0645428 0.447648 -0.891878 0.0700852 0.260298 -0.962981 0.0239192 0.39262 -0.91939 0.314086 0.281276 -0.906771 0.135377 0.348338 -0.927542 0.387391 0.359411 -0.848971 0.274529 0.146117 -0.950412 0.135368 0.268877 -0.953614 0.0545513 0.318888 -0.946221 0.113646 0.318827 -0.940975 -0.0973537 0.32833 -0.939533 -0.108702 0.322411 -0.940338 -0.214452 0.343859 -0.914205 -0.186341 0.344984 -0.919926 0.180126 0.087606 -0.979734 0.0469552 0.283366 -0.957861 -0.284468 0.323905 -0.90231 -0.249856 0.345478 -0.904553 -0.302759 0.364358 -0.880671 -0.45389 0.22213 -0.862926 -0.399467 0.369961 -0.838782 -0.737761 0.0268387 -0.674528 -0.910604 -0.0333798 -0.41193 -0.521684 0.351159 -0.777517 -0.949148 0.0405953 -0.312201 -0.473005 0.420695 -0.774133 -0.288091 0.449596 -0.845498 -0.876764 0.206969 -0.434107 -0.28719 0.355314 -0.889536 -0.874704 0.147386 -0.461704 -0.087743 0.36122 -0.928343 -0.0483936 0.334032 -0.941319 0.000201426 0.331488 -0.943459 0.000225408 0.362368 -0.932035 -0.0637941 0.386694 -0.919999 0.000233955 0.226572 -0.973994 -0.0132609 0.24545 -0.969319 0.000307722 0.133421 -0.991059 -0.00311221 0.155107 -0.987893 -0.025251 0.241563 -0.970056 0.000281413 0.245967 -0.969278 0.000333061 -0.00464721 -0.999989 0.0507797 -0.0011935 -0.998709 0.0296953 0.00616531 -0.99954 0.000365563 -0.0110803 -0.999939 0.000349731 0.0938127 -0.99559 -0.0347883 0.114228 -0.992845 0.000108491 0.106706 -0.994291 0.0106536 0.134081 -0.990913 -0.00109873 0.117724 -0.993046 0.0817316 0.124993 -0.988785 -0.0023846 0.389783 -0.920904 -0.00923182 0.373403 -0.927623 -0.00238503 0.747772 -0.663952 -0.187742 0.743253 -0.642128 -0.137087 0.432455 -0.891173 -0.033665 0.275142 -0.960814 0.0201568 0.215606 -0.976273 0.039322 0.214922 -0.975839 -0.0640329 0.356168 -0.932225 -0.0485988 0.197376 -0.979123 -0.0523777 0.242727 -0.96868 0.0874575 0.0128204 -0.996086 0.0513821 0.051149 -0.997368 -0.113993 0.216174 -0.969677 -0.0746836 0.207126 -0.97546 0.0236521 0.179552 -0.983464 -0.0297846 0.42412 -0.905116 -0.181009 0.393235 -0.901444 -0.211487 0.377081 -0.901711 -0.248752 0.396291 -0.883785 -0.247834 0.376604 -0.892607 -0.184533 0.361149 -0.914067 -0.21651 0.34828 -0.912044 0.000244962 0.154381 -0.988011 0.0153394 0.151678 -0.988311 0.0228601 0.151601 -0.988177 -0.00197597 0.204135 -0.978941 -0.095448 0.27404 -0.95697 -0.0508823 0.295411 -0.954014 -0.11405 0.29603 -0.948345 -0.14366 0.349667 -0.925794 -0.198627 0.321675 -0.925782 -0.149876 0.268519 -0.951543 -0.287442 0.415189 -0.863131 -0.156629 0.398706 -0.903605 -0.1077 0.354521 -0.928825 -0.149722 0.389499 -0.908776 -0.978578 -0.0918029 -0.184274 -0.223731 0.191483 -0.955656 -0.240197 0.101856 -0.965366 -0.964873 -0.254319 0.065897 -0.136819 0.197792 -0.970649 -0.05672 0.0891353 -0.994403 -0.0425154 0.128609 -0.990784 0.0526356 0.0553877 -0.997077 -0.368764 0.0745314 -0.92653 -0.928657 -0.337653 -0.15358 -0.61743 -0.312972 -0.721685 -0.177279 0.131945 -0.975276 0.0930672 0.0371132 -0.994968 0.0619933 0.058312 -0.996372 -0.103624 0.224839 -0.96887 -0.181477 0.260055 -0.948387 -0.128753 0.210596 -0.969057 -0.210978 0.266587 -0.940436 -0.165907 0.246198 -0.954914 -0.189381 0.472932 -0.860505 -0.207049 0.726062 -0.655717 -0.499526 0.754973 -0.42484 -0.00511329 0.998518 0.0541892 -0.357171 0.932298 -0.0569977 -0.268755 0.111573 -0.956725 -0.339514 0.139408 -0.930213 -0.496488 0.00735602 -0.868012 -0.409936 0.281713 -0.86752 -0.894665 0.442379 0.062246 -0.503043 0.0611449 0.862096 -0.0101281 -0.0906687 0.99583 0.00149341 -0.708918 -0.70529 -0.0116087 -0.696848 -0.717125 -0.0034705 -0.541774 -0.840517 0.00143174 -0.564865 -0.825182 0.017622 -0.304066 -0.952488 0.0013439 -0.379479 -0.9252 0.00588963 -0.263821 -0.964554 0.00127228 -0.28634 -0.958127 0.000737167 0.0685762 -0.997646 -0.0251153 0.0901493 -0.995612 -0.0282214 0.199473 -0.979497 0.000601724 0.218677 -0.975797 0.0512199 0.0703859 -0.996204 0.000465642 0.101875 -0.994797 0.000377499 0.172838 -0.98495 0.018369 0.175234 -0.984355 -0.0706295 0.400102 -0.913745 0.000418318 0.448673 -0.893696 -0.807324 -0.141849 -0.572807 -0.839948 0.0492055 -0.540432 -0.838867 0.244229 -0.486471 -0.833089 -0.000374943 -0.55314 -0.837973 -0.251166 -0.484477 -0.880762 -0.229531 -0.414215 -0.832097 0.133443 -0.538337 -0.852705 0.137912 -0.503859 -0.171652 -0.0889955 -0.98113 0.0390842 -0.312014 -0.949273 0.0267127 -0.560271 -0.827878 -0.0170519 -0.350873 -0.936268 -0.0380822 -0.150683 -0.987848 -0.740361 -0.425274 -0.520584 -0.854868 -0.0933492 -0.510379 -0.149043 -0.0737507 -0.986077 -0.765402 -0.357828 -0.534901 -0.626802 -0.602275 -0.494353 -0.0226022 -0.216376 -0.976048 -0.0287609 -0.190765 -0.981214 -0.84817 0.386417 -0.362338 -0.828823 -0.0459781 -0.557619 -0.860229 -0.283813 -0.423622 -0.754359 0.551567 -0.355972 0.0404959 0.144549 -0.988668 -0.0201516 0.318365 -0.947754 -0.889738 0.153146 -0.430015 -0.776103 -0.507832 -0.373859 0.114002 0.0360095 -0.992828 -0.942961 0.0702691 -0.325402 -0.723375 -0.515949 -0.45883 -0.0149736 0.168794 -0.985538 -0.671325 -0.538561 -0.509191 -0.92469 -0.0642514 -0.375259 -0.0930341 0.093753 -0.991239 0.027429 -0.202296 -0.97894 0.000998589 -0.24512 -0.969492 -0.0188816 -0.183481 -0.982842 -0.641665 -0.582963 -0.498418 -0.780077 -0.317122 -0.539364 -0.67323 -0.512854 -0.532675 -0.536439 -0.730059 -0.423376 -0.054032 -0.383763 -0.92185 0.000360243 -0.647009 -0.762482 0.0436499 -0.570411 -0.820199 0.00148998 -0.634939 -0.772561 -0.899653 -0.298068 -0.31903 -0.888659 -0.0811285 -0.451336 -0.900848 -0.312071 -0.3018 -0.916115 -0.0251957 -0.400124 -0.91366 -0.226843 -0.337294 -0.891808 0.169452 -0.41948 -0.942718 -0.050846 -0.329694 -0.769388 0.508025 -0.387238 -0.955122 0.0654171 -0.288898 -0.652004 0.72582 -0.21926 -0.946178 0.285529 -0.152379 -0.518708 0.847836 -0.110071 0.767931 0.482478 0.421305 -0.254883 0.966932 -0.00883429 -0.736037 0.221043 -0.639835 0.0658553 -0.505083 -0.860555 0.0275678 -0.553089 -0.832666 0.00154098 -0.513313 -0.8582 0.328425 0.425466 -0.843277 0.264218 0.637138 -0.724047 -0.278642 0.141738 -0.949878 -0.0761987 0.133378 -0.988132 -0.181613 0.16585 -0.969283 0.172988 0.912554 -0.370568 0.204667 0.890477 -0.406402 0.168148 0.918621 -0.357578 0.248397 0.958373 -0.140785 0.00448325 0.484225 -0.874932 0.0430812 0.588936 -0.807031 0.00265413 0.704398 -0.7098 0.00213641 0.642488 -0.766293 -0.206983 0.663193 -0.719258 0.178576 0.796554 -0.577591 0.295577 0.827302 -0.477709 0.370746 0.840819 -0.394425 0.475082 0.863845 -0.167537 0.0371654 -0.47967 -0.876661 0.0435502 -0.392151 -0.918869 0.0940122 -0.684414 -0.723007 0.00304197 -0.243621 -0.969866 -0.0889734 -0.818259 -0.567922 0.00148379 -0.736104 -0.676867 -0.876391 0.440942 -0.193672 -0.736728 0.675579 0.0287163 -0.689264 0.681543 0.245792 -0.709822 0.656976 -0.254039 -0.694249 0.625352 -0.356306 -0.86106 0.396498 -0.318379 -0.690722 0.722855 0.0195801 -0.805026 0.591616 0.0438531 -0.923764 -0.0127415 -0.38275 -0.952581 0.300816 -0.0458235 -0.12575 0.854487 0.504023 0.00282074 0.966996 -0.254777 0.00400536 0.978373 0.206808 0.00399422 0.736099 0.676862 0.340239 -0.61397 -0.712234 -0.0242005 -0.978215 -0.20618 -0.922612 0.154635 0.353375 0.0926116 -0.904945 -0.415329 0.192952 -0.951477 -0.239712 -0.975187 0.213851 -0.0572462 -0.33646 -0.506627 -0.793803 0.0217713 -0.97388 -0.226017 0.887321 -0.456331 0.0665076 0.810156 -0.57679 0.104697 0.462915 0.800562 0.380539 0.992392 -0.0705994 -0.100869 0.495369 0.868682 -0.00103297 0.993589 -0.0194774 -0.111359 0.643009 0.52657 -0.556115 0.9395 -0.080389 -0.332982 0.596484 -0.777714 0.198413 -0.035227 -0.975348 -0.217842 0.0165424 -0.0352425 0.999242 -0.261311 0.89988 -0.349188 -0.130603 -0.829159 -0.543543 0.701965 -0.689063 0.180106 -0.175319 -0.0896351 0.980423 -0.120355 0.820089 -0.559436 0.0830521 0.262646 -0.961311 -0.0295433 0.205281 -0.978257 -0.0245565 0.220647 -0.975045 -0.0921427 0.251873 -0.963364 -0.0279763 0.149257 -0.988403 -0.0718755 0.215702 -0.97381 -0.110822 0.216046 -0.970073 0.0524696 -0.0404893 -0.997801 0.158029 0.0131149 -0.987347 0.124453 -8.26344e-05 -0.992225 0.174891 -0.0845747 -0.980949 0.208187 -0.00977188 -0.97804 0.0624728 0.16634 -0.984088 0.0107045 0.13566 -0.990698 -0.195416 0.336834 -0.921062 -0.00332059 0.110747 -0.993843 -0.119657 0.242694 -0.962695 -0.0511758 0.192508 -0.97996 -0.0501202 0.163894 -0.985204 -0.09135 0.256727 -0.962157 0.0548532 -0.0101418 -0.998443 -0.105015 0.22918 -0.967703 -0.13326 0.308308 -0.941906 0.00192311 0.114277 -0.993447 -0.0485615 0.15218 -0.987159 -0.0277997 0.199156 -0.979573 0.0107044 0.101962 -0.994731 -0.0391933 0.19605 -0.97981 -0.0433585 0.183617 -0.982041 -0.00223758 0.163721 -0.986504 0.0650218 0.0228843 -0.997621 0.0499343 0.0748089 -0.995947 0.0560352 0.0182089 -0.998263 0.0641853 0.0564638 -0.996339 -0.151399 0.327559 -0.932622 -0.170953 0.308646 -0.935688 -0.219374 0.446296 -0.86758 0.00217352 0.128976 -0.991645 -0.0349562 0.170865 -0.984674 -0.219734 0.308646 -0.925448 0.157117 0.165499 -0.973614 0.00572154 0.328619 -0.944445 0.0872469 0.374527 -0.923102 0.196059 0.41221 -0.889744 -0.00226393 0.351009 -0.936369 -0.117416 0.320931 -0.939796 -0.106111 0.319858 -0.941505 0.0353529 0.140102 -0.989506 0.105482 0.0948136 -0.989891 0.162016 0.00416761 -0.986779 0.214125 -0.0223102 -0.976551 0.156919 0.412315 -0.897426 0.122042 0.39274 -0.911516 0.157179 -0.00983414 -0.987521 0.219553 -0.0513013 -0.974251 0.265672 -0.0554809 -0.962466 0.214246 -0.025551 -0.976445 0.108075 0.0171706 -0.993994 0.00592986 0.137091 -0.990541 0.0277155 0.0791408 -0.996478 0.0535092 0.0813511 -0.995248 0.102558 0.0413663 -0.993867 -0.0273949 0.220546 -0.974992 0.0336596 0.0862298 -0.995707 -0.00851336 0.188614 -0.982014 0.00727273 0.170191 -0.985384 0.0179079 0.0680889 -0.997518 0.109803 0.0585534 -0.992227 -0.0114077 0.227036 -0.973819 -0.0418696 0.31983 -0.946549 -0.0581004 0.39674 -0.91609 -0.0291175 0.273711 -0.961371 0.0495184 0.142681 -0.988529 0.0943882 0.109018 -0.989548 -0.00302732 0.128962 -0.991645 0.00722791 0.113551 -0.993506 -0.129346 0.296111 -0.946355 -0.175344 0.249613 -0.952338 -0.174259 0.279632 -0.944161 -0.183467 0.174863 -0.967348 -0.126105 0.139225 -0.982198 -0.108283 0.0338484 -0.993544 0.0565609 0.112798 -0.992007 0.172964 0.0797409 -0.981695 0.0754972 0.0912094 -0.992966 -0.126801 0.141718 -0.981752 -0.104927 0.038488 -0.993735 0.00426445 -0.104569 -0.994508 0.194714 0.028326 -0.980451 0.184353 0.0143614 -0.982755 0.16141 0.103999 -0.981392 0.178809 0.0967698 -0.979113 0.00622002 0.129246 -0.991593 0.00206968 0.0106332 -0.999941 0.140337 -0.136477 -0.980653 0.175674 -0.338033 -0.924593 0.360003 -0.353119 -0.863542 0.00363515 0.196885 -0.98042 0.0127948 0.152392 -0.988237 -0.0611283 0.219346 -0.97373 -0.110678 0.360118 -0.926318 -0.0741409 0.311906 -0.947216 -0.0152161 0.162602 -0.986574 0.0284124 0.158628 -0.986929 -0.0351749 0.490252 -0.870871 -0.0363219 0.429647 -0.902266 0.0161333 0.0301438 -0.999415 0.03144 0.0160249 -0.999377 -0.0216692 0.249152 -0.968222 -0.00478274 0.263648 -0.964607 -0.0131988 0.154665 -0.987879 -0.0012665 0.189162 -0.981945 0.184174 0.445807 -0.875977 0.195816 0.464915 -0.863429 0.334137 0.341615 -0.878437 0.297898 0.269069 -0.915892 0.463347 0.118199 -0.878259 0.439758 -0.0101816 -0.898059 0.278443 -0.0653962 -0.958224 0.249309 -0.0690785 -0.965957 0.113584 0.372653 -0.920993 0.0853136 0.380437 -0.920863 -0.0408091 0.285388 -0.957543 0.166695 0.000222817 -0.986008 0.247637 -0.0162377 -0.968717 0.44085 -0.0759493 -0.894362 0.0965811 0.0339618 -0.994746 0.217639 -0.564893 -0.795945 0.465249 -0.631413 -0.620372 0.0800117 -0.257969 -0.962834 0.0451024 -0.207173 -0.977264 0.0613406 -0.303399 -0.950887 0.260705 -0.908841 -0.325638 0.115312 -0.64729 -0.753471 0.262944 0.0760285 -0.961811 0.26393 -0.0146024 -0.964431 0.415764 0.0688614 -0.906862 0.399224 0.00624967 -0.916832 0.439289 0.149529 -0.885814 0.20442 0.167144 -0.964508 0.111968 0.0218308 -0.993472 0.324447 -0.137818 -0.93581 0.653082 -0.328316 -0.682417 0.792901 -0.553841 -0.254103 0.483677 -0.829703 0.278657 0.00160022 0.39795 -0.917405 0.0649989 0.318205 -0.945791 0.100731 0.286335 -0.95282 0.040049 0.350804 -0.935592 -0.0438705 0.419687 -0.906608 -0.00261552 0.255335 -0.966849 0.00420368 0.0929677 -0.99566 -0.0290578 0.0489005 -0.998381 -0.0224112 0.101844 -0.994548 -0.102198 0.619492 -0.778322 0.670932 -0.439657 0.59712 -0.12536 0.434711 -0.891802 -0.15993 0.707262 -0.688624 0.986076 -0.0658763 -0.15269 0.892361 0.0162437 -0.451031 -0.0833347 0.275914 -0.957563 0.411567 0.128711 -0.902245 5.30359e-05 0.137317 -0.990527 0.150128 0.134127 -0.979526 -0.0734561 0.33819 -0.938207 0.242635 0.382269 -0.891627 -0.253729 0.519657 -0.81583 0.777371 0.491271 -0.392871 -0.0310804 0.376215 -0.926011 0.626864 0.34351 -0.699316 0.106696 0.274668 -0.955601 0.537513 0.17733 -0.824399 0.0369687 0.440126 -0.897174 0.812349 0.114317 -0.571857 -0.026488 0.471107 -0.881678 0.519091 -0.0475993 -0.853393 0.81861 0.255475 -0.514403 0.75991 0.345355 -0.550697 0.543455 -0.0172006 -0.839262 -0.0336744 0.454666 -0.890025 -0.0647815 0.338978 -0.938561 -0.230498 0.741549 -0.63006 -0.307359 0.561162 -0.768523 -0.27485 0.742121 -0.611322 -0.183319 0.870233 -0.457262 -0.269991 0.591558 -0.759713 -0.335929 0.4251 -0.840501 -0.271202 0.429666 -0.861299 -0.324519 0.265796 -0.907766 -0.122507 0.349655 -0.928834 -0.2652 0.157982 -0.951163 -0.0702955 0.450891 -0.889806 -0.181236 0.0955083 -0.978791 -0.0780608 0.259339 -0.962626 -0.0235822 0.392654 -0.919384 -0.142189 0.349339 -0.926145 -0.318645 0.283746 -0.904408 -0.391285 0.360304 -0.846804 -0.274314 0.145882 -0.950511 -0.11359 0.318559 -0.941072 -0.054538 0.318665 -0.946297 -0.135252 0.268671 -0.953689 0.108625 0.322108 -0.940451 0.0972787 0.328024 -0.939647 0.214209 0.343459 -0.914413 0.186196 0.344632 -0.920087 -0.0467278 0.283102 -0.957951 -0.179793 0.0873986 -0.979814 0.284097 0.323496 -0.902574 0.249724 0.345145 -0.904717 0.453653 0.221938 -0.863101 0.302677 0.364119 -0.880798 0.737748 0.026829 -0.674543 0.399435 0.369848 -0.838847 0.910552 -0.0334554 -0.412039 0.521655 0.351 -0.777609 0.949109 0.0404839 -0.312335 0.473016 0.420479 -0.774243 0.876703 0.20685 -0.434287 0.288188 0.4493 -0.845622 0.874185 0.147156 -0.462759 0.287409 0.354601 -0.88975 0.0880562 0.361005 -0.928397 0.048772 0.333921 -0.941338 0.0641913 0.386571 -0.920023 0.0136922 0.245318 -0.969346 0.025733 0.241425 -0.970078 0.00366713 0.154929 -0.987919 -0.050138 -0.00139043 -0.998741 -0.0288851 0.00592225 -0.999565 0.0356512 0.11386 -0.992857 -0.00962225 0.133475 -0.991005 -0.0812173 0.124684 -0.988867 0.00176783 0.367712 -0.929938 0.172896 0.74463 -0.644696 0.137389 0.432266 -0.891219 0.0340249 0.274932 -0.960861 -0.019819 0.215399 -0.976325 -0.0389434 0.214719 -0.975899 0.0643068 0.355879 -0.932317 0.0527938 0.242465 -0.968723 0.0490246 0.197044 -0.979168 -0.0870377 0.0123404 -0.996129 -0.0508365 0.0504891 -0.99743 0.114666 0.215286 -0.969796 0.0756103 0.205761 -0.975677 -0.0215588 0.176077 -0.98414 0.00403686 0.394207 -0.919013 0.211562 0.376819 -0.901803 0.181127 0.39296 -0.90154 0.24877 0.396041 -0.883892 0.247825 0.37631 -0.892734 0.184566 0.360864 -0.914173 0.216474 0.348022 -0.912151 -0.0148707 0.151537 -0.98834 -0.0224286 0.151351 -0.988226 0.00233363 0.203896 -0.97899 0.0958308 0.273735 -0.957019 0.0512086 0.295162 -0.954074 0.114403 0.295699 -0.948406 0.14389 0.349342 -0.925881 0.198999 0.32114 -0.925888 0.150273 0.268093 -0.951601 0.15675 0.398445 -0.903699 0.287469 0.414949 -0.863237 0.107925 0.354246 -0.928903 0.149867 0.38922 -0.908872 0.977792 -0.0953984 -0.186607 0.216092 0.188063 -0.95809 0.858476 -0.1013 0.502749 0.221577 0.0920627 -0.970787 0.137266 0.19684 -0.970779 0.0565789 0.0896307 -0.994367 0.0427085 0.128309 -0.990814 -0.0525529 0.0551976 -0.997092 0.927373 -0.339844 -0.156477 0.362246 0.0755473 -0.929016 0.616171 -0.312878 -0.7228 0.177364 0.130864 -0.975406 -0.0617178 0.0578665 -0.996415 -0.0927009 0.0363629 -0.99503 0.103974 0.224475 -0.968917 0.128855 0.209337 -0.969316 0.181673 0.258019 -0.948905 0.211019 0.264601 -0.940988 0.165583 0.240353 -0.956458 0.166453 0.453555 -0.875546 0.519317 0.704748 -0.483364 0.137716 0.698982 -0.701754 0.261776 0.965099 -0.00759792 0.267468 0.111794 -0.95706 0.338149 0.139441 -0.930705 0.490439 0.00552269 -0.871458 0.413798 0.306483 -0.857228 0.913158 0.406659 -0.0277788 0.515768 0.142567 0.844783 0.00630175 -0.541714 -0.840539 0.0146132 -0.696473 -0.717434 -0.0149565 -0.304605 -0.952361 -0.00361705 -0.264662 -0.964334 0.0290808 0.198798 -0.979609 0.0263037 0.0893594 -0.995652 -0.0505381 0.0698664 -0.996275 -0.0176763 0.174884 -0.98443 0.0714564 0.399866 -0.913784 0.779949 -0.155236 -0.606284 0.819562 0.0128733 -0.572846 0.838867 0.244229 -0.486471 0.826184 0.0510854 -0.56108 0.826535 -0.248888 -0.50487 0.840869 0.133018 -0.524639 0.822225 0.11965 -0.556444 0.869098 -0.236156 -0.434626 0.17464 -0.089792 -0.98053 0.0203142 -0.351096 -0.936119 -0.0234923 -0.560226 -0.828007 -0.0361535 -0.312875 -0.949106 0.0404672 -0.152185 -0.987523 0.72966 -0.417291 -0.541724 0.840294 -0.0972091 -0.533344 0.148845 -0.0775683 -0.985813 0.614931 -0.590094 -0.523115 0.742821 -0.35771 -0.565916 0.0306339 -0.192448 -0.980829 0.0237038 -0.218707 -0.975503 0.842586 0.315009 -0.436828 0.734805 0.54775 -0.40004 0.841726 -0.270876 -0.467037 0.808093 -0.0295614 -0.588313 0.020926 0.318161 -0.947806 -0.0397366 0.14426 -0.988742 0.877033 0.146783 -0.457458 0.76489 -0.5018 -0.403905 -0.113306 0.0355626 -0.992924 0.93771 0.0721588 -0.339844 0.718476 -0.509109 -0.47392 0.0158597 0.168078 -0.985646 0.918973 -0.0613054 -0.389526 0.666158 -0.531054 -0.523656 0.0940295 0.0928154 -0.991234 -0.0257241 -0.203156 -0.978808 0.0205075 -0.184696 -0.982582 0.629917 -0.577457 -0.519373 0.76494 -0.317584 -0.560364 0.523868 -0.722183 -0.451679 0.660173 -0.517115 -0.54476 0.0575135 -0.385956 -0.920723 0.0026766 -0.646494 -0.762914 -0.0404338 -0.569904 -0.820716 0.878205 -0.096908 -0.468364 0.886579 -0.309825 -0.343492 0.89727 -0.0519595 -0.438413 0.878327 -0.327734 -0.34804 0.865951 0.139265 -0.480347 0.89024 -0.236316 -0.389394 -0.0311324 -0.14341 -0.989174 -0.111984 0.0405857 -0.992881 0.0837977 -0.255433 -0.963189 -0.0859566 -0.0865308 -0.992534 -0.335594 0.222553 -0.91534 0.30923 0.499735 -0.8091 0.304973 0.486351 -0.818813 -0 0.765754 -0.264438 0.173463 0.582343 -0.794221 0.736126 0.220799 -0.639818 -0.0625547 -0.504681 -0.861036 -0.0245001 -0.552411 -0.833212 -0.332075 0.42539 -0.841884 -0.265476 0.636888 -0.723807 0.0701619 0.0956531 -0.992939 0.28148 0.116819 -0.95243 0.194971 0.120625 -0.973363 -0.219959 0.89082 -0.397565 -0.180326 0.916544 -0.356973 -0.177561 0.927792 -0.328137 -0.255666 0.957313 -0.134854 -0.0435807 0.588914 -0.80702 0.201401 0.665882 -0.718358 -0.00541233 0.646264 -0.763094 -0.181107 0.798502 -0.574104 -0.298194 0.828057 -0.474765 -0.372013 0.84063 -0.393634 -0.471708 0.865385 -0.169114 -0.0338326 -0.480074 -0.876576 -0.0403154 -0.392751 -0.918761 0.000165828 -0.244091 -0.969752 -0.0908668 -0.683999 -0.723801 0.0916923 -0.817522 -0.568551 0.980395 -0.0580523 -0.188294 0.98968 0.0293675 -0.140257 0.727855 0.670795 0.142341 0.86329 0.502518 0.0469606 0.976401 0.215936 -0.00360025 0.669016 0.635777 0.384975 0.726167 0.652333 -0.217124 -0.808529 0.131617 0.573549 0.8618 0.398057 -0.314406 0.695153 0.62628 -0.352898 0.691003 0.722471 0.0234424 0.806045 0.589781 0.0494983 0.836021 -0.252495 -0.487149 0.901355 -0.0620602 -0.428611 0.952223 0.302195 -0.0441488 -0.000950258 0.966909 -0.255118 0.130307 0.854783 0.50236 -0.3388 -0.612413 -0.714259 -0.0913638 -0.900073 -0.426053 0.923809 0.15926 0.348157 0.0350359 -0.982129 -0.184919 -0.190644 -0.949591 -0.24886 0.974927 0.212188 -0.0670316 0.318036 -0.522389 -0.791178 -0.0208921 -0.970708 -0.239351 -0.892619 -0.448605 0.044544 -0.81639 -0.560295 0.139917 -0.991017 -0.0664518 -0.116054 -0.461062 0.806006 0.371182 -0.497282 0.86749 -0.0130848 -0.991844 -0.01689 -0.126333 -0.935201 -0.0802173 -0.344911 -0.640245 0.516573 -0.56854 -0.596545 -0.778372 0.19563 0.0376272 -0.980132 -0.194744 -0.0177922 -0.0255799 0.999514 0.263381 0.894565 -0.361086 0.127278 -0.835718 -0.534206 -0.701995 -0.680635 0.209616 0.19336 -0.0834177 0.977575 0.116818 0.815319 -0.567105 -0.0883382 0.252697 -0.963504 -0.0138786 0.102251 -0.994662 0.0120049 0.0595622 -0.998152 0.0360259 0.00519344 -0.999337 0.0547931 -0.0680839 -0.996174 0.105106 -0.122615 -0.986873 0.158314 -0.137809 -0.977725 0.322184 -0.0810912 -0.943198 0.301238 -0.131277 -0.944469 0.110928 0.302172 -0.946778 0.227795 0.364538 -0.902896 0.214025 0.358478 -0.908673 0.134182 0.307342 -0.942091 0.011808 0.192226 -0.98128 0.026598 0.214734 -0.97631 -0.0115899 0.126583 -0.991888 -0.00272487 0.151961 -0.988383 0.0105586 0.0141895 -0.999844 0.00900829 -0.016757 -0.999819 0.00604259 -0.000238021 -0.999982 0.0143209 -0.0438812 -0.998934 0.110296 -0.119566 -0.986681 0.272891 -0.137718 -0.952137 0.0849372 0.308941 -0.947281 0.198747 0.380682 -0.903095 -0.0048015 0.176389 -0.984309 -0.0118682 0.12899 -0.991575 0.551795 -0.150793 -0.820234 0.336703 -0.230664 -0.912921 0.00464035 -0.0125562 -0.99991 -0.00780727 0.0160744 -0.99984 0.0259339 -0.0581484 -0.997971 0.0852003 -0.13494 -0.987184 0.0971073 -0.193642 -0.976254 0.119373 -0.20784 -0.970851 -0.0662695 -0.129881 -0.989313 0.0546348 -0.193567 -0.979565 0.012613 -0.184416 -0.982767 -0.253181 -0.0949053 -0.962752 0.0667639 -0.226161 -0.971799 -0.456107 -0.187222 -0.870008 0.050387 -0.254246 -0.965826 -0.488369 -0.319656 -0.811983 -0.130228 -0.15057 -0.979984 -0.0367062 -0.0948676 -0.994813 -0.456014 -0.381552 -0.804033 -0.316663 -0.384327 -0.86719 -0.0650542 -0.0749099 -0.995066 -0.0871524 -0.120694 -0.988856 0.0644165 0.301219 -0.951377 0.00315612 0.135774 -0.990735 -0.0036754 0.137902 -0.990439 0.0669833 0.281659 -0.957174 -0.0117283 0.0666142 -0.99771 -0.00795541 0.0477506 -0.998828 -0.00768702 0.0250346 -0.999657 -0.0238844 -0.0198324 -0.999518 -0.000445665 0.0221244 -0.999755 0.00730736 0.0268033 -0.999614 0.0856649 -0.179301 -0.980057 0.0477738 -0.115553 -0.992152 0.00403193 -0.0650913 -0.997871 0.05325 -0.169793 -0.98404 0.0817006 -0.201826 -0.976008 0.0268596 -0.181497 -0.983024 0.0654295 -0.19489 -0.97864 0.060524 -0.20534 -0.976817 0.0387876 -0.243143 -0.969215 0.240817 -0.212646 -0.946989 0.184263 -0.220508 -0.957822 0.327374 -0.166208 -0.930162 0.20267 -0.216335 -0.955052 0.341491 -0.119691 -0.932233 0.239815 -0.193268 -0.951386 0.203483 -0.107951 -0.973109 0.156754 -0.143026 -0.977227 -0.0411684 -0.109171 -0.99317 0.0286525 -0.11594 -0.992843 -0.032784 -0.120665 -0.992152 -0.0719391 -0.109403 -0.991391 0.0133555 0.0296699 -0.999471 0.0630174 0.0839715 -0.994473 0.0958316 0.144686 -0.984826 0.125587 0.164317 -0.97838 0.0628768 0.115444 -0.991322 0.0161257 0.0539117 -0.998416 0.0667617 0.114402 -0.991189 0.0826209 0.120166 -0.98931 0.155101 0.19993 -0.967456 0.11691 0.17113 -0.978288 -0.0649812 -0.0545613 -0.996394 -0.0269407 0.00525154 -0.999623 0.00824902 0.0369983 -0.999281 -0.0406666 -0.0366236 -0.998501 0.0604088 0.119492 -0.990996 0.0434026 0.0868636 -0.995274 0.0274551 0.0525852 -0.998239 0.00944685 0.0124879 -0.999877 0.0141169 0.0500213 -0.998648 0.0160914 0.0475943 -0.998737 0.0152546 0.0387898 -0.999131 0.00311498 0.0118693 -0.999925 0.0789883 -0.255623 -0.963544 0.0743063 -0.206349 -0.975653 0.0959386 -0.219325 -0.970923 0.0574719 -0.299183 -0.952463 0.0488813 -0.190546 -0.980461 0.0613158 -0.186246 -0.980588 0.10657 -0.208274 -0.972247 0.0262483 -0.206461 -0.978103 0.0998431 -0.187403 -0.977196 0.049143 -0.163852 -0.98526 -0.0106689 -0.0807178 -0.99668 0.0168004 -0.124587 -0.992067 0.0816959 -0.181651 -0.979964 0.141802 -0.195828 -0.970332 0.00763104 -0.106015 -0.994335 0.0369002 -0.155979 -0.987071 0.0579567 -0.138526 -0.988661 0.10943 -0.157711 -0.981403 0.0132444 -0.105403 -0.994341 0.0244908 -0.118518 -0.99265 -0.0611233 -0.0523017 -0.996759 -0.0436031 -0.0119517 -0.998977 0.010485 -0.073567 -0.997235 -0.00574838 -0.0287086 -0.999571 -0.127951 -0.00676582 -0.991757 -0.0930309 0.0771869 -0.992667 -0.00364953 0.0217082 -0.999758 -0.045478 0.062526 -0.997007 0.0172863 -0.0360474 -0.999201 -0.0523266 0.0768881 -0.995666 -0.0380267 0.0973938 -0.994519 -0.0124603 0.098791 -0.99503 -0.00158332 0.0738003 -0.997272 -0.020586 0.152275 -0.988124 0.0337403 0.0291725 -0.999005 -0.0167505 0.166218 -0.985947 -0.0308998 0.249541 -0.967871 -0.0209077 0.19129 -0.981311 0.0127416 0.177059 -0.984118 -0.0245632 0.273654 -0.961514 -0.0366933 0.314106 -0.948679 -0.0104104 0.285927 -0.958195 -0.0694342 0.359597 -0.930521 -0.0812127 0.394041 -0.915498 -0.0495938 0.379074 -0.924036 -0.0180144 0.358925 -0.933193 -0.163451 0.509022 -0.845092 -0.290433 0.6183 -0.730311 -0.069825 -0.0858922 -0.993855 -0.0622566 -0.0906496 -0.993935 -0.00966793 -0.0500289 -0.998701 -0.0230516 -0.0620996 -0.997804 -0.05533 -0.119927 -0.99124 -0.0340994 -0.0998878 -0.994414 -0.0576666 -0.154436 -0.986319 -0.060485 -0.16374 -0.984648 -0.0992232 -0.220861 -0.970245 -0.150507 -0.268615 -0.951416 -0.135706 -0.247874 -0.95924 -0.288868 -0.326298 -0.900047 -0.0139214 -0.079771 -0.996716 -0.0380844 -0.11516 -0.992617 -0.0345663 -0.12063 -0.992096 -0.0146151 -0.0970991 -0.995168 -0.0142289 -0.11204 -0.993602 -0.0423191 -0.14206 -0.988953 0.0032299 -0.0613998 -0.998108 -0.0422707 -0.138822 -0.989415 0.230766 0.490077 -0.840578 0.441969 0.489263 -0.751854 -0.086897 -0.363276 -0.92762 -0.0815047 -0.369431 -0.925677 -0.225811 -0.0651694 -0.971989 -0.123536 -0.18188 -0.97553 -0.02472 -0.637802 -0.769803 0.0312084 -0.778306 -0.62711 0.106048 -0.994333 -0.00750708 0.132639 -0.991112 -0.0101482 0.0804974 -0.640593 0.763649 0.0617133 -0.844209 0.53245 -0.148438 -0.276884 0.949369 -0.143123 -0.472671 0.869539 -0.250347 0.191453 0.949037 -0.158776 0.185868 0.969661 -0.880737 0.459948 -0.112914 -0.961234 0.248363 0.119769 -0.97839 0.0371657 0.2034 -0.957985 0.276165 0.0774397 -0.640897 0.559922 -0.525107 -0.881524 0.457556 -0.116435 -0.35668 0.315161 -0.879462 -0.654718 0.544268 -0.524516 -0.192103 0.00131578 -0.981374 -0.394946 0.251598 -0.883581 -0.0783523 -0.40566 -0.91066 -0.220516 -0.104676 -0.96975 0.0945234 -0.79265 -0.602305 0.1339 -0.990792 0.0200258 -0.00138124 -0.854084 0.520134 -0.193688 -0.494689 0.847212 -0.348085 0.0959531 0.93254 -0.974348 0.150994 0.166875 -0.983922 -0.119218 0.132987 -0.905943 0.411763 -0.098585 -0.674114 0.470466 -0.569414 -0.363637 0.146046 -0.920021 0.127918 -0.990855 -0.0429266 0.208165 -0.685757 -0.697427 -0.108504 -0.887983 0.446892 -0.336725 -0.552669 0.762347 0.0261002 -0.310814 -0.950112 -0.115892 -0.0996071 -0.988255 -0.223985 0.0755994 -0.971656 -0.584993 0.380371 -0.716311 -0.897178 0.376804 -0.230411 -0.996908 0.0721892 -0.0310255 -0.979743 -0.192385 -0.0556044 -0.480611 0.0724993 0.873932 -0.315487 0.306444 -0.898087 -0.780602 0.328632 -0.531659 0.201869 -0.976913 -0.06993 0.429507 -0.566847 -0.702999 -0.0394538 0.110416 -0.993102 0.219108 -0.182913 -0.958402 0.0668311 -0.0284234 -0.997359 -0.940855 0.0570589 -0.333972 -0.925176 -0.271773 -0.26493 -0.645215 -0.051645 0.762254 -0.454482 -0.602056 0.656487 -0.147364 -0.923814 0.353343 0.379764 -0.136519 -0.914954 0.200277 0.0831724 -0.976203 0.521527 -0.559167 -0.64447 0.271177 -0.956822 -0.104663 -0.221431 -0.941662 0.253459 -0.555711 -0.662514 0.502255 -0.770857 -0.0900031 0.630618 -0.835349 0.129248 -0.53431 -0.818568 -0.215074 -0.532625 -0.556722 0.401684 -0.727125 -0.142713 0.363631 -0.920546 0.0758395 0.243404 -0.966956 0.00403681 0.302295 -0.953206 0.203787 0.159328 -0.965963 0.45002 -0.158355 -0.878866 0.550394 -0.59643 -0.584241 0.309887 -0.943693 -0.11582 -0.226643 -0.948445 0.221552 -0.641099 -0.659712 0.392139 -0.864996 -0.121639 0.486812 -0.691505 0.131581 -0.710286 -0.729846 -0.167715 -0.662719 -0.451554 0.39463 -0.800229 -0.160919 0.38795 -0.907524 0.156347 0.152093 -0.975922 -0.0743518 0.283178 -0.956181 0.441066 -0.139222 -0.88661 0.562356 -0.535125 -0.630394 0.375622 -0.906266 -0.19388 -0.141401 -0.973196 0.181368 -0.647743 -0.710572 0.274804 -0.94726 -0.170216 0.271524 -0.715437 0.0536064 -0.696618 -0.734449 -0.326145 -0.595159 -0.496699 0.285734 -0.81954 -0.277827 0.345459 -0.896365 0.121879 0.223247 0.967112 0.119861 0.396953 0.909979 0.160422 0.370439 0.914899 0.281054 0.226691 0.932534 0.0316937 0.57114 0.82024 0.191622 0.621345 0.759744 0.380502 0.776853 0.501715 0.508987 0.619861 0.597247 -0.532047 0.0950591 -0.841362 -0.352095 -0.0107628 -0.935902 -0.539896 -0.0405592 -0.840754 -0.569395 -0.0696034 -0.819112 -0.318892 -0.133251 -0.938377 -0.00689148 -0.163408 -0.986534 -0.285488 0.00737281 -0.958354 -0.204471 0.245889 -0.947486 0.0978581 0.454892 0.885153 0.00348509 0.57944 0.815008 0.0816292 0.49992 0.862216 -0.130604 0.161042 -0.978268 -0.0171647 0.420838 -0.906973 -0.00517896 0.461801 -0.886968 0.242889 0.955436 0.167771 0.32232 0.917344 0.233644 0.23125 0.67058 0.704873 0.284256 0.834362 0.472269 0.319528 0.862563 0.392284 0.34776 0.657801 0.668103 0.389626 0.797681 0.460322 0.332211 0.93511 0.12331 0.407137 -0.277129 0.87031 -0.0396791 -0.036538 0.998544 0.00511266 0.0979185 0.995181 0.46677 -0.228978 0.854222 -0.156178 0.489471 0.85792 -0.178515 0.501061 0.8468 0.13461 0.667204 0.732611 0.014479 0.707726 0.706338 -0.0953365 0.979565 0.177097 0.110519 0.745289 0.657518 0.478071 0.770462 0.421706 -0.162423 0.806375 0.568663 0.432403 0.556348 0.70958 0.273955 0.530495 0.802199 0.739194 0.527916 0.418207 0.400049 0.698584 0.593246 0.411518 -0.416593 0.810619 0.563326 -0.528773 0.634873 0.45199 -0.447205 0.771824 0.435384 -0.317856 0.842264 0.00583066 -0.112141 0.993675 0.398238 -0.0590186 -0.915382 -0.665498 0.211643 -0.715765 -0.152473 0.419692 0.894768 0.186688 0.131734 0.973547 0.24689 -0.000111155 -0.969044 0.187876 0.612185 0.76807 -0.316231 0.543879 0.777299 0.177629 0.658588 0.731239 -0.607998 -0.200045 -0.768323 -0.453862 -0.445146 -0.771916 0.766827 0.021044 -0.641509 0.672045 -0.21056 -0.709944 0.404744 -0.101278 -0.908804 0.3854 0.0913539 -0.918216 -0.131871 0.35093 0.92707 -0.00484806 0.484791 0.874617 0.0236216 0.636856 0.770621 -0.0324967 0.559991 0.827861 -0.0940279 0.441982 0.892082 -0.00978837 0.517905 0.855383 0.00982612 0.289999 -0.956977 0.309044 0.146317 -0.939725 0.37825 0.301786 -0.87513 0.00989962 0.103111 -0.994621 0.335985 -0.0173471 -0.941708 0.60129 -0.0534607 -0.79724 0.0210907 0.782631 0.622128 -0.0383994 0.508765 0.860048 0.930567 0.365898 -0.0127625 0.348921 0.556582 -0.75397 0.16809 0.264281 -0.949685 0.0516033 0.457747 -0.887584 -0.282738 0.763128 -0.581115 0.111611 0.628241 0.769972 -0.590982 0.475345 0.651758 -0.52721 0.824112 0.207096 -0.374397 0.908923 0.183539 -0.448704 0.707598 0.545866 0.123347 0.978128 0.167485 0.156539 0.975564 -0.154175 -0.0143601 -0.463765 -0.885842 -0.0953791 -0.429204 -0.898157 -0.117989 -0.537795 -0.834779 0.00632698 -0.496915 -0.867776 0.0170708 -0.243172 -0.969833 0.0465398 -0.223429 -0.973609 0.403663 -0.0768756 -0.911672 0.462933 -0.153591 -0.872985 0.798786 -0.237225 -0.552869 0.792689 -0.28286 -0.540031 0.23783 0.715957 0.656386 0.0896636 0.882578 0.461538 -0.620849 0.279625 0.732364 -0.588978 0.726753 0.353463 0.372494 0.62682 0.684357 0.0799414 0.951709 0.296411 0.752969 0.537852 0.379146 -0.0532459 0.672146 -0.738501 -0.0171224 -0.398351 -0.917073 0.0602552 -0.504562 -0.86127 -0.387213 -0.2816 0.877934 -0.30907 -0.450491 0.837576 -0.378624 -0.302297 0.874792 0.0746416 -0.143452 -0.986839 0.647358 -0.0437272 -0.760931 0.770494 -0.0476233 -0.635665 0.38864 -0.0752312 -0.918313 -0 0.806462 0.459535 0.682693 -0.211935 -0.699295 0.380728 -0.452365 -0.806481 -0.0496981 -0.902489 0.427835 0.365231 -0.160157 -0.917037 0.0594255 0.56197 0.82502 0.351547 0.306019 0.884741 0.589674 -0.0129516 0.807538 0.70816 0.116321 0.696404 0.055606 0.411738 0.909604 0.0860074 0.341657 0.935881 -0.413887 0.812905 0.409736 0.040786 0.952029 0.303276 0.0495219 0.713418 -0.698987 -0.298838 0.931056 0.209357 0.0654359 0.993872 0.0890879 0.134933 0.501751 -0.854423 0.257761 0.0481119 -0.96501 0.162323 -0.191914 -0.967895 -0.112089 -0.452066 -0.884914 -0.178888 -0.844421 -0.504928 0.321061 0.448294 0.834238 0.580157 0.0650193 0.811905 0.330064 0.891086 0.311486 0.205336 0.775709 -0.596753 -0.00199483 0.966535 0.256527 0.493053 -0.279676 -0.82382 -0.0955214 -0.893015 -0.439772 0.719761 -0.00148198 0.69422 -0.52884 0.215441 0.820922 -0.783443 0.585858 0.207336 0.611498 -0.597378 0.518855 0.169256 -0.148525 0.974317 -0.742354 0.242013 -0.624772 -0.617147 -0.203436 -0.760094 -0.540336 -0.225937 -0.810549 0.0574312 0.972183 0.227074 0.374963 0.924119 -0.0735265 0.222918 0.906613 0.358275 0.470865 0.653902 -0.592199 0.327737 0.943012 -0.0575926 0.889889 -0.204685 -0.407678 0.319214 -0.865961 -0.384986 0.187531 0.249194 0.950123 0.458755 0.0524007 0.887017 -0.386782 0.0777734 0.918886 -0.466044 0.867515 0.173841 -0.591969 0.803442 0.0636728 -0.419589 0.104767 0.901648 -0.29878 0.596612 -0.744839 -0.264393 0.627896 -0.732013 -0.661705 0.749148 0.0303979 -0.729295 0.683915 0.0197277 0.0121681 -0.296383 -0.954992 0.0645163 -0.297673 -0.952485 -0.166464 -0.868966 -0.466034 -0.158779 -0.853629 -0.496091 0.10895 -0.516577 0.849281 0.13442 -0.449792 0.88296 0.802292 -0.491438 0.338845 0.769724 -0.592414 0.237843 0.217345 0.36036 0.907139 0.175854 0.395742 0.901368 0.0293488 0.94134 0.33618 0.218516 0.896585 0.385209 -0.192563 0.0210633 0.981059 -0.354369 -0.0946466 0.930304 -0.539103 -0.0318009 0.84164 -0.587404 -0.0931209 0.803919 0.0869548 -0.635287 -0.767365 -0.156875 -0.181292 -0.970836 -0.359903 -0.0634538 -0.930829 0.124635 -0.739787 -0.661196 -0.133259 0.658844 -0.740383 -0.121102 0.835521 -0.535947 0.0002506 0.937667 0.347534 0.361185 0.913688 0.186333 0.00247588 0.433983 0.900918 -0.038118 0.954553 0.295593 -0.367191 0.03634 0.929436 -0.49419 0.0695509 0.866567 -0.329438 -0.16805 -0.929102 0.170598 -0.686308 -0.70702 -0.0953812 0.787633 -0.608717 0.395215 0.916313 0.0646254 -0.56627 -0.476129 -0.672785 0.358528 -0.235946 -0.90321 0.421334 0.00996593 -0.906851 -0.915614 -0.325741 0.235676 0.181785 0.366613 0.912441 -0.312732 -0.604294 0.732821 -0.487889 -0.871512 0.0493102 0.13959 0.658257 0.739738 0.333802 -0.0298291 -0.942171 -0.467259 -0.346836 -0.813249 -0.0827076 0.273507 0.958308 0.061491 0.741176 0.668489 0.683342 -0.134432 -0.717615 -0.208656 0.219013 0.953151 0.0162654 0.839817 0.542626 0.277752 0.414275 0.866735 -0.944546 -0.282346 -0.167669 -0.969824 -0.240891 -0.0375874 -0.502316 -0.551529 0.665954 -0.564823 -0.5871 0.579904 -0.218791 -0.442756 0.869538 -0.405035 0.817869 -0.408702 -0.513117 0.72336 -0.462018 -0.806253 -0.537204 0.247726 -0.0560036 0.951127 0.303678 -0.186449 0.979951 0.0702298 -0.438884 0.740894 -0.508387 -0.577893 -0.815481 0.0320984 -0.0447059 0.99769 0.0511561 0.20824 0.237726 0.948748 0.344561 0.454329 0.8215 0.885331 -0.0396733 0.463266 0.716209 -0.518298 0.467346 -0.309007 0.785604 0.536043 -0.131462 0.913602 0.384772 -0.586637 0.806297 -0.0757761 -0.399444 0.879607 -0.258334 0.383429 0.806633 -0.449806 0.153668 0.129863 -0.979552 -0.0913339 0.0765693 -0.992872 0.425019 0.768856 -0.477723 0.126845 -0.785008 -0.606361 0.386674 -0.853785 -0.348618 -0.0334814 -0.929861 0.366386 0.162892 -0.905964 0.390763 -0.0292747 0.5299 0.847555 0.222325 0.210959 0.951876 0.690674 -0.36186 0.626121 -0.0643137 -0.759697 -0.647089 -0.213651 -0.964972 0.152261 0.188645 -0.0135641 -0.981952 0.49916 0.216452 -0.83904 -0.596507 0.672344 0.43833 -0.733251 0.586209 -0.344532 -0.0789074 0.115426 -0.990177 -0 -0.0509424 0.482186 -0.875817 0.428115 -0.222849 0.657073 -0.408228 -0.633723 0.645993 -0.0647667 -0.760591 0.916197 -0.398685 0.0404165 0.329793 0.838871 -0.43305 -0.0743013 0.926738 -0.368287 -0.0319571 0.37232 -0.927554 0.946014 0.308544 0.0992866 0.309473 -0.682951 -0.661668 0.45283 -0.650183 -0.610088 0.318181 -0.903969 0.285658 0.163806 0.819273 0.549508 0.471088 0.681374 0.560183 -0.0507228 0.0844962 -0.995132 -0.543177 0.769194 -0.336601 -0.0305854 0.996885 0.0726976 0.622419 -0.516909 -0.587708 -0.117862 0.868632 -0.481235 0.826677 -0.525047 0.202312 -0.399112 0.121789 -0.908778 0.637007 0.429087 -0.640396 -0.0615237 0.888448 -0.454836 -0.000664379 0.197684 -0.980266 0.678671 -0.698967 -0.2255 0.248361 -0.735992 -0.629788 0.357016 -0.863212 0.356939 0.171117 -0.944826 0.279324 0.0472254 0.656178 0.753127 0.0767726 0.652062 0.754268 0.055568 0.521228 0.851606 0.0308908 0.589616 0.807093 0.168971 0.34575 0.922987 0.119868 0.438164 0.890867 0.124532 0.141497 0.982074 0.14089 0.380565 0.913959 0.17859 0.630414 0.755436 0.205243 0.712388 0.671102 0.295102 0.174527 0.939391 0.583661 0.0231886 0.811666 -0.119683 -0.789281 -0.602255 -0.343813 -0.887357 -0.30723 -0.0370832 -0.192695 -0.980558 0.0309791 0.292879 -0.955647 0.06163 0.279068 -0.958292 0.121529 0.0612814 -0.990694 0.0575561 -0.276228 -0.959367 -0.000305653 -0.526605 -0.85011 0.123353 0.361021 -0.924363 0.0409177 0.0368885 -0.998481 -0.254894 -0.00889529 0.966928 -0.0433133 -0.40519 -0.913206 -0.00184693 -0.546162 -0.837677 0.179855 0.321723 0.929595 0.20932 0.462035 0.861806 0.0125894 0.457589 0.889075 0.101512 0.408232 0.907217 0.068089 0.520142 0.851361 -0.588697 -0.785151 0.192283 0.0483432 -0.997098 0.058815 0.559129 -0.404583 -0.723662 0.361429 -0.0829496 -0.928703 0.185425 0.445693 0.875771 -0.00447668 0.502417 0.864614 0.24258 0.522462 0.817428 0.455546 -0.813654 -0.361171 0.434366 0.136767 0.890293 0.293071 0.197086 0.935557 0.186894 0.293931 0.937377 0.118878 0.122581 -0.985313 -0.123654 0.241006 -0.962614 -0.416128 0.247059 -0.8751 -0.806796 -0.147476 -0.572128 -0.72725 -0.510047 -0.459303 0.030538 -0.231499 -0.972356 0.036622 -0.344668 -0.93801 -0.655776 0.15315 -0.739258 -0.0972 -0.76888 -0.631962 -0.249463 -0.848832 -0.466104 -0.933131 -0.3376 0.123668 -0.0118363 -0.410212 -0.911913 0.041615 -0.369948 -0.92812 -0.00105779 -0.560816 -0.82794 -0.0526867 -0.183546 -0.981598 0.0717116 0.462219 -0.883862 0.0328005 0.512025 -0.858344 -0.241418 0.72912 -0.640392 -0.192509 0.683519 -0.70409 0.288098 0.119872 -0.950068 0.311782 0.208987 -0.926885 0.558484 -0.128691 -0.819472 0.554886 0.0333392 -0.831258 0.525645 0.370979 -0.765553 0.682208 -0.0871142 -0.72595 0.692976 0.240549 -0.679647 0.837535 -0.311213 -0.44909 0.544347 0.190344 -0.816979 0.977211 -0.212251 -0.00292996 -0.542567 0.761416 -0.354778 -0.31209 0.670281 -0.673293 -0.712396 0.674831 -0.192601 -0.490073 0.789899 -0.368631 -0.839766 0.530706 -0.114644 -0.726453 0.660781 -0.188769 -0.738961 0.653798 -0.162743 -0.9094 0.393184 -0.135637 -0.961352 0.268427 -0.0612329 -0.655488 0.755009 -0.0172255 -0.97423 -0.0262 0.224031 -0.511804 0.801223 0.309997 -0.948252 0.287506 -0.134749 -0.936078 0.278138 -0.2154 -0.744062 0.616384 -0.257765 -0.658395 0.663931 -0.354558 -0.405818 0.766681 -0.497507 -0.291557 0.781187 -0.552034 -0.115564 0.711639 -0.692975 0.0153241 0.692387 -0.721363 0.179973 0.498895 -0.84777 0.369948 0.409021 -0.83417 -0.511652 0.764074 -0.392941 -0.196221 0.733528 -0.650718 -0.933189 0.351888 -0.0730234 -0.776647 0.61157 -0.151003 0.0256205 0.625868 -0.779508 -0.958387 0.223102 -0.178101 0.571091 0.300567 -0.763881 0.736804 0.11311 -0.666578 0.888975 0.031409 -0.456878 0.162939 0.699827 -0.69548 0.287831 0.631315 -0.720135 0.412907 0.452688 -0.790304 -0.211801 0.794415 -0.569249 -0.574807 0.696348 -0.429764 -0.57923 0.412749 0.702944 -0.500548 -0.746959 0.437612 -0.0498612 -0.803944 0.592611 -0.564478 0.549343 0.616106 -0.801171 0.111274 -0.588 -0.946313 -0.207719 0.247678 -0.969831 -0.195331 -0.145854 -0.559524 0.414275 -0.71785 -0.374403 -0.615788 0.693273 -0.61748 -0.647048 0.447266 0.118389 -0.740135 0.661955 -0.0298991 -0.827908 0.560066 0.405558 -0.700473 0.587248 0.239244 -0.765161 0.597739 0.699324 0.117153 0.70514 0.858469 0.0779533 0.506906 0.57291 -0.564926 -0.593829 0.527402 0.161507 0.834124 0.909474 0.101224 0.40325 0.334213 0.0366988 0.941783 0.40049 -0.0279513 0.915875 0.796791 0.022257 0.603845 0.902235 0.218014 -0.372079 0.897207 0.201817 -0.392797 0.289897 0.33018 -0.898299 0.346636 0.269876 -0.898338 -0.292546 0.30754 -0.905448 -0.329457 0.282285 -0.900985 -0.22478 0.559202 -0.797976 -0.187215 0.736057 -0.650516 0.98098 0.0622475 0.183856 0.883846 0.0387562 0.466169 0.889823 0.164165 -0.425753 0.438277 0.34746 -0.828966 -0.210065 0.479767 -0.851878 -0.80034 0.195641 0.566728 -0.814437 0.268912 0.514178 -0.458558 -0.404885 0.791071 -0.49623 -0.275791 0.823222 -0.46951 0.792206 0.389832 -0.363729 0.859136 0.359981 -0.149857 -0.103336 -0.983293 -0.173791 -0.100073 -0.979685 -0.210106 -0.192644 -0.958511 -0.1091 -0.169742 -0.979431 -0.206617 -0.0124941 -0.978342 -0.143132 -0.00041249 -0.989704 -0.129771 0.236613 -0.962898 0.0287891 0.216986 -0.97575 0.528237 0.524396 -0.667814 0.454865 0.301668 -0.83791 -0.00392341 -0.155702 -0.987796 0.0677431 -0.319807 -0.945058 0.0944975 -0.0340277 -0.994943 -0.0795254 -0.107684 -0.990999 0.0292151 -0.0855406 -0.995906 0.0332361 -0.0309861 -0.998967 0.511943 0.0712997 -0.856055 0.501462 0.589169 -0.633574 -0.995187 -0.0308453 0.0930123 -0.991926 -0.126363 -0.0107506 -0.497906 -0.598888 0.627235 -0.557884 -0.578714 0.594858 -0.591549 0.721773 -0.359324 -0.577586 0.474988 -0.663914 -0.382029 -0.140171 -0.913458 -0.526816 0.711328 -0.465272 -0.0602553 0.822953 0.564905 -0.158585 0.608985 -0.777167 -0.642141 0.0963606 -0.760507 -0.163913 -0.068746 -0.984076 -0.0555075 0.0444056 -0.99747 0.412465 0.430106 -0.803045 0.0581356 -0.00580342 -0.998292 0.714494 0.276475 -0.642698 0.36772 0.0200193 -0.929721 -0.46822 -0.373018 -0.801016 -0.402669 -0.720041 -0.565154 -0 0.718348 0.106699 0.110614 -0.755938 -0.645231 -0.503828 -0.599097 0.622287 -0.97711 -0.0218309 0.211613 -0.543054 0.654838 -0.525624 -0.695693 0.503607 -0.512241 -0.457153 0.873431 -0.167717 -0.655941 -0.182733 -0.732359 -0.221703 -0.142074 -0.964709 -0.806285 0.0818177 0.585841 -0.833763 0.199505 0.514817 -0.256332 -0.649048 0.716261 -0.291535 -0.669726 0.682989 -0.656297 0.656173 0.372439 -0.468383 0.852428 0.232345 -0.865138 0.496626 -0.0700005 -0.140543 0.365923 -0.919972 -0.239527 0.38196 -0.892599 -0.673189 0.351424 -0.650628 0.0383921 0.15303 -0.987475 -0.0434177 0.19998 -0.978837 -0.0534226 -0.0607086 -0.996725 -0.0550387 -0.0731337 -0.995802 0.163746 0.114119 -0.97988 0.0552834 -0.0726238 -0.995826 -0.989144 -0.0295801 0.14394 -0.997791 0.0661313 -0.00629038 -0.449299 -0.857857 -0.249422 -0.425695 -0.887715 0.175346 -0.503371 0.843417 -0.187791 -0.504661 0.709621 0.491686 0.446746 0.856061 -0.259958 0.137286 0.921941 0.362184 0.425035 0.902389 0.0709849 0.864298 0.345543 0.365499 0.803798 0.473884 0.359642 0.227698 0.971718 0.0625867 0.593973 -0.152254 0.789946 0.683984 0.231482 0.691796 0.405049 -0.912278 -0.0607035 -0.552206 -0.530892 -0.642824 -0.664758 0.429663 0.611135 -0.0692586 0.564333 -0.822637 -0.385794 0.656466 -0.648241 -0.972895 -0.107673 0.204649 -0.531915 -0.830082 0.167424 0.274146 0.19975 -0.940715 -0.568597 0.82251 0.013214 0.446193 -0.0115468 -0.894862 0.42151 0.896498 -0.136459 -0.293097 -0.828533 0.477103 -0.902378 -0.203649 -0.37979 -0.81774 -0.546961 -0.17926 -0.369986 -0.812972 0.449652 0.42462 0.905327 -0.00902911 0.825493 0.360503 0.43428 -0.686799 0.423122 -0.590995 -0.87315 0.21806 -0.435956 0.482678 0.016748 0.875638 -0.556152 0.0302958 -0.830528 -0.395264 0.0111701 -0.9185 -0.822864 0.102297 -0.558954 -0.878258 0.111626 -0.464976 0.300986 -0.939113 -0.165753 0.969941 -0.0827084 -0.228853 0.978572 -0.171694 -0.11366 0.680105 0.730356 0.0635446 0.602227 0.779598 -0.171899 0.530405 -0.818871 0.219366 0.388779 -0.885142 -0.255684 0.0394911 0.832315 0.552894 0.521462 0.722715 0.453608 0.329447 0.763083 0.55603 -0.499699 0.860958 -0.0951431 0.412099 0.57037 0.71053 0.302026 0.724653 0.619402 0.412535 0.753043 0.512582 -0.0129581 0.999665 0.022415 0.0234642 0.969659 0.243331 0.56798 0.7864 0.242845 0.151768 0.0189311 -0.988235 0.0451132 0.256185 -0.965575 -0.223311 0.778168 -0.587015 -0.0902235 0.668709 -0.73803 0.474504 0.823849 -0.310029 0.870417 -0.0491014 -0.48986 -0.155372 -0.510278 -0.845858 0.0613776 -0.0864927 -0.99436 0.302647 -0.936873 -0.175136 0.406233 -0.911531 -0.0639278 -0.476223 -0.863574 0.165687 -0.381052 -0.9023 0.201631 0.515551 -0.854713 -0.0606101 0.617725 0.71127 0.335425 -0.199993 0.924421 0.324728 -0.987727 -0.0402907 0.150904 -0.961973 -0.182759 0.202996 0.175889 0.496139 0.850241 -0.806276 0.394872 -0.440448 -0.877907 0.32603 -0.350691 -0.0909808 0.976425 0.195748 -0.784467 0.480768 -0.391757 -0.472095 0.357957 -0.805601 -0.703176 0.449922 -0.550557 -0.817315 0.485849 -0.309754 -0.170078 0.978045 0.120424 -0.731988 0.0487369 0.679572 -0.874939 0.109066 0.471791 -0.437204 -0.816507 0.377054 -0.303702 -0.783217 0.542528 -0.873812 0.159331 0.459419 -0.316089 -0.705836 0.633943 -0.54264 0.790258 0.284663 -0.47661 0.878775 -0.0244377 -0.527024 0.847478 -0.0634583 -0.332419 0.840555 0.427744 -0.00917587 0.669899 -0.742396 -0.0754861 0.735395 -0.673422 -0.627325 0.743137 -0.232832 -0.621422 0.766209 -0.16358 0.302086 -0.124768 -0.945081 0.325722 -0.0453809 -0.944376 -0.122487 -0.674138 -0.728378 -0.0983166 -0.624598 -0.774733 0.512367 -0.839917 0.17894 0.400785 -0.903549 0.151563 0.482819 -0.1584 0.861275 -0.570197 -0.817199 0.0840343 -0.960408 -0.213651 0.178799 -0.985487 -0.132133 0.106564 -0.649829 -0.758087 -0.0550086 -0.790226 0.369893 -0.488592 -0.440763 0.809968 0.386884 0.692915 -0.652283 0.307239 -0.0191641 -0.604342 0.796495 0.148507 -0.600572 0.785658 0.597231 -0.328873 0.731545 -0.807099 0.0639247 0.586945 -0.862769 -0.052634 0.502851 -0.858228 0.479102 -0.184138 -0.997428 -0.0144475 0.0701995 -0.267096 -0.905468 -0.329829 -0.658544 -0.740543 0.133848 -0.808306 -0.0861489 0.582426 -0.91368 -0.185266 0.361754 -0.395461 -0.894788 0.207278 -0.595016 -0.775291 -0.211846 -0.320616 0.946795 0.028007 -0.607621 0.745027 -0.275194 -0.178947 -0.663351 0.726597 -0.162258 -0.65661 0.73657 0.599767 -0.756023 0.262124 0.530463 -0.7936 0.298008 -0.752986 -0.0118887 0.657929 -0.780482 0.0523833 0.62298 -0.794933 0.596355 0.11154 -0.771806 0.635807 -0.00801015 0.327695 -0.898544 -0.291949 -0.312019 -0.738365 -0.597881 -0.300894 -0.856284 0.41981 -0.702369 -0.350166 0.619726 -0.805046 -0.183494 0.56412 -0.36824 -0.826764 0.425277 -0.501357 0.0812326 0.861419 -0.733264 -0.0268514 0.679414 -0.319863 -0.937237 0.138832 -0.381242 -0.831179 0.404717 -0.644686 0.759788 -0.0842746 -0.697952 0.708527 0.104176 -0.940841 0.303125 -0.151441 -0.973806 0.22077 0.0544192 0.206919 0.886937 -0.41295 0.135333 0.890049 -0.435313 -0.181186 0.917047 0.35524 -0.112823 0.982937 0.145278 0.0424416 0.875145 -0.481995 -0.0026047 0.950768 -0.309893 -0.130183 0.960312 0.246685 0.414676 -0.0876755 -0.905735 0.595648 -0.179398 -0.782956 0.250749 -0.083784 -0.96442 0.28691 0.188189 -0.939291 0.225308 0.931869 -0.284351 0.162482 -0.941659 -0.294751 0.0266559 -0.879542 -0.475075 -0.0953023 -0.611984 -0.785107 0.412651 0.129775 -0.901597 0.298825 -0.923349 -0.241103 0.320037 -0.93511 -0.15214 0 -0.385427 -0.362304 -0.0637183 -0.840135 -0.538621 -0.783242 0.0196007 0.621407 -0.777471 0.308834 0.547869 -0.680734 -0.237478 0.692968 -0.706917 -0.0881663 0.70178 -0.76803 0.159316 0.620281 -0.418685 -0.612125 0.670824 -0.842274 0.345135 0.414074 -0.48562 0.810056 0.328606 -0.794619 0.0715363 0.602879 -0.163499 0.282574 -0.945209 -0.180591 0.0647439 -0.981425 -0.151196 -0.00892516 -0.988463 -0.0962822 0.298169 -0.949645 0.0100194 0.0495132 -0.998723 -0.00257475 -0.00251991 -0.999994 0.260388 0.00951921 -0.965457 0.132124 0.45167 -0.882348 -0.131477 -0.296246 -0.946019 0.318587 0.662354 -0.678077 0.482798 -0.241786 -0.841692 0.153637 -0.873615 -0.461727 0.372251 -0.787394 0.491366 -0.137656 -0.921388 0.36345 -0.683176 -0.421075 0.596629 0.468441 -0.871409 -0.14563 -0.756653 -0.0107119 0.653729 -0.681517 0.638342 0.357846 -0.759364 0.196431 0.620307 -0.658714 0.432211 0.615865 0.11526 0.604766 -0.788018 -0.201673 0.915697 0.347601 0.011424 0.0349156 -0.999325 -0.0761546 0.36196 -0.929078 0.353951 0.931699 0.0815878 0.435257 0.296107 -0.850219 -0.700111 -0.383897 0.602053 -0.700251 -0.410999 0.58372 0.314166 0.491382 -0.812307 0.19596 -0.299618 -0.933718 0.00479268 -0.802643 -0.596441 0.152558 0.340213 -0.927891 0.17917 0.152254 -0.971965 0.332061 0.197506 -0.922349 0.0702967 0.567039 -0.820686 0.0514845 0.179612 -0.982389 -0.12836 0.148809 -0.9805 -0.102432 0.300968 -0.948117 -0.0974461 0.384925 -0.917789 -0.329575 0.365721 -0.870419 -0.740188 0.625776 0.246022 -0.432213 0.517159 0.738741 -0.564731 0.227252 -0.79337 0.539407 0.48063 0.6914 -0.163765 -0.0691074 -0.984076 -0.174345 0.142573 -0.974308 -0.283415 0.0695324 -0.956473 -0.945915 0.0909172 0.311414 -0.977204 0.0373041 0.208998 -0.810808 0.509485 0.288125 -0.456347 0.850577 0.261279 -0.906846 0.206764 0.367258 -0.778132 -0.0103582 0.628015 -0.675349 -0.253363 0.692611 -0.86216 -0.0636531 0.502621 -0.787007 -0.111487 0.606787 -0.762502 -0.311044 0.567312 -0.594698 -0.54947 0.586871 -0.56901 -0.494436 0.657085 -0.736123 -0.250507 0.628784 -0.0276078 -0.907684 0.418745 0.518408 -0.853038 -0.0598229 0.0679143 0.360574 -0.930255 -0.0793755 0.461854 -0.883397 -0.0173434 0.513668 -0.857814 -0.0172501 0.377137 -0.925997 -0.842566 0.34342 0.414905 -0.736131 0.632551 0.240812 -0.748924 -0.226514 0.62274 -0.82943 -0.037014 0.557383 -0.472516 -0.560153 0.68041 -0.68269 -0.412993 0.602803 -0.428652 0.899073 0.0890278 -0.247413 0.221242 -0.943313 -0.399333 0.123814 -0.908407 -0.108336 0.199366 -0.973918 -0.00982337 -0.870328 0.492375 0.488861 -0.851997 0.187395 0.0173661 -0.387948 -0.921518 -0.197922 -0.669795 -0.715683 -0.0630127 0.178862 -0.981854 -0.0346212 0.266631 -0.963177 0.00407803 0.264435 -0.964395 0.0611422 0.191196 -0.979646 0.0885501 -0.0252556 -0.995751 0.0488967 -0.0619058 -0.996884 0.0497425 -0.085467 -0.995098 0.0265336 0.0533485 -0.998223 0.0499339 -0.125469 -0.99084 0.0131878 -0.337573 -0.941207 0.0212152 -0.417395 -0.908478 -0.0862099 0.185235 -0.978906 -0.299085 0.223668 -0.927643 -0.47729 0.139018 -0.86768 -0.606927 0.79014 0.085541 -0.361304 0.930138 -0.0655924 -0.794917 0.52181 0.309549 -0.820431 0.129275 0.556939 -0.724148 -0.19995 0.660022 -0.580598 -0.431209 0.690626 -0.308101 -0.643729 0.70049 0.0476214 -0.808868 0.586059 0.417583 -0.817048 0.397563 -0.213524 -0.58617 -0.781545 0.10176 -0.123833 -0.987072 0.0420057 0.0200422 -0.998916 -0.602988 -0.357166 0.713329 -0.666948 -0.163741 0.72689 -0.806343 0.247271 0.537279 -0.284817 -0.602978 0.745182 0.253061 0.393912 -0.883625 0.951383 0.175787 -0.25292 -0.856755 -0.00109139 -0.515722 -0.853841 -0.470922 0.221781 0.578867 -0.788852 -0.206462 0.0504789 -0.998251 -0.0307798 0.189909 -0.921803 -0.337955 0.435985 -0.723972 -0.534586 0.164807 -0.733722 -0.659159 0.258609 -0.523868 -0.811593 0.185892 -0.161439 -0.969217 0.208643 -0.379318 -0.901435 0.151649 -0.313303 -0.937467 0.134748 -0.0961483 -0.986204 -0.289467 0.36094 -0.886528 -0.0834313 -0.955474 -0.283034 0.0127339 -0.923061 -0.384444 -0.144065 -0.517611 -0.8434 -0.0580315 -0.58411 -0.809597 0.0511988 -0.828303 -0.557937 0.117891 -0.758576 0.640831 0.399146 -0.764982 0.505455 -0.418836 -0.749541 0.512606 0.485918 -0.322028 -0.812515 0.333818 -0.373969 -0.865282 0.224133 -0.35501 -0.907597 0.0796203 -0.0941931 -0.992365 0.0667215 -0.00678917 -0.997749 0.381676 -0.725957 0.57211 0.215698 -0.729899 0.648631 0.41372 -0.751316 0.514159 0.563789 -0.689789 0.454239 -0.0513725 -0.808253 0.58659 0.34592 -0.725655 0.59478 0.771823 -0.0447729 0.634259 0.385301 -0.0791074 0.919394 -0.573005 0.817503 0.0579107 -0.445967 0.891373 -0.0810385 -0.298782 0.942565 -0.149337 -0.206062 0.111967 -0.972112 -0.423953 0.0997856 -0.900171 -0.0429292 0.103196 -0.993734 0.000153597 -0.0745357 -0.997218 0.000812517 -0.12911 -0.99163 -0.259694 -0.0584227 -0.963922 -0.381638 0.0423462 -0.923341 -0.203083 0.966188 -0.158866 -0.107402 0.974395 -0.197532 -0.0242761 0.00170362 -0.999704 -0.0219108 -0.106916 -0.994027 0.144912 -0.180398 -0.97286 0.0462354 0.975707 -0.214143 -0.126586 -0.0555692 -0.990398 -0.518213 0.678386 -0.520814 -0.0287508 0.413844 -0.909894 -0.0141109 0.400797 -0.916058 -0.0579742 0.43419 -0.898954 -0.0479936 0.442617 -0.895425 -0.1152 0.515232 -0.849273 -0.162642 0.51699 -0.840398 -0.346335 0.613769 -0.709464 -0.245423 0.567084 -0.786246 -0.524747 0.55086 -0.648995 -0.399355 0.562852 -0.72368 -0.120192 -0.214458 -0.96931 -0.241208 -0.280449 -0.929068 -0.0361855 -0.130064 -0.990845 0.00567796 -0.047913 -0.998835 -0.0458594 -0.238358 0.970094 -0.118041 -0.395841 0.910701 -0.0045873 -0.14339 0.989656 -0.00495167 -0.138748 0.990315 -0.00455174 -0.110542 0.993861 -0.0111833 -0.119024 0.992828 0.0168295 -0.157843 0.987321 0.00738495 -0.154354 0.987988 -0.000336533 -0.117951 0.993019 0.0120416 -0.137055 0.99049 0.042723 -0.239289 0.970008 0.000757419 -0.168413 0.985716 -0.0048313 -0.143707 0.989609 0.0175467 -0.226842 0.973774 0.00119331 -0.199581 0.979881 0.00428704 -0.18802 0.982156 -0.00830503 -0.182536 0.983164 -0.0100198 -0.193184 0.981111 0.0647054 -0.272438 0.959995 0.0176342 -0.280775 0.959611 0.0316195 0.349514 -0.936398 0.0138054 0.288768 -0.9573 0.0601126 -0.319793 0.945578 0.0654406 -0.538132 0.840316 0.000653852 -0.152865 0.988247 -0.0131283 -0.14318 0.989609 0.00377067 -0.132869 0.991126 0.0208041 -0.158433 0.98715 0.0232372 -0.141174 0.989712 0.0715901 -0.245883 0.966652 0.0312947 -0.200193 0.979257 0.0199723 -0.222084 0.974823 0.001532 -0.207985 0.978131 0.135583 -0.269947 0.953282 -0.0211076 0.465175 -0.884967 -0.115238 0.546137 -0.829732 0.168427 -0.228792 0.958794 0.0306511 -0.217797 0.975513 0.0546416 -0.230062 0.971641 0.0911856 -0.24448 0.965357 0.0530915 -0.216255 0.974893 0.029287 -0.141174 0.989551 0.0424673 -0.147476 0.988154 0.0355442 -0.163223 0.985949 -0.00328487 -0.155093 0.987894 0.00893234 -0.148248 0.98891 0.150212 -0.329497 0.932131 0.193557 -0.514867 0.835133 -0.221571 0.564369 -0.795232 0.173561 -0.209682 0.962242 0.06366 -0.216747 0.97415 0.100586 -0.232924 0.967279 0.122642 -0.24204 0.962484 0.0684629 -0.216248 0.973935 0.0586576 -0.146588 0.987457 0.0771925 -0.154183 0.985022 0.0725295 -0.168167 0.983087 0.0258033 -0.157615 0.987164 0.0442125 -0.149002 0.987848 0.227146 -0.291236 0.929293 0.325653 -0.474381 0.81787 -0.00789152 -0.139941 -0.990129 -0.094126 -0.19722 -0.97583 -0.00384578 -0.00156065 -0.999991 -0.0311513 -0.00401763 -0.999507 -0.130324 -0.0265083 -0.991117 -0.07078 -0.0247871 -0.997184 -0.0416576 -0.045413 -0.998099 -0.0641335 -0.0476913 -0.996801 -0.0517765 -0.0560098 -0.997087 -0.0844063 -0.0678911 -0.994116 -0.000721588 -0.0146033 -0.999893 -0.0425966 -0.0350268 -0.998478 -0.0625453 -0.0195971 -0.99785 -0.0427242 -0.0323336 -0.998563 -0.015257 -0.0198094 -0.999687 -0.013956 -0.00860731 -0.999866 -0.0186536 0.000808764 -0.999826 -0.0518048 -0.00815107 -0.998624 -0.0120563 -0.00062277 -0.999927 -0.0248425 -0.00438579 -0.999682 -0.0098272 -0.00423369 -0.999943 -0.00235802 0.00305999 -0.999992 -0.081508 -0.249723 -0.964881 -0.131518 -0.478828 -0.868002 -0.168286 -0.483482 -0.859025 -0.138517 -0.26532 -0.954159 0.0164031 -0.0775449 -0.996854 -0.0371114 -0.0266196 -0.998957 0.0116167 0.0179925 -0.999771 -0.0232505 -0.0335339 -0.999167 -0.0367452 -0.051711 -0.997986 0.00804427 -0.00315541 -0.999963 -0.0131866 -0.018545 -0.999741 -0.00410464 -0.00099087 -0.999991 -0.000110761 0.0150526 -0.999887 -0.00200433 0.00505634 -0.999985 -0.00464832 0.00491759 -0.999977 -0.119424 -0.423129 -0.898165 -0.017651 -0.214819 -0.976494 0.0155888 -0.0317717 -0.999374 -0.015822 -0.0186467 -0.999701 0.00810701 0.0241545 -0.999675 -0.0104815 -0.0186006 -0.999772 -0.0190126 -0.0479831 -0.998667 0.00183746 -0.00215755 -0.999996 -0.0045891 0.00928503 -0.999946 -0.00269412 0.00061463 -0.999996 -0.000372891 0.0233346 -0.999728 -0.00135119 0.00984036 -0.999951 -0.00200756 0.0134068 -0.999908 0.0117732 -0.154404 -0.987938 -0.0479055 -0.42122 -0.905693 0.00661947 -0.130735 0.991395 0.00561871 -0.149294 0.988777 0.00973026 -0.164547 0.986321 -0.00594383 -0.143292 0.989662 0.0328068 -0.187201 0.981774 0.0327887 -0.177262 0.983617 0.0542452 -0.183447 0.981532 0.0544759 -0.199439 0.978395 0.0799633 -0.200061 0.976515 0.111453 -0.19247 0.974953 -0.0187728 -0.0178831 -0.999664 -0.0456407 -0.0334571 -0.998398 -0.081723 -0.0469188 -0.99555 -0.0580861 -0.0348238 -0.997704 -0.00378143 -0.00441795 -0.999983 -0.0125577 -0.0155377 -0.9998 0.00675191 0.0178492 -0.999818 0.00486074 0.00957704 -0.999942 0.00778741 -0.15173 0.988391 0.00615074 -0.144398 0.989501 0.0138676 -0.156326 0.987608 -0.0026941 -0.146833 0.989158 0.0200818 -0.162206 0.986552 0.0360002 -0.153146 0.987548 0.0516706 -0.17605 0.983024 0.0596172 -0.165459 0.984413 0.0959095 -0.17661 0.979597 0.0885418 -0.163367 0.982584 -0.0642105 -0.0485517 -0.996755 -0.0232616 -0.0311341 -0.999245 -0.0298301 -0.0448047 -0.99855 -0.0637164 -0.0545488 -0.996476 -0.00634241 -0.02042 -0.999771 -0.0143739 -0.0302996 -0.999437 -0.00394148 -0.0261188 -0.999651 -0.0103263 -0.0326073 -0.999415 -0.00144328 -0.122476 0.99247 0.00369125 -0.100232 0.994957 0.00481964 -0.136667 0.990605 0.00119084 -0.138815 0.990318 0.0448984 -0.142418 0.988788 -0.0249072 -0.043366 -0.998749 -0.0356803 -0.0415473 -0.998499 -0.0234584 -0.0332636 -0.999171 -0.000588096 0.00124611 -0.999999 0.0145855 -0.162872 0.986539 0.0157284 -0.174059 0.984609 0.047393 -0.18107 0.982328 0.0632906 -0.194808 0.978797 0.0663304 -0.188221 0.979884 0.099342 -0.204089 0.973899 0.0964328 -0.189429 0.977148 0.128315 -0.208778 0.969509 -0.0731667 -0.0215485 -0.997087 -0.0312543 -0.00801799 -0.999479 -0.069707 -0.0426203 -0.996657 -0.109042 -0.0477973 -0.992887 -0.00124003 0.0162589 -0.999867 -0.0255264 -0.0167971 -0.999533 -0.000477811 0.0201535 -0.999797 -0.00624655 0.00702896 -0.999956 0.0196051 -0.183635 0.982799 0.0420279 -0.182441 0.982318 0.0507632 -0.188281 0.980803 0.077185 -0.188769 0.978984 -0.0453742 -0.031678 -0.998468 -0.0630098 -0.0335898 -0.997447 -0.025383 -0.0205603 -0.999466 -0.00533078 0.00501338 -0.999973 -0.000667386 -0.157756 0.987478 0.00732821 -0.169125 0.985567 0.0429319 -0.178831 0.982943 0.0742043 -0.17499 0.98177 -0.0193971 -0.0165581 -0.999675 -0.0466512 -0.0199787 -0.998711 -0.00638394 -0.00616958 -0.999961 -0.00191239 0.00464981 -0.999987 0.285623 -0.808805 0.514056 -0.0249079 -0.681702 0.731205 0.599663 -0.740348 0.303791 0.484132 -0.762795 0.428671 -0.353533 -0.765814 -0.537162 -0.260167 -0.763118 -0.591577 -0.00689749 -0.171633 0.985137 0.0439289 -0.223156 0.973792 0.0962641 -0.236995 0.96673 0.144322 -0.227491 0.963026 -0.048708 -0.0976032 -0.994033 -0.0971025 -0.0876445 -0.991408 -0.011891 -0.0575678 -0.998271 0.00931195 -0.0270708 -0.99959 0.0489718 0.0530456 -0.997391 0.126982 0.0757262 -0.98901 0.230836 -0.0560403 -0.971378 0.504532 -0.0695065 -0.860591 0.367276 -0.198452 -0.908694 -0.522035 -0.739642 0.424746 0.502929 -0.753258 0.423868 </float_array>
          <technique_common>
            <accessor count="3661" offset="0" source="#meshId1-bitangents-array" stride="3">
              <param name="X" type="float" />
              <param name="Y" type="float" />
              <param name="Z" type="float" />
            </accessor>
          </technique_common>
        </source>
        <source id="meshId1-tex0" name="meshId1-tex0">
          <float_array id="meshId1-tex0-array" count="7322"> 0.22281 0.573456 0.221992 0.601112 0.203626 0.600847 0.203308 0.57391 0.246394 0.573632 0.245852 0.599351 0.269381 0.575336 0.269373 0.597627 0.287579 0.576765 0.284703 0.596576 0.305857 0.578144 0.305481 0.598478 0.329842 0.581077 0.326765 0.599754 0.385157 0.982862 0.363304 0.988893 0.35401 0.96898 0.375519 0.96225 0.401376 0.95731 0.405903 0.979305 0.429069 0.954214 0.431734 0.977359 0.460226 0.953259 0.461211 0.97732 0.223397 0.551633 0.246123 0.551769 0.269797 0.551699 0.288703 0.553057 0.309709 0.554693 0.33674 0.557799 0.35018 0.944769 0.37083 0.936859 0.396611 0.931474 0.426597 0.929336 0.460224 0.929771 0.203587 0.550906 0.319957 0.532987 0.340849 0.542367 0.223849 0.527265 0.24734 0.528106 0.269586 0.529653 0.290208 0.531454 0.20356 0.526043 0.287568 0.510503 0.292841 0.486936 0.313219 0.491666 0.310076 0.510857 0.307026 0.463647 0.324233 0.47482 0.337447 0.448753 0.343899 0.466792 0.369366 0.453722 0.363068 0.471064 0.377597 0.826676 0.358322 0.847684 0.34223 0.832878 0.349413 0.816341 0.398441 0.852997 0.367578 0.869992 0.40098 0.883622 0.367983 0.891174 0.394604 0.90816 0.423895 0.904928 0.460223 0.901812 0.426423 0.882059 0.460222 0.880926 0.427922 0.851823 0.460224 0.84723 0.40286 0.822285 0.428973 0.819505 0.460219 0.814187 0.403452 0.789028 0.429101 0.786577 0.460218 0.782141 0.268366 0.507366 0.24779 0.507652 0.203543 0.505374 0.224379 0.506134 0.249173 0.480777 0.271672 0.482943 0.226141 0.481209 0.203523 0.479957 0.277141 0.461033 0.25156 0.460015 0.227464 0.460662 0.204064 0.459039 0.346141 0.422604 0.375531 0.428797 0.353079 0.396756 0.380154 0.401428 0.359961 0.369576 0.38609 0.373801 0.391374 0.343158 0.364654 0.341281 0.364805 0.310333 0.394828 0.310811 0.367509 0.278616 0.396746 0.273862 0.346963 0.79217 0.375647 0.79205 0.372107 0.762856 0.340907 0.766524 0.402856 0.759498 0.427735 0.757342 0.460217 0.752518 0.361608 0.705274 0.366375 0.734108 0.334114 0.74079 0.327676 0.712697 0.325562 0.645117 0.360904 0.646857 0.359155 0.679162 0.324862 0.682199 0.397558 0.702043 0.401182 0.73018 0.393923 0.644061 0.394579 0.675806 0.425166 0.6738 0.425833 0.701021 0.427117 0.728311 0.426516 0.641128 0.460217 0.723603 0.460217 0.669401 0.460217 0.636268 0.460217 0.697056 0.255762 0.436898 0.282507 0.439046 0.312275 0.442688 0.203489 0.432083 0.228504 0.436313 0.259543 0.409044 0.287077 0.412756 0.317369 0.41729 0.229025 0.404425 0.203468 0.403148 0.290466 0.387216 0.32076 0.391708 0.203451 0.379703 0.230102 0.381349 0.261529 0.384682 0.293642 0.354574 0.32547 0.35922 0.20343 0.351149 0.231429 0.352825 0.266469 0.352579 0.295737 0.329984 0.32956 0.334727 0.231353 0.327977 0.203412 0.326683 0.267015 0.330334 0.333648 0.30774 0.298875 0.304938 0.203392 0.29997 0.232286 0.301902 0.268082 0.302011 0.337208 0.269584 0.299882 0.271353 0.233101 0.270938 0.20337 0.269446 0.270376 0.271477 0.298922 0.239063 0.337243 0.232556 0.270531 0.238394 0.203347 0.238394 0.232075 0.240741 0.267799 0.203609 0.295876 0.204677 0.32156 0.203381 0.203321 0.203884 0.230554 0.204753 0.261257 0.171266 0.288488 0.172465 0.307195 0.170753 0.203298 0.172347 0.228621 0.1728 0.225511 0.146084 0.256668 0.145741 0.282449 0.143617 0.300986 0.143441 0.203278 0.145263 0.223504 0.121254 0.254173 0.11764 0.280383 0.117946 0.302189 0.1156 0.203259 0.120381 0.338106 0.605867 0.371957 0.615432 0.396999 0.614585 0.427898 0.611763 0.460219 0.608325 0.353675 0.579611 0.382273 0.58629 0.367581 0.547967 0.394116 0.552505 0.373782 0.515022 0.399793 0.518926 0.363824 0.485183 0.393352 0.490588 0.402614 0.585695 0.430402 0.582936 0.46022 0.580221 0.409724 0.552609 0.433466 0.552063 0.460221 0.551837 0.413487 0.518591 0.434698 0.519599 0.460222 0.51931 0.412101 0.489756 0.433594 0.490699 0.460223 0.491843 0.362002 0.913927 0.346156 0.92967 0.676704 0.157989 0.681241 0.13777 0.698131 0.145031 0.69498 0.162544 0.678701 0.182181 0.696808 0.18201 0.69846 0.20143 0.684434 0.200615 0.684056 0.217949 0.69899 0.218048 0.693675 0.238006 0.68203 0.237749 0.687361 0.260327 0.67644 0.257644 0.749396 0.0814603 0.774505 0.0730416 0.776803 0.0847901 0.75459 0.0928355 0.726089 0.0910809 0.737126 0.104156 0.707912 0.103418 0.721574 0.116173 0.707624 0.128517 0.691981 0.119875 0.714086 0.152101 0.710352 0.167173 0.709795 0.184711 0.709436 0.20316 0.708674 0.221543 0.703741 0.241267 0.698578 0.262816 0.783181 0.0975712 0.763919 0.104037 0.745435 0.116917 0.733267 0.127509 0.722961 0.137896 0.722844 0.188755 0.719311 0.206145 0.71564 0.223488 0.71172 0.243606 0.726193 0.170417 0.729935 0.155091 0.736644 0.146468 0.74612 0.135778 0.754666 0.125032 0.772617 0.115449 0.788512 0.109121 0.706445 0.265776 0.766155 0.136768 0.758307 0.147597 0.726574 0.211035 0.729011 0.193845 0.749616 0.15691 0.735883 0.177838 0.743348 0.166565 0.781629 0.129767 0.797377 0.122071 0.717947 0.245301 0.71602 0.265216 0.722907 0.226447 0.757851 0.180019 0.749879 0.190539 0.7412 0.20052 0.736628 0.214548 0.733899 0.230578 0.729831 0.245403 0.724733 0.263934 0.804197 0.136696 0.789597 0.138502 0.779904 0.147595 0.772407 0.157242 0.765018 0.171181 0.776258 0.181616 0.770731 0.19057 0.76331 0.19952 0.753801 0.208227 0.749491 0.220576 0.745266 0.233393 0.740526 0.246471 0.7368 0.259084 0.797905 0.156314 0.812873 0.153897 0.789649 0.16406 0.783103 0.172223 0.788053 0.191459 0.782781 0.19841 0.777633 0.206176 0.770743 0.216094 0.761396 0.225989 0.754504 0.236813 0.750419 0.247883 0.746906 0.2579 0.817789 0.166261 0.805509 0.171733 0.798304 0.179213 0.792359 0.18529 0.22241 0.896759 0.216223 0.897494 0.216002 0.890624 0.220672 0.889719 0.224163 0.888378 0.227121 0.895171 0.230913 0.892705 0.226403 0.886311 0.161152 0.982466 0.159274 0.987188 0.157882 0.987047 0.158811 0.982158 0.155988 0.986983 0.155128 0.981791 0.151797 0.986736 0.149668 0.982003 0.223058 0.907821 0.229917 0.903062 0.217107 0.90561 0.154524 0.973348 0.147629 0.975909 0.162368 0.977577 0.163205 0.979341 0.23511 0.9003 0.0415683 0.713955 0.0450586 0.714236 0.044477 0.705509 0.0432014 0.705065 0.0422524 0.704881 0.0395099 0.712132 0.0662414 0.636336 0.0608657 0.63141 0.0605098 0.632488 0.0644973 0.638685 0.0596873 0.633205 0.0621765 0.639704 0.0598404 0.64106 0.0580674 0.633394 0.0487939 0.713211 0.0456096 0.705504 0.218051 0.887745 0.221478 0.886783 0.0455739 0.720779 0.0407845 0.72115 0.22371 0.884692 0.0370178 0.718905 0.159274 0.987188 0.157229 0.987106 0.156218 0.987326 0.0695676 0.641557 0.0677424 0.643078 0.156218 0.987326 0.154169 0.987032 0.0650867 0.645124 0.150662 0.986943 0.0601221 0.647677 0.214201 0.888415 0.0508652 0.719875 0.0445721 0.703458 0.0431202 0.703626 0.162795 0.983927 0.167436 0.982471 0.168375 0.986899 0.16525 0.987922 0.248853 0.898676 0.243211 0.896374 0.245493 0.88721 0.250427 0.887389 0.253774 0.887093 0.254756 0.898083 0.181898 0.983574 0.176601 0.989658 0.174853 0.988161 0.178395 0.981775 0.171798 0.986906 0.172804 0.981449 0.238229 0.903107 0.247539 0.905599 0.162386 0.980641 0.165518 0.978385 0.173112 0.97313 0.184945 0.973631 0.187444 0.976548 0.258208 0.909185 0.0886949 0.514529 0.0911127 0.508033 0.0901011 0.50786 0.0860909 0.512795 0.0891621 0.50712 0.0838891 0.51081 0.0649302 0.478291 0.0625347 0.478211 0.0627551 0.484747 0.0640363 0.485502 0.0655163 0.486005 0.0673429 0.479237 0.0702427 0.479946 0.0665156 0.486754 0.0680235 0.486642 0.0731054 0.481743 0.244717 0.882076 0.248389 0.882999 0.087273 0.518559 0.084203 0.516096 0.251326 0.883064 0.0820476 0.514134 0.172887 0.989865 0.172077 0.9887 0.0648593 0.475307 0.0629175 0.475423 0.169726 0.987979 0.0678467 0.476293 0.167373 0.988597 0.0714889 0.477595 0.165332 0.988699 0.0753251 0.478703 0.0918885 0.50658 0.0914413 0.505327 0.0897923 0.505631 0.203211 0.917574 0.203569 0.914121 0.206928 0.914142 0.207493 0.918583 0.213577 0.913788 0.209741 0.91136 0.214357 0.907406 0.210835 0.908329 0.139016 0.970527 0.147547 0.969833 0.145691 0.974334 0.139603 0.976931 0.137747 0.963744 0.144542 0.960131 0.13387 0.958029 0.139101 0.954097 0.204213 0.90849 0.205526 0.907312 0.206364 0.906107 0.128307 0.976762 0.128601 0.973302 0.126656 0.969416 0.123662 0.965786 0.20276 0.908784 0.226186 0.0113802 0.226697 0.0126919 0.227953 0.0122895 0.227444 0.0109218 0.145238 0.840453 0.145222 0.840989 0.146032 0.839626 0.145571 0.83988 0.202975 0.906052 0.203587 0.905055 0.125183 0.975841 0.125511 0.973086 0.123979 0.97006 0.121073 0.966875 0.200291 0.907404 0.201539 0.907214 0.220255 0.0124921 0.222394 0.0118539 0.222457 0.01 0.220139 0.0103461 0.138856 0.838031 0.137584 0.840338 0.140693 0.84137 0.142001 0.839621 0.140586 0.836002 0.143211 0.83806 0.142636 0.834044 0.143936 0.836696 0.22122 0.0155532 0.222865 0.0171178 0.22466 0.0152044 0.223439 0.0140682 0.265014 0.920067 0.260917 0.912441 0.267844 0.910392 0.271517 0.91377 0.274816 0.919159 0.27212 0.924151 0.281584 0.922309 0.280651 0.927128 0.19845 0.952112 0.202216 0.955808 0.19866 0.962244 0.193452 0.959442 0.189963 0.970343 0.197926 0.970498 0.190651 0.977004 0.197463 0.976926 0.275029 0.904805 0.277417 0.907965 0.27978 0.910068 0.283431 0.911753 0.21185 0.96474 0.209269 0.967959 0.20759 0.971963 0.207548 0.976446 0.143371 0.877518 0.144486 0.878938 0.145981 0.877542 0.144558 0.876578 0.220297 0.0257851 0.221437 0.0251458 0.220225 0.0235089 0.219583 0.0245909 0.139958 0.872824 0.138536 0.874604 0.276849 0.905121 0.278988 0.907356 0.142394 0.871569 0.282048 0.909443 0.216848 0.0311693 0.216839 0.0297033 0.209269 0.967959 0.21185 0.96474 0.21084 0.965435 0.20874 0.96823 0.215817 0.0275033 0.207865 0.971463 0.212634 0.0245097 0.207865 0.971463 0.207554 0.974971 0.207548 0.976446 0.137584 0.876932 0.274689 0.902886 0.193917 0.925795 0.192913 0.928695 0.189877 0.927353 0.190992 0.92487 0.191343 0.923027 0.194259 0.923132 0.191574 0.920592 0.193637 0.920443 0.137062 0.945916 0.136071 0.944806 0.138284 0.943941 0.139242 0.944461 0.13961 0.941589 0.138005 0.941887 0.136787 0.937739 0.135275 0.939469 0.203294 0.922452 0.201706 0.927381 0.197621 0.930979 0.147099 0.939619 0.140197 0.93518 0.145397 0.948104 0.140902 0.950562 0.200678 0.918112 0.0945927 0.769186 0.0921857 0.770057 0.0924692 0.770306 0.0945681 0.770233 0.0943089 0.771045 0.0920752 0.770381 0.0923217 0.770674 0.09387 0.771612 0.0905938 0.772307 0.0923217 0.770674 0.0919349 0.770479 0.0900686 0.771245 0.0898674 0.770103 0.0900686 0.771245 0.0919349 0.770479 0.0924601 0.770339 0.0924601 0.770339 0.0921857 0.770057 0.0900724 0.768595 0.0921857 0.770057 0.0924601 0.770339 0.0920752 0.770381 0.0923217 0.770674 0.187117 0.92576 0.187862 0.923575 0.0989242 0.771085 0.0995062 0.769339 0.188171 0.922098 0.0985107 0.772148 0.188589 0.920021 0.0980167 0.773911 0.133628 0.943919 0.135714 0.943281 0.0876128 0.773985 0.0850496 0.77176 0.135384 0.941611 0.0852943 0.769189 0.13297 0.939625 0.0877479 0.7665 0.245306 0.914407 0.238743 0.913958 0.232832 0.915356 0.226527 0.918154 0.220815 0.921063 0.215589 0.925155 0.265988 0.935411 0.258097 0.928798 0.257944 0.918023 0.254782 0.913934 0.207944 0.934575 0.2028 0.937953 0.144565 0.928197 0.152785 0.92967 0.184253 0.95326 0.178725 0.961827 0.158472 0.962344 0.152733 0.953184 0.151948 0.940069 0.152002 0.945859 0.165212 0.967781 0.171974 0.959081 0.273833 0.940074 0.193424 0.937129 0.161173 0.935268 0.211995 0.92903 0.229329 0.926994 0.224635 0.929837 0.222429 0.936894 0.234739 0.932291 0.76916 0.241539 0.767662 0.248329 0.785768 0.223584 0.792733 0.213938 0.246353 0.924695 0.239728 0.923714 0.250787 0.9326 0.775176 0.231848 0.209527 0.945328 0.204817 0.948495 0.217175 0.940848 0.794921 0.208231 0.799151 0.200864 0.801927 0.196055 0.814083 0.185025 0.828186 0.178813 0.160465 0.944992 0.163226 0.951769 0.806036 0.191523 0.147494 0.916599 0.154452 0.919183 0.761247 0.26082 0.176639 0.944352 0.179527 0.929634 0.16461 0.922967 0.166952 0.95576 0.657471 0.362992 0.656927 0.330918 0.669338 0.336822 0.669676 0.360324 0.670004 0.391061 0.683817 0.383567 0.702646 0.404586 0.696955 0.416535 0.728364 0.424686 0.725195 0.434643 0.748631 0.436062 0.748213 0.445771 0.777338 0.443892 0.779486 0.452837 0.664672 0.30026 0.674009 0.309588 0.680773 0.274866 0.687098 0.284552 0.713769 0.269671 0.71393 0.278895 0.748035 0.278606 0.745305 0.287902 0.777615 0.294011 0.773385 0.300982 0.800241 0.304467 0.79967 0.314102 0.755849 0.315504 0.734061 0.301996 0.740301 0.327945 0.724001 0.315047 0.708177 0.333505 0.725742 0.345741 0.714452 0.367938 0.698401 0.35592 0.693073 0.374363 0.709597 0.385982 0.684217 0.346226 0.691619 0.322426 0.70649 0.302845 0.718508 0.291653 0.682803 0.360655 0.778511 0.331094 0.733861 0.407399 0.751399 0.419871 0.771791 0.427672 0.737153 0.38593 0.756488 0.401413 0.770032 0.410336 0.747627 0.363526 0.763129 0.347079 0.808539 0.306494 0.822001 0.292718 0.823585 0.294544 0.812024 0.308122 0.801027 0.35897 0.78365 0.359931 0.791778 0.338782 0.800266 0.341769 0.804028 0.321028 0.809075 0.326492 0.81509 0.311705 0.819612 0.315745 0.826562 0.301313 0.830365 0.304252 0.801846 0.450234 0.806414 0.462656 0.804313 0.463912 0.797865 0.453735 0.805963 0.445381 0.814678 0.44462 0.818546 0.462731 0.813725 0.463791 0.812429 0.427669 0.802503 0.429693 0.798448 0.40546 0.807554 0.402514 0.804457 0.37748 0.792385 0.385459 0.762856 0.381185 0.774027 0.391144 0.79117 0.446041 0.78793 0.452959 0.786886 0.430141 0.783579 0.411302 0.781958 0.393174 0.0928944 0.891455 0.101028 0.895872 0.103917 0.891229 0.0975589 0.887399 0.0962937 0.882076 0.091371 0.885567 0.383989 0.15022 0.379276 0.150685 0.380387 0.156435 0.384502 0.156166 0.391207 0.149498 0.389382 0.156886 0.393428 0.158493 0.395559 0.151781 0.400226 0.161224 0.403351 0.156979 0.0280794 0.701308 0.0243325 0.701394 0.0265583 0.70845 0.027819 0.708438 0.0317727 0.701939 0.0285491 0.709103 0.0303797 0.709166 0.0351579 0.702672 0.0649034 0.211037 0.0661017 0.215698 0.0744079 0.213537 0.074267 0.211708 0.0745511 0.210309 0.0654303 0.208131 0.0205069 0.701761 0.0253181 0.70933 0.0278649 0.710936 0.381488 0.159303 0.386302 0.159507 0.0249567 0.695953 0.0293102 0.696064 0.390153 0.161061 0.0329936 0.696631 0.396069 0.163361 0.0397241 0.697336 0.0975589 0.887399 0.103917 0.891229 0.100817 0.890851 0.0948802 0.887459 0.0606315 0.219174 0.0595327 0.212365 0.0962937 0.882076 0.0943038 0.882786 0.0609915 0.208844 0.378114 0.159542 0.0220007 0.696577 0.104749 0.910231 0.109893 0.915627 0.117258 0.91007 0.113912 0.905591 0.103825 0.903511 0.114479 0.900696 0.409021 0.159338 0.416041 0.166991 0.417679 0.16399 0.413394 0.156213 0.421559 0.161865 0.41868 0.15413 0.423097 0.153348 0.42552 0.161568 0.433732 0.152796 0.431929 0.161488 0.0290101 0.502921 0.0278022 0.499418 0.0213891 0.503001 0.0223075 0.50445 0.0295088 0.506062 0.0212366 0.505527 0.0210893 0.507595 0.0300454 0.509042 0.0746059 0.0987447 0.067527 0.0925545 0.0661916 0.0941322 0.0713133 0.101727 0.0693222 0.102581 0.0640357 0.0940366 0.0265304 0.496424 0.0193653 0.503221 0.0190059 0.505992 0.415855 0.166302 0.419359 0.16418 0.0353639 0.502141 0.0339573 0.498394 0.422685 0.163927 0.0357917 0.505364 0.428299 0.164177 0.0365647 0.51123 0.117258 0.91007 0.114776 0.90976 0.111239 0.905921 0.113912 0.905591 0.0751544 0.104943 0.0787938 0.100853 0.114479 0.900696 0.112271 0.901833 0.071355 0.105462 0.416041 0.166991 0.414522 0.168986 0.415855 0.166302 0.417679 0.16399 0.0318855 0.496321 0.0780059 0.700354 0.0799585 0.702549 0.0844487 0.697852 0.0833261 0.696307 0.0764587 0.698379 0.0841086 0.694452 0.074297 0.500674 0.0715645 0.491818 0.0704438 0.493975 0.0715468 0.501829 0.0685813 0.494389 0.0675282 0.502008 0.064694 0.501162 0.0673894 0.492461 0.0815524 0.704448 0.0861814 0.697465 0.455115 0.146464 0.452714 0.149152 0.45093 0.151114 0.453518 0.148328 0.0768433 0.704186 0.0752866 0.700933 0.457327 0.146101 0.459927 0.143653 0.0730416 0.696891 0.126647 0.93618 0.124358 0.93621 0.121342 0.933302 0.123734 0.932893 0.0718766 0.504105 0.0750214 0.501325 0.12314 0.928031 0.120587 0.928915 0.067342 0.504749 0.124875 0.924445 0.12266 0.925617 0.0640357 0.502939 0.452478 0.152431 0.451101 0.153421 0.45093 0.151114 0.452714 0.149152 0.0785466 0.704947 0.110976 0.930054 0.112397 0.935246 0.118071 0.933664 0.117156 0.929007 0.12314 0.928031 0.123734 0.932893 0.110957 0.924047 0.118809 0.923609 0.124875 0.924445 0.439903 0.148135 0.446706 0.150794 0.44777 0.146657 0.442352 0.141747 0.452478 0.152431 0.451263 0.142461 0.44704 0.138245 0.452857 0.133076 0.45637 0.139074 0.121402 0.938939 0.114301 0.940602 0.126647 0.93618 0.074484 0.0182248 0.0726139 0.0209594 0.073668 0.0220036 0.0759345 0.0197816 0.0771887 0.0210411 0.072927 0.0235608 0.0833254 0.85744 0.0886486 0.856356 0.0864342 0.855509 0.082945 0.855325 0.0862995 0.854148 0.0829645 0.853165 0.0835697 0.851352 0.0881375 0.853867 0.0724991 0.0170469 0.0715406 0.0217252 0.0811568 0.0160709 0.0777348 0.0131299 0.0759748 0.0144838 0.0785612 0.0169631 0.0836594 0.0201873 0.08024 0.0188896 0.0760436 0.855422 0.0786406 0.858643 0.0792513 0.858034 0.0785692 0.855204 0.0783888 0.852827 0.0761758 0.852688 0.0789371 0.850865 0.0784866 0.850555 0.076219 0.013002 0.0744785 0.0132764 0.10322 0.956159 0.107533 0.956529 0.108643 0.952929 0.104506 0.951863 0.107355 0.957956 0.108131 0.955333 0.111522 0.949565 0.107546 0.948172 0.111236 0.953398 0.451121 0.116532 0.455508 0.121426 0.459479 0.120357 0.45608 0.11553 0.459562 0.117987 0.457181 0.116612 0.45608 0.11553 0.456616 0.110457 0.451496 0.110492 0.457181 0.116612 0.456452 0.111966 0.456616 0.110457 0.455615 0.103496 0.460144 0.105311 0.456452 0.111966 0.459614 0.108531 0.109314 0.960618 0.104642 0.959698 0.107533 0.956529 0.109314 0.960618 0.109054 0.960739 0.107355 0.957956 0.0910293 0.908842 0.0928245 0.914622 0.0944044 0.919764 0.0974091 0.927097 0.0991709 0.931834 0.100474 0.937088 0.0844677 0.897412 0.0826941 0.890603 0.0881539 0.902681 0.397816 0.141686 0.392908 0.139939 0.384403 0.139718 0.416031 0.143476 0.411441 0.142195 0.419119 0.140088 0.440097 0.130592 0.435433 0.134856 0.448936 0.126555 0.442535 0.109062 0.443177 0.113834 0.446063 0.102776 0.106257 0.942266 0.0928959 0.955766 0.0947724 0.949846 0.0952698 0.961693 0.108691 0.920565 0.0960403 0.923681 0.100811 0.900406 0.0895392 0.905629 0.431317 0.141627 0.436174 0.148731 0.425611 0.140896 0.403325 0.145002 0.44348 0.120418 0.450844 0.123867 0.0971001 0.943885 0.103394 0.944661 0.430606 0.10422 0.434585 0.112048 0.436519 0.0963835 0.428783 0.11583 0.424614 0.120774 0.435352 0.116207 0.425314 0.129555 0.421384 0.131372 0.393649 0.12654 0.399469 0.128314 0.405487 0.155186 0.407145 0.144073 0.405487 0.155186 0.406535 0.156393 0.409021 0.159338 0.406535 0.156393 0.37862 0.14106 0.382807 0.125713 0.37599 0.127436 0.0762976 0.909025 0.0776355 0.912 0.0700748 0.905585 0.0697356 0.897151 0.0752215 0.916924 0.0828228 0.923164 0.0840361 0.927037 0.0772709 0.920912 0.0808902 0.930776 0.0886373 0.939299 0.0881324 0.944248 0.0829539 0.947658 0.0832554 0.936559 0.0810073 0.955569 0.0829112 0.963395 0.415169 0.125747 0.407237 0.132382 0.403265 0.132829 0.409557 0.127138 0.0601527 0.9092 0.0643809 0.919126 0.0669155 0.923986 0.0704162 0.932837 0.0718571 0.940234 0.0717232 0.948463 0.0600199 0.899968 0.379017 0.114996 0.371356 0.118026 0.388291 0.112467 0.0715088 0.955854 0.0738892 0.964042 0.422945 0.0936398 0.432869 0.0877663 0.395959 0.111298 0.407952 0.109176 0.403775 0.110576 0.415165 0.10564 0.419049 0.101729 0.403337 0.0981271 0.399129 0.0996949 0.392402 0.0987537 0.408522 0.0920024 0.413904 0.0879655 0.417133 0.0799328 0.384321 0.0999035 0.374569 0.102879 0.367255 0.106145 0.0467941 0.910303 0.0483214 0.898707 0.0496696 0.919791 0.0525664 0.926161 0.0560106 0.93487 0.0583719 0.942745 0.0579414 0.951047 0.0584777 0.958713 0.0631784 0.968516 0.427227 0.076234 0.401993 0.0823825 0.386006 0.0857493 0.0467458 0.936348 0.0464947 0.943165 0.0372237 0.930881 0.0361739 0.951179 0.821631 0.402095 0.823705 0.426076 0.812509 0.345345 0.811806 0.35632 0.3691 0.0251869 0.377265 0.0331067 0.391879 0.0291605 0.38814 0.0205069 0.385434 0.0477287 0.39713 0.042516 0.390957 0.0601864 0.403798 0.053497 0.410439 0.0666064 0.396408 0.0726546 0.816918 0.374149 0.414425 0.0307846 0.413522 0.0240319 0.421752 0.0650837 0.418157 0.0539906 0.411449 0.0414605 0.0430389 0.962445 0.0538868 0.975031 0.817251 0.33458 0.352901 0.0381508 0.366535 0.0432568 0.377128 0.0520345 0.382511 0.0650721 0.384379 0.0755685 0.0218806 0.972723 0.0301583 0.977838 0.045255 0.979847 0.0363142 0.985215 0.828409 0.322898 0.838235 0.309776 0.825781 0.441361 0.82809 0.461047 0.0277387 0.919709 0.0305988 0.908238 0.0340215 0.897465 0.368245 0.0892204 0.360391 0.0920318 0.377969 0.0868485 0.342418 0.056595 0.357594 0.0602427 0.338717 0.07243 0.351561 0.074244 0.011501 0.911186 0.0195567 0.900995 0.374756 0.0775333 0.371766 0.06668 0.366767 0.0599735 0.0237775 0.892727 0.360766 0.0787585 0.776627 0.356426 0.223461 0.109084 0.20325 0.108487 0.203223 0.0730415 0.221844 0.0722959 0.243756 0.0711846 0.250884 0.105239 0.268599 0.0656738 0.27474 0.10035 0.308875 0.0891161 0.291312 0.0560258 0.312114 0.0410141 0.329225 0.069212 0.37642 0.45486 0.399095 0.458793 0.417012 0.461599 0.437194 0.46217 0.460225 0.463379 0.591323 0.57507 0.599896 0.57453 0.599933 0.587264 0.594173 0.588025 0.588838 0.484361 0.599556 0.484612 0.599643 0.509019 0.59066 0.509416 0.591745 0.361206 0.592015 0.389127 0.580636 0.389602 0.580253 0.362703 0.579952 0.334048 0.590282 0.333575 0.57054 0.140606 0.584722 0.140091 0.587509 0.17225 0.574764 0.173271 0.566638 0.104517 0.581891 0.105644 0.580688 0.062041 0.564143 0.063218 0.561174 0.0211559 0.580403 0.0205698 0.221343 0.0372569 0.240374 0.0349116 0.58571 0.575968 0.590408 0.590165 0.578841 0.510721 0.580135 0.485548 0.570886 0.39039 0.56991 0.364408 0.570276 0.334809 0.557506 0.175134 0.555471 0.142551 0.551204 0.107731 0.54628 0.0658173 0.542135 0.0217159 0.258954 0.0311927 0.2781 0.0217602 0.526445 0.0681753 0.520874 0.0250217 0.533472 0.110171 0.540388 0.145844 0.544715 0.176633 0.56 0.36509 0.559747 0.335545 0.560214 0.392049 0.571999 0.51081 0.572097 0.486714 0.58607 0.592462 0.580201 0.57748 0.296544 0.01 0.507783 0.070413 0.499323 0.028818 0.515726 0.113105 0.522931 0.150151 0.528044 0.179811 0.549003 0.366327 0.547691 0.337037 0.549615 0.392664 0.563439 0.511003 0.561816 0.487915 0.574506 0.579094 0.582599 0.594481 0.389277 0.422773 0.406812 0.426775 0.616119 0.942624 0.613525 0.985038 0.595387 0.98398 0.595731 0.94119 0.598377 0.897364 0.61807 0.899569 0.604779 0.86004 0.620336 0.861465 0.625462 0.830937 0.609136 0.829946 0.626652 0.641967 0.63839 0.643705 0.635223 0.67209 0.62302 0.670792 0.631149 0.616449 0.641111 0.61699 0.649696 0.497734 0.64859 0.521473 0.641036 0.520548 0.642324 0.497265 0.656131 0.430209 0.650779 0.428787 0.655572 0.412667 0.658778 0.414118 0.423114 0.430083 0.630327 0.98679 0.631558 0.943862 0.63217 0.901363 0.633231 0.862571 0.637505 0.831742 0.649891 0.646042 0.647435 0.673253 0.650948 0.617949 0.656532 0.498061 0.65452 0.521362 0.662269 0.41603 0.660527 0.431268 0.438987 0.431633 0.646497 0.987545 0.646823 0.94413 0.649335 0.902159 0.649383 0.862933 0.651642 0.832516 0.657964 0.646091 0.654575 0.673778 0.657528 0.619074 0.662477 0.498547 0.66095 0.521698 0.665464 0.416912 0.664253 0.431735 0.460226 0.432983 0.668179 0.944468 0.668074 0.988712 0.66828 0.902013 0.668372 0.863204 0.66844 0.832992 0.668755 0.675997 0.668809 0.645665 0.668857 0.619037 0.669124 0.498452 0.669065 0.520839 0.669333 0.43202 0.669094 0.416692 0.588429 0.199646 0.588436 0.228157 0.576472 0.227752 0.576701 0.199279 0.563237 0.227866 0.560395 0.201049 0.546286 0.230037 0.545656 0.20272 0.532829 0.231746 0.529578 0.205139 0.626847 0.80672 0.61165 0.80451 0.616019 0.777703 0.627702 0.778812 0.640906 0.779898 0.640049 0.807108 0.652678 0.780663 0.652108 0.807697 0.668553 0.7815 0.668495 0.808207 0.588695 0.253609 0.578242 0.253297 0.589831 0.281831 0.579101 0.281359 0.564178 0.253532 0.566096 0.283177 0.546236 0.256051 0.552982 0.284788 0.535166 0.257618 0.54021 0.287011 0.618617 0.751531 0.630504 0.753123 0.634029 0.722758 0.621822 0.72144 0.642806 0.754443 0.643947 0.723582 0.654508 0.755219 0.653419 0.724824 0.668605 0.755841 0.668663 0.725457 0.578345 0.305624 0.590087 0.306792 0.566659 0.306324 0.554752 0.307824 0.543151 0.309243 0.622642 0.698812 0.634205 0.700155 0.64544 0.70037 0.654698 0.700342 0.668707 0.701931 0.599341 0.414857 0.58225 0.41482 0.599407 0.438007 0.584877 0.438301 0.573352 0.415066 0.572937 0.440611 0.563384 0.41612 0.56679 0.441617 0.552836 0.417097 0.557293 0.442387 0.632004 0.592008 0.643453 0.59309 0.634601 0.566389 0.644792 0.567484 0.651945 0.593113 0.652488 0.56819 0.658537 0.593158 0.660015 0.56847 0.668905 0.593111 0.668955 0.568512 0.599495 0.466521 0.586148 0.463614 0.575974 0.464063 0.569513 0.4652 0.561134 0.466298 0.637608 0.542184 0.646955 0.543151 0.653195 0.544428 0.660093 0.545112 0.669005 0.545545 0.599732 0.532599 0.589433 0.532141 0.581338 0.533048 0.574785 0.534244 0.566246 0.53548 0.644097 0.47283 0.650461 0.473873 0.65628 0.474243 0.661346 0.474626 0.669192 0.474862 0.596451 0.593068 0.593718 0.594596 0.599994 0.593781 0.590939 0.597588 0.588925 0.600857 0.660957 0.407645 0.663747 0.410783 0.600017 0.600715 0.600036 0.604639 0.669364 0.404761 0.669347 0.408835 0.599999 0.596836 0.203194 0.0360711 0.598596 0.0211474 0.598669 0.0631325 0.598746 0.108121 0.598806 0.14341 0.59886 0.174417 0.598905 0.200709 0.598955 0.229188 0.599001 0.255307 0.599048 0.281976 0.599097 0.307852 0.599151 0.335027 0.599813 0.553428 0.590319 0.553206 0.58274 0.554955 0.575993 0.556486 0.568971 0.558376 0.652977 0.450149 0.646459 0.450029 0.657596 0.45074 0.662119 0.451462 0.669262 0.453024 0.599208 0.361535 0.599279 0.391323 0.320705 0.634478 0.328107 0.614367 0.369644 0.270537 0.392653 0.263153 0.350223 0.25187 0.221233 0.618795 0.203643 0.617855 0.240788 0.617162 0.250884 0.623172 0.251848 0.631144 0.245603 0.638696 0.24274 0.636487 0.239712 0.650013 0.243534 0.649554 0.244903 0.658364 0.241129 0.661876 0.247154 0.667412 0.24763 0.661809 0.256572 0.654061 0.260853 0.65736 0.25826 0.642915 0.264073 0.642825 0.260795 0.629413 0.256052 0.634681 0.260061 0.611137 0.267365 0.623054 0.234822 0.665891 0.242037 0.672199 0.254481 0.673768 0.26711 0.661712 0.270224 0.640449 0.241485 0.682078 0.233721 0.681751 0.231068 0.69633 0.24014 0.695742 0.226972 0.713812 0.23795 0.711841 0.2777 0.617484 0.269958 0.604255 0.288436 0.607419 0.277162 0.637823 0.305138 0.589203 0.30579 0.600191 0.748043 0.48541 0.723157 0.490674 0.722526 0.483618 0.744271 0.476108 0.297976 0.616575 0.28699 0.619187 0.291944 0.632912 0.285163 0.634883 0.28835 0.652293 0.281378 0.654527 0.752186 0.49362 0.743531 0.495429 0.280319 0.671127 0.287374 0.668401 0.287221 0.685596 0.279028 0.687328 0.274488 0.65664 0.252893 0.687141 0.265291 0.679763 0.249355 0.703685 0.261424 0.695616 0.234942 0.636067 0.234521 0.650723 0.21851 0.649938 0.219557 0.634812 0.203662 0.634095 0.203637 0.649553 0.247453 0.723665 0.235596 0.72902 0.224211 0.728921 0.233744 0.743161 0.222748 0.743281 0.230548 0.759475 0.220872 0.759979 0.229782 0.77873 0.220178 0.779354 0.227746 0.796928 0.219173 0.797958 0.218382 0.816714 0.226372 0.816006 0.223044 0.829757 0.216423 0.830328 0.243983 0.741131 0.24065 0.760153 0.240004 0.777557 0.237399 0.795469 0.234586 0.815744 0.231186 0.829793 0.253505 0.736043 0.257921 0.715198 0.250392 0.755462 0.247993 0.777475 0.247059 0.798242 0.244759 0.817713 0.240741 0.836018 0.233013 0.850964 0.226198 0.842534 0.21858 0.665606 0.217915 0.680486 0.20974 0.830883 0.211791 0.815865 0.212147 0.797568 0.212438 0.78017 0.21257 0.760796 0.213643 0.744376 0.214629 0.728409 0.216301 0.713725 0.217009 0.696198 0.20358 0.681 0.203559 0.697518 0.203604 0.665632 0.203423 0.815251 0.203403 0.830893 0.203444 0.797999 0.203467 0.780331 0.203488 0.762053 0.203507 0.745272 0.203526 0.728553 0.203542 0.714034 0.765242 0.470742 0.767413 0.483363 0.791498 0.468204 0.792051 0.482622 0.820294 0.467802 0.820297 0.483376 0.766629 0.509148 0.763545 0.513102 0.310215 0.601543 0.302919 0.616536 0.29764 0.633192 0.29296 0.650064 0.29164 0.665355 0.292784 0.683273 0.739605 0.499648 0.720114 0.496314 0.759869 0.517239 0.270871 0.69058 0.26612 0.710642 0.273871 0.709123 0.273391 0.673088 0.220626 0.861091 0.217379 0.851572 0.221521 0.83959 0.216209 0.840369 0.210036 0.841319 0.203388 0.841851 0.20336 0.863438 0.203372 0.854427 0.209708 0.853758 0.212506 0.863248 0.258693 0.755931 0.262104 0.733425 0.267558 0.756416 0.270483 0.733166 0.257794 0.777678 0.253486 0.797929 0.251082 0.818325 0.246439 0.837868 0.238021 0.854209 0.223982 0.865998 0.21529 0.869101 0.203351 0.870425 0.83986 0.108513 0.865641 0.1113 0.865738 0.13347 0.839932 0.130417 0.865802 0.154438 0.842403 0.151891 0.865863 0.172584 0.843849 0.170361 0.865937 0.195331 0.848794 0.195897 0.865988 0.211826 0.852267 0.212216 0.866038 0.229224 0.852246 0.231506 0.866087 0.247193 0.854745 0.248088 0.866123 0.260678 0.8592 0.2577 0.859115 0.269292 0.866148 0.269906 0.218598 0.876163 0.203341 0.878872 0.853972 0.270902 0.850361 0.262203 0.243702 0.863336 0.22952 0.868467 0.843696 0.249086 0.255043 0.842656 0.840884 0.231134 0.260481 0.819403 0.841482 0.213031 0.259091 0.799714 0.835207 0.192196 0.26908 0.783005 0.831564 0.169962 0.280846 0.764437 0.826639 0.14893 0.279012 0.741947 0.818916 0.128211 0.28365 0.721625 0.816316 0.110708 0.287547 0.698992 0.294374 0.707352 0.296382 0.694294 0.30128 0.698752 0.839565 0.0952178 0.816118 0.100466 0.866081 0.0927494 0.774827 0.0589435 0.766716 0.0451621 0.772187 0.0424818 0.782758 0.0537804 0.78494 0.0714422 0.793031 0.0645967 0.80061 0.0746662 0.794342 0.0817661 0.808672 0.0853072 0.80371 0.0944527 0.812642 0.0921772 0.810363 0.101927 0.817852 0.0901424 0.838474 0.0865283 0.804508 0.0695453 0.815285 0.0783286 0.795899 0.0612813 0.737779 0.503788 0.733724 0.510517 0.723126 0.507027 0.721362 0.501251 0.712477 0.511648 0.710418 0.508771 0.70437 0.520404 0.7081 0.521697 0.754091 0.519347 0.747857 0.524051 0.703458 0.533903 0.70806 0.534728 0.710668 0.545711 0.706671 0.546792 0.716039 0.555991 0.712836 0.557846 0.723268 0.569826 0.725778 0.565287 0.737436 0.57825 0.739859 0.571683 0.753729 0.580064 0.749642 0.582706 0.758398 0.592486 0.754276 0.593985 0.770763 0.495707 0.79412 0.49548 0.8203 0.498456 0.820303 0.51696 0.797425 0.514079 0.820307 0.535329 0.800637 0.534359 0.820321 0.587372 0.79999 0.586303 0.802031 0.565994 0.820314 0.566537 0.82033 0.611914 0.798615 0.61018 0.798886 0.637632 0.820342 0.639397 0.820353 0.660492 0.79938 0.658351 0.820367 0.681201 0.801314 0.682411 0.820381 0.707417 0.802852 0.704119 0.820352 0.722898 0.80795 0.722395 0.820263 0.733625 0.808762 0.735455 0.779117 0.511896 0.786715 0.533279 0.774242 0.53352 0.76468 0.53509 0.756759 0.535705 0.790577 0.585764 0.788285 0.565957 0.790169 0.610956 0.790285 0.635544 0.791628 0.659043 0.793848 0.682405 0.794218 0.705578 0.800038 0.722935 0.741731 0.540925 0.735723 0.530844 0.728015 0.548868 0.722132 0.537737 0.729945 0.520134 0.717258 0.526522 0.82031 0.551309 0.801042 0.550629 0.787796 0.550193 0.777393 0.552594 0.78018 0.569552 0.768419 0.555269 0.770741 0.573556 0.761422 0.576127 0.766054 0.589922 0.773678 0.587024 0.733631 0.560303 0.745985 0.566786 0.75917 0.556002 0.745943 0.552921 0.755292 0.611696 0.759637 0.6109 0.761492 0.625782 0.757569 0.626927 0.767747 0.607996 0.767883 0.624189 0.776491 0.605807 0.7764 0.628061 0.76936 0.634808 0.765835 0.636482 0.769027 0.645818 0.776296 0.64004 0.783825 0.632114 0.783857 0.608449 0.78269 0.586426 0.779555 0.663815 0.778177 0.647076 0.781276 0.680707 0.787033 0.704216 0.793984 0.722309 0.802681 0.735137 0.799342 0.738871 0.820221 0.745244 0.809487 0.741666 0.772044 0.663744 0.773745 0.678988 0.782079 0.707128 0.789937 0.723518 0.795785 0.740636 0.808133 0.745747 0.820201 0.748242 0.780315 0.792915 0.794179 0.794815 0.791702 0.809631 0.780289 0.810098 0.791813 0.832526 0.780258 0.832291 0.789498 0.849868 0.780235 0.849999 0.7802 0.886534 0.789835 0.88687 0.790594 0.909025 0.780189 0.908359 0.790622 0.931448 0.780181 0.928199 0.780176 0.943493 0.790558 0.944372 0.787276 0.956948 0.78017 0.958217 0.501247 0.292937 0.496419 0.301298 0.488788 0.296376 0.49189 0.289796 0.37888 0.189719 0.369691 0.1776 0.381308 0.167489 0.389477 0.178926 0.813724 0.810272 0.801768 0.811624 0.809273 0.79584 0.818226 0.796036 0.800007 0.831284 0.391465 0.206975 0.402819 0.194399 0.809316 0.830905 0.415561 0.205757 0.404561 0.218946 0.807728 0.847791 0.798448 0.848884 0.504718 0.283321 0.4963 0.28415 0.488715 0.276188 0.492569 0.273909 0.796949 0.947402 0.794011 0.957626 0.478306 0.265015 0.476003 0.269528 0.798748 0.933731 0.453437 0.247501 0.45097 0.259849 0.800609 0.90891 0.430584 0.250288 0.438861 0.240979 0.799337 0.887248 0.790054 0.870106 0.780214 0.869709 0.799186 0.867613 0.414916 0.239288 0.424078 0.229269 0.420633 0.21865 0.411434 0.230976 0.803534 0.860148 0.796133 0.783451 0.814822 0.78237 0.780333 0.781321 0.362017 0.167816 0.369843 0.160713 0.353748 0.15787 0.357238 0.150856 0.343108 0.14552 0.34553 0.142093 0.335145 0.138823 0.336351 0.136536 0.326576 0.132662 0.327331 0.1307 0.317305 0.125629 0.319434 0.123918 0.310106 0.117588 0.312971 0.11657 0.708041 0.505822 0.822198 0.768848 0.800267 0.770602 0.780344 0.773973 0.786631 0.0503159 0.776414 0.0386637 0.323672 0.586693 0.325678 0.593467 0.324203 0.599596 0.761997 0.0301424 0.766708 0.0304194 0.766123 0.013002 0.769826 0.0271696 0.866046 0.0874966 0.838434 0.0790909 0.866015 0.0809515 0.806673 0.0645609 0.815846 0.0728535 0.798912 0.056098 0.789554 0.045598 0.78051 0.0343346 0.774125 0.0230871 0.823767 0.785138 0.830057 0.773726 0.829909 0.756151 0.83777 0.758631 0.802681 0.764307 0.780352 0.768624 0.332874 0.142259 0.324186 0.135839 0.314752 0.128407 0.307378 0.120321 0.798373 0.0439811 0.807592 0.0543582 0.786136 0.0330316 0.776984 0.0220589 0.338163 0.150851 0.815751 0.0644007 0.843147 0.074014 0.84014 0.0771636 0.866003 0.0779337 0.865981 0.0728097 0.341534 0.928442 0.341717 0.933775 0.328943 0.923631 0.329461 0.919601 0.315547 0.921484 0.316114 0.92586 0.305657 0.931781 0.303941 0.928106 0.299691 0.944316 0.303138 0.942247 0.317201 0.949337 0.317862 0.953729 0.329731 0.946454 0.329901 0.954598 0.336783 0.943505 0.339601 0.949282 0.343352 0.941794 0.337454 0.935359 0.329047 0.927288 0.316636 0.928502 0.307961 0.934199 0.307182 0.939855 0.316839 0.946381 0.330399 0.944027 0.335758 0.940176 0.18526 0.601132 0.186052 0.618798 0.166446 0.617228 0.160995 0.599352 0.156184 0.623131 0.164778 0.635922 0.161909 0.638191 0.155412 0.631021 0.167502 0.64983 0.163707 0.649293 0.166043 0.661737 0.162266 0.658204 0.160017 0.66729 0.15954 0.66168 0.146326 0.657258 0.150612 0.653962 0.143137 0.642741 0.148952 0.642846 0.146413 0.629368 0.15122 0.634624 0.147155 0.611097 0.139834 0.62299 0.172352 0.665792 0.165127 0.672086 0.152682 0.673653 0.140063 0.6616 0.13698 0.640358 0.165664 0.681978 0.173428 0.681665 0.176053 0.696262 0.166984 0.695653 0.180112 0.713757 0.169141 0.711763 0.129522 0.617385 0.137317 0.604176 0.118809 0.607289 0.122911 0.596627 0.130039 0.637722 0.101435 0.60003 0.1022 0.589349 0.892553 0.485382 0.896321 0.476078 0.917489 0.483427 0.917442 0.490636 0.120234 0.619066 0.109259 0.616431 0.122041 0.634766 0.115262 0.632782 0.125802 0.654405 0.118833 0.652162 0.897069 0.495399 0.888413 0.493593 0.126844 0.670994 0.119792 0.668258 0.119921 0.685442 0.128112 0.687187 0.132691 0.656524 0.154248 0.687031 0.141862 0.679639 0.157755 0.703583 0.145702 0.695494 0.172491 0.636099 0.17271 0.650631 0.187789 0.634813 0.188763 0.649925 0.138357 0.597687 0.159613 0.723567 0.171457 0.728948 0.182841 0.728873 0.184272 0.743238 0.173276 0.743092 0.186109 0.759939 0.176435 0.759409 0.186758 0.779313 0.177154 0.778667 0.187716 0.797919 0.179146 0.796869 0.18846 0.816679 0.180472 0.815952 0.190384 0.830295 0.183764 0.829706 0.163042 0.741039 0.166331 0.760068 0.166936 0.777471 0.169497 0.795387 0.172258 0.815668 0.175623 0.829723 0.153534 0.735933 0.149164 0.715081 0.156601 0.755356 0.158947 0.777371 0.159831 0.798136 0.162081 0.817612 0.166052 0.835926 0.180578 0.842476 0.173741 0.850891 0.188619 0.665574 0.189244 0.68045 0.197066 0.830867 0.195053 0.815846 0.194743 0.797547 0.194495 0.780149 0.194409 0.760775 0.193374 0.744352 0.192424 0.728384 0.190783 0.713694 0.190113 0.696164 0.875348 0.47072 0.873182 0.483342 0.84909 0.468192 0.848543 0.48261 0.877061 0.51308 0.873976 0.509127 0.10432 0.616388 0.0970218 0.601447 0.109566 0.633053 0.114226 0.649928 0.115529 0.66521 0.114362 0.683112 0.920487 0.496276 0.900996 0.499616 0.880739 0.517215 0.136264 0.690449 0.140976 0.710509 0.133228 0.708979 0.133769 0.672963 0.189373 0.851535 0.1861 0.861049 0.190572 0.840336 0.185262 0.839545 0.196742 0.841304 0.194214 0.863226 0.197038 0.853743 0.148299 0.755808 0.144942 0.733298 0.139433 0.756272 0.136564 0.733022 0.149146 0.777554 0.153404 0.79781 0.155756 0.818207 0.160349 0.837759 0.168724 0.854122 0.182732 0.865946 0.191417 0.86907 0.891538 0.108118 0.891523 0.130135 0.889174 0.151693 0.887857 0.170196 0.883084 0.19578 0.879711 0.212129 0.879843 0.231423 0.877434 0.248024 0.87303 0.257662 0.873179 0.269253 0.18809 0.876124 0.881893 0.262115 0.878329 0.270834 0.177188 0.8684 0.163021 0.863236 0.888488 0.248962 0.151733 0.842526 0.891203 0.230987 0.146355 0.819262 0.890503 0.212878 0.147795 0.799582 0.896647 0.191984 0.137846 0.782855 0.900135 0.169709 0.126126 0.764262 0.904893 0.14865 0.128015 0.741781 0.912554 0.127999 0.123424 0.721459 0.915189 0.110578 0.119571 0.698831 0.112728 0.707176 0.105838 0.698565 0.110744 0.694117 0.892427 0.0949602 0.915635 0.100411 0.957221 0.0590617 0.94931 0.0538658 0.959923 0.0426072 0.965367 0.0453102 0.947057 0.0715248 0.938998 0.0646475 0.937602 0.0818237 0.931369 0.0746864 0.928136 0.0944826 0.923246 0.0852912 0.921391 0.101918 0.91922 0.0921415 0.914044 0.0900561 0.893508 0.0863011 0.91668 0.0782599 0.927499 0.0695419 0.936149 0.0613195 0.902824 0.503756 0.919241 0.501213 0.917479 0.506991 0.906881 0.510482 0.930188 0.50873 0.92813 0.511608 0.936238 0.520361 0.93251 0.521656 0.892753 0.524021 0.886517 0.519321 0.937155 0.533858 0.932554 0.534685 0.933946 0.546749 0.929949 0.545669 0.927784 0.557805 0.924581 0.555949 0.917356 0.569787 0.914845 0.565248 0.903194 0.578212 0.900768 0.571647 0.89099 0.582669 0.886902 0.580029 0.886363 0.593944 0.88224 0.592448 0.869836 0.495687 0.846479 0.49547 0.84318 0.514069 0.839977 0.53435 0.838597 0.565984 0.840651 0.586291 0.842045 0.610166 0.841796 0.637615 0.841322 0.658335 0.839415 0.682402 0.837914 0.704139 0.83279 0.722452 0.831712 0.735511 0.861488 0.511879 0.853898 0.533264 0.866371 0.5335 0.875933 0.535066 0.883855 0.535677 0.852342 0.56594 0.850062 0.585747 0.850491 0.610937 0.850395 0.63552 0.849072 0.659019 0.846879 0.682384 0.846549 0.705575 0.840757 0.723031 0.904889 0.53081 0.898884 0.540891 0.912604 0.548831 0.918483 0.537699 0.910665 0.5201 0.923352 0.526482 0.839578 0.55062 0.852824 0.550177 0.863228 0.552572 0.860448 0.56953 0.872202 0.555244 0.869889 0.57353 0.879208 0.576096 0.874585 0.589891 0.866961 0.586998 0.894639 0.566752 0.906991 0.560265 0.881452 0.555973 0.894677 0.552889 0.885364 0.611636 0.881017 0.610858 0.883005 0.627037 0.879232 0.625763 0.87291 0.607967 0.872815 0.624165 0.864165 0.605781 0.864282 0.628027 0.874815 0.636436 0.871304 0.634763 0.871656 0.645772 0.864381 0.640004 0.856802 0.608425 0.856854 0.632085 0.857949 0.586404 0.862508 0.64704 0.861149 0.663777 0.859447 0.680664 0.853729 0.704171 0.84688 0.722314 0.841222 0.737232 0.838415 0.734264 0.83091 0.741811 0.86866 0.663697 0.866975 0.678938 0.858692 0.707055 0.851062 0.723367 0.845453 0.741023 0.832461 0.74595 0.768878 0.809599 0.766445 0.794774 0.768702 0.832496 0.770972 0.849846 0.769783 0.909014 0.770565 0.886856 0.769738 0.931439 0.769793 0.944365 0.773066 0.956943 0.501363 0.293286 0.49189 0.289796 0.488788 0.296376 0.496419 0.301298 0.37888 0.189719 0.389474 0.179392 0.381294 0.167962 0.369691 0.1776 0.746855 0.810174 0.742395 0.795921 0.751348 0.795753 0.758806 0.811562 0.760512 0.831231 0.391465 0.206975 0.402833 0.19485 0.751204 0.830826 0.404561 0.218946 0.415586 0.206195 0.762026 0.84884 0.752748 0.847722 0.504824 0.283667 0.492666 0.274267 0.488715 0.276188 0.4963 0.28415 0.76633 0.957615 0.7634 0.947388 0.478393 0.265388 0.476003 0.269528 0.76161 0.933716 0.453506 0.2479 0.45097 0.259849 0.759769 0.90889 0.438923 0.241393 0.430584 0.250288 0.761063 0.887221 0.770373 0.870087 0.761245 0.867575 0.414916 0.239288 0.424128 0.229698 0.411434 0.230976 0.420672 0.219083 0.756913 0.860096 0.764527 0.783403 0.745841 0.782264 0.369821 0.161199 0.362017 0.167816 0.357207 0.151355 0.353748 0.15787 0.345489 0.142604 0.343108 0.14552 0.336305 0.137057 0.336467 0.136672 0.343108 0.14552 0.327278 0.13123 0.327449 0.130833 0.319375 0.124456 0.319555 0.124048 0.312904 0.117115 0.312904 0.117115 0.932564 0.505781 0.738509 0.768715 0.760433 0.77054 0.945452 0.0503831 0.955708 0.0387635 0.0816319 0.594479 0.0830947 0.587448 0.0832426 0.600575 0.965477 0.0305866 0.970199 0.0303507 0.965506 0.0130326 0.961728 0.0271806 0.893546 0.0788764 0.916147 0.0727801 0.92536 0.0645443 0.933155 0.0561195 0.942555 0.0456549 0.951649 0.0344224 0.958106 0.0232073 0.736887 0.785002 0.730634 0.773568 0.722971 0.758447 0.73084 0.755993 0.758039 0.764237 0.336467 0.136672 0.327449 0.130833 0.324186 0.135839 0.332874 0.142259 0.319555 0.124048 0.314752 0.128407 0.307378 0.120321 0.312904 0.117115 0.924491 0.0543396 0.933734 0.0440037 0.946018 0.0330892 0.955252 0.0221605 0.343108 0.14552 0.338163 0.150851 0.916284 0.064326 0.891836 0.076957 0.888819 0.0738189 0.289679 0.890758 0.301869 0.882076 0.302334 0.886114 0.289425 0.896088 0.31576 0.884149 0.315134 0.888516 0.325509 0.894582 0.327275 0.890932 0.331301 0.9072 0.327883 0.905083 0.313005 0.91636 0.313725 0.911978 0.30124 0.908924 0.300958 0.917066 0.291333 0.91162 0.294229 0.905882 0.287683 0.904084 0.293667 0.897728 0.302181 0.889769 0.314576 0.891151 0.323171 0.896968 0.323873 0.902635 0.314127 0.909027 0.300604 0.906488 0.295299 0.902567 0.1844 0.573477 0.160823 0.573661 0.137835 0.575391 0.119629 0.576865 0.101941 0.59851 0.101337 0.578316 0.0802424 0.601004 0.077336 0.581224 0.544935 0.962242 0.566447 0.968967 0.557698 0.989083 0.536443 0.983115 0.519076 0.957303 0.515691 0.979596 0.491383 0.95421 0.489857 0.977698 0.161079 0.551794 0.183778 0.551659 0.13738 0.551773 0.118465 0.553169 0.0974614 0.554848 0.0704281 0.557966 0.54962 0.936852 0.570271 0.944757 0.523839 0.931468 0.493852 0.929333 0.0663025 0.542542 0.0871811 0.533151 0.15975 0.528127 0.183276 0.52731 0.13753 0.529723 0.116917 0.531568 0.119521 0.51061 0.0970166 0.511003 0.0938429 0.491817 0.114214 0.487056 0.0999957 0.46379 0.0828049 0.474987 0.0695534 0.448938 0.0631287 0.466989 0.037642 0.453956 0.0439666 0.471289 0.542841 0.82667 0.571024 0.816334 0.578209 0.83287 0.562118 0.847676 0.521999 0.852992 0.552864 0.869984 0.552461 0.891165 0.519463 0.883617 0.496551 0.904925 0.525842 0.908154 0.494021 0.882056 0.49252 0.851821 0.491466 0.819503 0.517579 0.822281 0.491335 0.786575 0.516984 0.789025 0.138717 0.507439 0.159295 0.507696 0.182706 0.506164 0.157876 0.480833 0.135378 0.483029 0.180909 0.481239 0.129877 0.461131 0.155458 0.460078 0.17956 0.460692 0.0314403 0.42904 0.0608206 0.422801 0.0267767 0.401675 0.0538454 0.396963 0.0208003 0.374059 0.0469242 0.369794 0.0154722 0.343426 0.0421894 0.341512 0.0419931 0.310559 0.0119722 0.311082 0.01 0.274137 0.0392439 0.278847 0.544789 0.792046 0.573473 0.792164 0.548328 0.762852 0.579527 0.76652 0.517579 0.759495 0.4927 0.75734 0.558827 0.705273 0.592758 0.712697 0.586321 0.740788 0.55406 0.734106 0.594874 0.645119 0.595574 0.6822 0.56128 0.679162 0.559532 0.646858 0.519253 0.730178 0.522877 0.702042 0.525855 0.675806 0.526513 0.644062 0.495268 0.6738 0.494601 0.701021 0.493317 0.72831 0.493919 0.641129 0.15122 0.436969 0.124479 0.439153 0.0947167 0.442838 0.178476 0.436345 0.147399 0.409118 0.11987 0.41287 0.089585 0.417446 0.177912 0.40446 0.0861579 0.391873 0.116445 0.387338 0.176801 0.381386 0.145379 0.384761 0.113222 0.354698 0.0814002 0.359392 0.175433 0.352865 0.140392 0.352665 0.111091 0.330115 0.0772744 0.334903 0.175472 0.328014 0.139813 0.330422 0.0731471 0.307922 0.107916 0.305072 0.1745 0.301942 0.138705 0.302104 0.0695313 0.269772 0.10686 0.271487 0.17364 0.270979 0.136365 0.271571 0.069442 0.232743 0.107772 0.239198 0.136162 0.238489 0.174622 0.24078 0.110768 0.204812 0.138844 0.203704 0.0850826 0.203552 0.176091 0.204791 0.145337 0.171354 0.118108 0.172588 0.0993988 0.170905 0.177975 0.172841 0.149888 0.145823 0.181045 0.146121 0.124104 0.143737 0.105567 0.143587 0.152341 0.11772 0.183015 0.121288 0.126132 0.118062 0.104322 0.115752 0.582331 0.605871 0.54848 0.615434 0.492539 0.611764 0.523438 0.614587 0.538166 0.586293 0.566764 0.579616 0.526325 0.552509 0.55286 0.547973 0.520651 0.518931 0.546663 0.515028 0.527095 0.490594 0.556624 0.485191 0.490037 0.582938 0.517825 0.585697 0.510717 0.552611 0.486976 0.552065 0.485747 0.519601 0.506957 0.518594 0.486853 0.490701 0.508346 0.48976 0.558444 0.913918 0.574292 0.929657 0.676704 0.157989 0.69498 0.162544 0.698131 0.145031 0.681241 0.13777 0.678701 0.182181 0.696808 0.18201 0.684434 0.200615 0.69846 0.20143 0.684056 0.217949 0.69899 0.218048 0.68203 0.237749 0.693675 0.238006 0.687361 0.260327 0.67644 0.257644 0.749396 0.0814603 0.75459 0.0928355 0.776803 0.0847901 0.774505 0.0730416 0.726089 0.0910809 0.737126 0.104156 0.707912 0.103418 0.721574 0.116173 0.691981 0.119875 0.707624 0.128517 0.710352 0.167173 0.714086 0.152101 0.709795 0.184711 0.709436 0.20316 0.708674 0.221543 0.703741 0.241267 0.698578 0.262816 0.763919 0.104037 0.783181 0.0975712 0.745435 0.116917 0.733267 0.127509 0.722961 0.137896 0.719311 0.206145 0.722844 0.188755 0.71564 0.223488 0.71172 0.243606 0.726193 0.170417 0.729935 0.155091 0.736644 0.146468 0.74612 0.135778 0.754666 0.125032 0.772617 0.115449 0.788512 0.109121 0.706445 0.265776 0.758307 0.147597 0.766155 0.136768 0.726574 0.211035 0.729011 0.193845 0.749616 0.15691 0.735883 0.177838 0.743348 0.166565 0.781629 0.129767 0.797377 0.122071 0.71602 0.265216 0.717947 0.245301 0.722907 0.226447 0.749879 0.190539 0.757851 0.180019 0.7412 0.20052 0.736628 0.214548 0.733899 0.230578 0.729831 0.245403 0.724733 0.263934 0.789597 0.138502 0.804197 0.136696 0.779904 0.147595 0.772407 0.157242 0.765018 0.171181 0.776258 0.181616 0.770731 0.19057 0.76331 0.19952 0.753801 0.208227 0.749491 0.220576 0.745266 0.233393 0.740526 0.246471 0.7368 0.259084 0.797905 0.156314 0.812873 0.153897 0.789649 0.16406 0.783103 0.172223 0.782781 0.19841 0.788053 0.191459 0.777633 0.206176 0.770743 0.216094 0.761396 0.225989 0.754504 0.236813 0.750419 0.247883 0.746906 0.2579 0.805509 0.171733 0.817789 0.166261 0.798304 0.179213 0.792359 0.18529 0.22241 0.896759 0.220672 0.889719 0.216002 0.890624 0.216223 0.897494 0.227121 0.895171 0.224163 0.888378 0.230913 0.892705 0.226403 0.886311 0.161152 0.982466 0.158811 0.982158 0.155988 0.986983 0.159274 0.987188 0.155128 0.981791 0.155988 0.986983 0.149668 0.982003 0.152457 0.987442 0.223058 0.907821 0.229917 0.903062 0.217107 0.90561 0.154524 0.973348 0.147629 0.975909 0.162368 0.977577 0.163205 0.979341 0.23511 0.9003 0.0415683 0.714255 0.0432014 0.705365 0.044477 0.705809 0.0450586 0.714535 0.0395099 0.712432 0.0422524 0.70518 0.0662057 0.636336 0.0644616 0.638685 0.0604741 0.632488 0.06083 0.63141 0.0621409 0.639704 0.0596516 0.633205 0.0598047 0.64106 0.0580317 0.633394 0.0456096 0.705803 0.0487939 0.71351 0.221478 0.886783 0.218051 0.887745 0.0455739 0.721078 0.0407845 0.72145 0.22371 0.884692 0.0370178 0.719204 0.156218 0.987326 0.157229 0.987106 0.159274 0.987188 0.0695319 0.641557 0.0677068 0.643078 0.154169 0.987032 0.156218 0.987326 0.065051 0.645124 0.152457 0.987442 0.150662 0.986943 0.0600865 0.647677 0.214201 0.888415 0.0508652 0.720174 0.0445721 0.703757 0.0431202 0.703926 0.162795 0.983927 0.16525 0.987922 0.168375 0.986899 0.167436 0.982471 0.248853 0.898676 0.250427 0.887389 0.245493 0.88721 0.243211 0.896374 0.254756 0.898083 0.253774 0.887093 0.181898 0.983574 0.178395 0.981775 0.173864 0.989292 0.176601 0.989658 0.172804 0.981449 0.171798 0.986906 0.238229 0.903107 0.247539 0.905599 0.162386 0.980641 0.165518 0.978385 0.173112 0.97313 0.184945 0.973631 0.187444 0.976548 0.258208 0.909185 0.0886949 0.514529 0.0860909 0.512795 0.0901011 0.50786 0.0911127 0.508033 0.0838891 0.51081 0.0891621 0.50712 0.0649302 0.478291 0.0640363 0.485502 0.0627551 0.484747 0.0625347 0.478211 0.0673429 0.479237 0.0655163 0.486005 0.0702427 0.479946 0.0665156 0.486754 0.0731054 0.481743 0.0680235 0.486642 0.248389 0.882999 0.244717 0.882076 0.087273 0.518559 0.084203 0.516096 0.251326 0.883064 0.0820476 0.514134 0.169726 0.987979 0.172887 0.989865 0.0648593 0.475307 0.0629175 0.475423 0.167373 0.988597 0.169726 0.987979 0.173864 0.989292 0.0678467 0.476293 0.165332 0.988699 0.167373 0.988597 0.0714889 0.477595 0.165332 0.988699 0.0753251 0.478703 0.0914413 0.505327 0.0918885 0.50658 0.0897923 0.505631 0.203211 0.917574 0.207493 0.918583 0.206928 0.914142 0.203569 0.914121 0.213577 0.913788 0.209741 0.91136 0.214357 0.907406 0.210835 0.908329 0.139016 0.970527 0.139603 0.976931 0.145691 0.974334 0.147547 0.969833 0.144542 0.960131 0.137747 0.963744 0.139101 0.954097 0.13387 0.958029 0.205526 0.907312 0.204213 0.90849 0.206364 0.906107 0.127366 0.973475 0.128307 0.976762 0.125847 0.970443 0.123662 0.965786 0.20276 0.908784 0.226186 0.0113802 0.227444 0.0109218 0.227953 0.0122895 0.226697 0.0126919 0.145238 0.840453 0.145571 0.83988 0.146032 0.839626 0.145222 0.840989 0.203587 0.905055 0.202975 0.906052 0.125511 0.973086 0.125183 0.975841 0.123979 0.97006 0.121073 0.966875 0.201539 0.907214 0.200291 0.907404 0.220255 0.0124921 0.220139 0.0103461 0.222457 0.01 0.222394 0.0118539 0.138856 0.838031 0.142001 0.839621 0.140693 0.84137 0.137584 0.840338 0.140586 0.836002 0.143211 0.83806 0.142636 0.834044 0.143936 0.836696 0.22122 0.0155532 0.223439 0.0140682 0.22466 0.0152044 0.222865 0.0171178 0.265014 0.920067 0.271517 0.91377 0.267844 0.910392 0.260917 0.912441 0.27212 0.924151 0.274816 0.919159 0.280651 0.927128 0.281584 0.922309 0.19845 0.952112 0.193452 0.959442 0.19866 0.962244 0.202216 0.955808 0.189963 0.970343 0.197926 0.970498 0.190651 0.977004 0.197463 0.976926 0.277417 0.907965 0.275029 0.904805 0.27978 0.910068 0.283431 0.911753 0.209269 0.967959 0.212727 0.966196 0.20759 0.971963 0.207548 0.976446 0.143371 0.877518 0.144558 0.876578 0.145981 0.877542 0.144486 0.878938 0.220297 0.0257851 0.219583 0.0245909 0.220225 0.0235089 0.221437 0.0251458 0.139958 0.872824 0.138536 0.874604 0.278988 0.907356 0.276849 0.905121 0.142394 0.871569 0.282048 0.909443 0.216848 0.0311693 0.216839 0.0297033 0.209269 0.967959 0.20739 0.967212 0.21084 0.965435 0.212727 0.966196 0.215817 0.0275033 0.20759 0.971963 0.205727 0.971224 0.212634 0.0245097 0.207548 0.976446 0.207554 0.974971 0.205727 0.971224 0.137584 0.876932 0.274689 0.902886 0.193917 0.925795 0.190992 0.92487 0.189877 0.927353 0.192913 0.928695 0.194259 0.923132 0.191343 0.923027 0.193637 0.920443 0.191574 0.920592 0.137062 0.945916 0.138284 0.943941 0.137699 0.943715 0.136071 0.944806 0.138005 0.941887 0.137376 0.942044 0.136787 0.937739 0.135275 0.939469 0.203294 0.922452 0.201706 0.927381 0.197621 0.930979 0.147099 0.939619 0.140197 0.93518 0.145397 0.948104 0.140902 0.950562 0.200678 0.918112 0.0945927 0.769186 0.0945681 0.770233 0.0921857 0.770057 0.0921857 0.770057 0.0943089 0.771045 0.0921857 0.770057 0.09387 0.771612 0.0924601 0.770339 0.0905938 0.772307 0.0900686 0.771245 0.0920752 0.770381 0.0898674 0.770103 0.0921857 0.770057 0.0900724 0.768595 0.187862 0.923575 0.187117 0.92576 0.0989242 0.771085 0.0995062 0.769339 0.188171 0.922098 0.0985107 0.772148 0.188589 0.920021 0.0980167 0.773911 0.133628 0.943919 0.133628 0.943919 0.0876128 0.773985 0.0850496 0.77176 0.135384 0.941611 0.0852943 0.769189 0.13297 0.939625 0.0877479 0.7665 0.238743 0.913958 0.245306 0.914407 0.226527 0.918154 0.232832 0.915356 0.215589 0.925155 0.220815 0.921063 0.265988 0.935411 0.258097 0.928798 0.254782 0.913934 0.257944 0.918023 0.207944 0.934575 0.2028 0.937953 0.152785 0.92967 0.144565 0.928197 0.184253 0.95326 0.178725 0.961827 0.158472 0.962344 0.152733 0.953184 0.152002 0.945859 0.151948 0.940069 0.165212 0.967781 0.171974 0.959081 0.273833 0.940074 0.193424 0.937129 0.161173 0.935268 0.211995 0.92903 0.224635 0.929837 0.229329 0.926994 0.222429 0.936894 0.234739 0.932291 0.767662 0.248329 0.76916 0.241539 0.785768 0.223584 0.792733 0.213938 0.239728 0.923714 0.246353 0.924695 0.250787 0.9326 0.775176 0.231848 0.204817 0.948495 0.209527 0.945328 0.217175 0.940848 0.794921 0.208231 0.799151 0.200864 0.801927 0.196055 0.814083 0.185025 0.828186 0.178813 0.163226 0.951769 0.160465 0.944992 0.806036 0.191523 0.154452 0.919183 0.147494 0.916599 0.761247 0.26082 0.179527 0.929634 0.176639 0.944352 0.16461 0.922967 0.166952 0.95576 0.657471 0.362992 0.669676 0.360324 0.669338 0.336822 0.656927 0.330918 0.670004 0.391061 0.683817 0.383567 0.696955 0.416535 0.702646 0.404586 0.725195 0.434643 0.728364 0.424686 0.748213 0.445771 0.748631 0.436062 0.779486 0.452837 0.777338 0.443892 0.674009 0.309588 0.664672 0.30026 0.687098 0.284552 0.680773 0.274866 0.71393 0.278895 0.713769 0.269671 0.748035 0.278606 0.745305 0.287902 0.773385 0.300982 0.777615 0.294011 0.79967 0.314102 0.800241 0.304467 0.734061 0.301996 0.755849 0.315504 0.724001 0.315047 0.740301 0.327945 0.708177 0.333505 0.725742 0.345741 0.698401 0.35592 0.714452 0.367938 0.693073 0.374363 0.709597 0.385982 0.691619 0.322426 0.684217 0.346226 0.718508 0.291653 0.70649 0.302845 0.682803 0.360655 0.778511 0.331094 0.733861 0.407399 0.751399 0.419871 0.771791 0.427672 0.737153 0.38593 0.756488 0.401413 0.770032 0.410336 0.747627 0.363526 0.763129 0.347079 0.808539 0.306494 0.812024 0.308122 0.823585 0.294544 0.822001 0.292718 0.801027 0.35897 0.800266 0.341769 0.791778 0.338782 0.78365 0.359931 0.809075 0.326492 0.804028 0.321028 0.819612 0.315745 0.81509 0.311705 0.830365 0.304252 0.826562 0.301313 0.801846 0.450234 0.797865 0.453735 0.804313 0.463912 0.806414 0.462656 0.805963 0.445381 0.813725 0.463791 0.818546 0.462731 0.814678 0.44462 0.812429 0.427669 0.802503 0.429693 0.807554 0.402514 0.798448 0.40546 0.792385 0.385459 0.804457 0.37748 0.774027 0.391144 0.762856 0.381185 0.79117 0.446041 0.78793 0.452959 0.786886 0.430141 0.783579 0.411302 0.781958 0.393174 0.0928944 0.891455 0.0987267 0.886436 0.103917 0.891229 0.101028 0.895872 0.091371 0.885567 0.0962937 0.882076 0.383989 0.15022 0.384502 0.156166 0.380387 0.156435 0.379276 0.150685 0.391207 0.149498 0.389382 0.156886 0.395559 0.151781 0.393428 0.158493 0.403351 0.156979 0.400226 0.161224 0.0280794 0.701308 0.027819 0.708438 0.0265583 0.70845 0.0243325 0.701394 0.0317727 0.701939 0.0285491 0.709103 0.0351579 0.702672 0.0303797 0.709166 0.0649034 0.211037 0.074267 0.211708 0.0744079 0.213537 0.0661017 0.215698 0.0654303 0.208131 0.0745511 0.210309 0.0205069 0.701761 0.0253181 0.70933 0.0278649 0.710936 0.386302 0.159507 0.381488 0.159303 0.0249567 0.695953 0.0293102 0.696064 0.390153 0.161061 0.0329936 0.696631 0.396069 0.163361 0.0397241 0.697336 0.0987267 0.886436 0.100817 0.890851 0.100817 0.890851 0.103917 0.891229 0.0606315 0.219174 0.0595327 0.212365 0.0962937 0.882076 0.0943038 0.882786 0.0609915 0.208844 0.378114 0.159542 0.0220007 0.696577 0.104749 0.910231 0.115005 0.90497 0.117258 0.91007 0.109893 0.915627 0.103825 0.903511 0.114479 0.900696 0.409021 0.159338 0.413394 0.156213 0.417679 0.16399 0.416041 0.166991 0.41868 0.15413 0.421559 0.161865 0.423097 0.153348 0.42552 0.161568 0.433732 0.152796 0.431929 0.161488 0.0290101 0.502921 0.0223075 0.50445 0.0213891 0.503001 0.0278022 0.499418 0.0295088 0.506062 0.0212366 0.505527 0.0300454 0.509042 0.0210893 0.507595 0.0746059 0.0987447 0.0713133 0.101727 0.0661916 0.0941322 0.067527 0.0925545 0.0693222 0.102581 0.0640357 0.0940366 0.0265304 0.496424 0.0193653 0.503221 0.0190059 0.505992 0.419359 0.16418 0.415855 0.166302 0.0353639 0.502141 0.0339573 0.498394 0.422685 0.163927 0.0357917 0.505364 0.428299 0.164177 0.0365647 0.51123 0.117258 0.91007 0.115005 0.90497 0.114776 0.90976 0.114776 0.90976 0.0787938 0.100853 0.0751544 0.104943 0.114479 0.900696 0.112271 0.901833 0.071355 0.105462 0.416041 0.166991 0.417679 0.16399 0.415855 0.166302 0.414522 0.168986 0.0318855 0.496321 0.0780059 0.700354 0.0833261 0.696307 0.0844487 0.697852 0.0799585 0.702549 0.0764587 0.698379 0.0841086 0.694452 0.074297 0.500674 0.0715468 0.501829 0.0704438 0.493975 0.0715645 0.491818 0.0675282 0.502008 0.0685813 0.494389 0.064694 0.501162 0.0673894 0.492461 0.0815524 0.704448 0.0861814 0.697465 0.455115 0.146464 0.453518 0.148328 0.45093 0.151114 0.452714 0.149152 0.0768433 0.704186 0.0752866 0.700933 0.459927 0.143653 0.457327 0.146101 0.0730416 0.696891 0.126647 0.93618 0.127991 0.935316 0.124358 0.93621 0.124358 0.93621 0.0718766 0.504105 0.0750214 0.501325 0.124252 0.928005 0.120587 0.928915 0.067342 0.504749 0.124875 0.924445 0.12266 0.925617 0.0640357 0.502939 0.452478 0.152431 0.452714 0.149152 0.45093 0.151114 0.451101 0.153421 0.0785466 0.704947 0.117156 0.929007 0.12314 0.928031 0.123734 0.932893 0.118071 0.933664 0.124252 0.928005 0.127991 0.935316 0.110957 0.924047 0.118809 0.923609 0.124875 0.924445 0.439903 0.148135 0.442352 0.141747 0.44777 0.146657 0.446706 0.150794 0.452478 0.152431 0.44704 0.138245 0.451263 0.142461 0.452857 0.133076 0.45637 0.139074 0.121402 0.938939 0.114301 0.940602 0.126647 0.93618 0.074484 0.0182248 0.0759345 0.0197816 0.073668 0.0220036 0.0726139 0.0209594 0.0771887 0.0210411 0.072927 0.0235608 0.0833254 0.85744 0.082945 0.855325 0.0864342 0.855509 0.0886486 0.856356 0.0829645 0.853165 0.0862995 0.854148 0.0835697 0.851352 0.0881375 0.853867 0.0724991 0.0170469 0.0715406 0.0217252 0.0811568 0.0160709 0.0785612 0.0169631 0.0759748 0.0144838 0.0777348 0.0131299 0.0836594 0.0201873 0.08024 0.0188896 0.0760436 0.855422 0.0785692 0.855204 0.0792513 0.858034 0.0786406 0.858643 0.0761758 0.852688 0.0783888 0.852827 0.0784866 0.850555 0.0789371 0.850865 0.0744785 0.0132764 0.076219 0.013002 0.107533 0.956529 0.108643 0.952929 0.111682 0.954368 0.110894 0.956988 0.111682 0.954368 0.111236 0.953398 0.109054 0.960739 0.110894 0.956988 0.107546 0.948172 0.111522 0.949565 0.111522 0.949565 0.111236 0.953398 0.451121 0.116532 0.45608 0.11553 0.459479 0.120357 0.455508 0.121426 0.45608 0.11553 0.457181 0.116612 0.459562 0.117987 0.456616 0.110457 0.451496 0.110492 0.456616 0.110457 0.456452 0.111966 0.457181 0.116612 0.455615 0.103496 0.460144 0.105311 0.459614 0.108531 0.456452 0.111966 0.109314 0.960618 0.104642 0.959698 0.109054 0.960739 0.109314 0.960618 0.0928245 0.914622 0.0910293 0.908842 0.0944044 0.919764 0.0991709 0.931834 0.0974091 0.927097 0.100474 0.937088 0.0844677 0.897412 0.0826941 0.890603 0.0895392 0.905629 0.397816 0.141686 0.392908 0.139939 0.384403 0.139718 0.411441 0.142195 0.416031 0.143476 0.419119 0.140088 0.440097 0.130592 0.435433 0.134856 0.448936 0.126555 0.443177 0.113834 0.442535 0.109062 0.446063 0.102776 0.106257 0.942266 0.0928959 0.955766 0.0947724 0.949846 0.0952698 0.961693 0.0960403 0.923681 0.108691 0.920565 0.0910293 0.908842 0.100811 0.900406 0.431317 0.141627 0.436174 0.148731 0.425611 0.140896 0.403325 0.145002 0.450844 0.123867 0.44348 0.120418 0.103394 0.944661 0.103394 0.944661 0.434585 0.112048 0.430606 0.10422 0.436519 0.0963835 0.424614 0.120774 0.428783 0.11583 0.435352 0.116207 0.425314 0.129555 0.421384 0.131372 0.393649 0.12654 0.399469 0.128314 0.407145 0.144073 0.405487 0.155186 0.409021 0.159338 0.406535 0.156393 0.405487 0.155186 0.406535 0.156393 0.37862 0.14106 0.382807 0.125713 0.37599 0.127436 0.0776355 0.912 0.0776355 0.912 0.0700748 0.905585 0.0697356 0.897151 0.0752215 0.916924 0.0840361 0.927037 0.0828228 0.923164 0.0828228 0.923164 0.0808902 0.930776 0.0881324 0.944248 0.0886373 0.939299 0.0829539 0.947658 0.0886373 0.939299 0.0810073 0.955569 0.0829112 0.963395 0.415169 0.125747 0.403265 0.132829 0.407237 0.132382 0.409557 0.127138 0.0643809 0.919126 0.0601527 0.9092 0.0704162 0.932837 0.0669155 0.923986 0.0717232 0.948463 0.0718571 0.940234 0.0600199 0.899968 0.379017 0.114996 0.371356 0.118026 0.388291 0.112467 0.0715088 0.955854 0.0738892 0.964042 0.422945 0.0936398 0.432869 0.0877663 0.395959 0.111298 0.403775 0.110576 0.407952 0.109176 0.415165 0.10564 0.419049 0.101729 0.399129 0.0996949 0.403337 0.0981271 0.392402 0.0987537 0.408522 0.0920024 0.413904 0.0879655 0.417133 0.0799328 0.384321 0.0999035 0.374569 0.102879 0.367255 0.106145 0.0467941 0.910303 0.0483214 0.898707 0.0496696 0.919791 0.0525664 0.926161 0.0560106 0.93487 0.0583719 0.942745 0.0579414 0.951047 0.0584777 0.958713 0.0631784 0.968516 0.427227 0.076234 0.401993 0.0823825 0.386006 0.0857493 0.0464947 0.943165 0.0467458 0.936348 0.0372237 0.930881 0.0361739 0.951179 0.821631 0.402095 0.823705 0.426076 0.811806 0.35632 0.812509 0.345345 0.3691 0.0251869 0.38814 0.0205069 0.391879 0.0291605 0.377265 0.0331067 0.39713 0.042516 0.385434 0.0477287 0.390957 0.0601864 0.403798 0.053497 0.410439 0.0666064 0.396408 0.0726546 0.816918 0.374149 0.413522 0.0240319 0.414425 0.0307846 0.421752 0.0650837 0.418157 0.0539906 0.411449 0.0414605 0.0430389 0.962445 0.0538868 0.975031 0.817251 0.33458 0.352901 0.0381508 0.366535 0.0432568 0.377128 0.0520345 0.382511 0.0650721 0.384379 0.0755685 0.0301583 0.977838 0.0218806 0.972723 0.045255 0.979847 0.0363142 0.985215 0.828409 0.322898 0.838235 0.309776 0.825781 0.441361 0.82809 0.461047 0.0277387 0.919709 0.0305988 0.908238 0.0340215 0.897465 0.368245 0.0892204 0.360391 0.0920318 0.377969 0.0868485 0.342418 0.056595 0.357594 0.0602427 0.351561 0.074244 0.338717 0.07243 0.011501 0.911186 0.0195567 0.900995 0.374756 0.0775333 0.371766 0.06668 0.366767 0.0599735 0.0237775 0.892727 0.360766 0.0787585 0.776627 0.356426 0.183039 0.109116 0.184601 0.0723236 0.155611 0.105312 0.162688 0.0712486 0.137836 0.0657726 0.131748 0.100461 0.0975957 0.0892801 0.115108 0.0561595 0.0772155 0.0694043 0.0942827 0.0411777 0.521354 0.458799 0.54403 0.454868 0.503438 0.461604 0.483256 0.462175 0.608473 0.575006 0.605739 0.587995 0.610271 0.484289 0.608629 0.509353 0.606669 0.361171 0.618168 0.362616 0.617913 0.389509 0.606531 0.389091 0.608014 0.333537 0.618346 0.333966 0.627063 0.140507 0.622952 0.173185 0.610203 0.17221 0.612879 0.140043 0.630842 0.104403 0.615592 0.105585 0.616645 0.0619773 0.633194 0.0630977 0.636018 0.0210257 0.616787 0.0205069 0.166014 0.0349712 0.185048 0.0372848 0.614093 0.575858 0.609517 0.590097 0.618982 0.485418 0.620457 0.51057 0.628518 0.364273 0.627667 0.390249 0.628024 0.334686 0.642139 0.142401 0.640216 0.174989 0.646285 0.107566 0.651066 0.0656371 0.655059 0.0215192 0.147429 0.0312778 0.128269 0.0218728 0.676331 0.0247515 0.670909 0.067923 0.664026 0.109945 0.657233 0.145644 0.653012 0.176443 0.638557 0.335376 0.638431 0.364909 0.638348 0.391853 0.627028 0.486529 0.627299 0.51061 0.619616 0.577326 0.613874 0.592353 0.109808 0.0101404 0.697895 0.0284756 0.689578 0.0701005 0.681781 0.112817 0.674705 0.149889 0.669694 0.179564 0.650618 0.336819 0.649434 0.366095 0.64895 0.392415 0.637318 0.487659 0.635861 0.510742 0.625324 0.578893 0.61736 0.594343 0.51364 0.426781 0.531175 0.42278 0.720246 0.94287 0.740641 0.941534 0.740779 0.984323 0.722636 0.9853 0.718502 0.899806 0.738206 0.897692 0.716415 0.861692 0.731978 0.86034 0.711427 0.831129 0.727758 0.830216 0.71098 0.642122 0.714508 0.670963 0.702301 0.672216 0.699235 0.643817 0.696611 0.617093 0.706574 0.616592 0.688555 0.497839 0.695929 0.497411 0.697094 0.520691 0.689536 0.521575 0.682552 0.430294 0.679781 0.414076 0.682992 0.412629 0.687901 0.428878 0.497338 0.430087 0.705827 0.98697 0.704801 0.944038 0.704393 0.901528 0.703514 0.862736 0.69938 0.831882 0.690085 0.673333 0.687726 0.646113 0.68677 0.618017 0.683606 0.521435 0.681717 0.498131 0.676491 0.416461 0.678117 0.431335 0.481465 0.431635 0.689653 0.987647 0.689536 0.944233 0.687225 0.902245 0.68736 0.863018 0.68524 0.832591 0.679653 0.646133 0.682942 0.673832 0.680186 0.619118 0.677175 0.521738 0.67577 0.498582 0.674384 0.431759 0.673161 0.416895 0.609378 0.199607 0.621105 0.199197 0.621433 0.227667 0.60947 0.228116 0.637416 0.20091 0.634668 0.227733 0.651626 0.229844 0.652162 0.202531 0.668248 0.204892 0.66509 0.231504 0.710149 0.806906 0.709413 0.778983 0.721101 0.777921 0.725356 0.804759 0.696945 0.807234 0.696205 0.780014 0.684883 0.807768 0.68443 0.780731 0.619753 0.253216 0.609301 0.253569 0.618994 0.281281 0.608265 0.281795 0.633817 0.253402 0.632005 0.283048 0.651768 0.255854 0.645125 0.284611 0.662844 0.257381 0.657905 0.286786 0.718609 0.751729 0.706716 0.753273 0.703308 0.722891 0.715521 0.721621 0.694409 0.754545 0.693387 0.723678 0.682704 0.755274 0.68391 0.724885 0.61984 0.30554 0.608103 0.306756 0.631528 0.306193 0.643441 0.307646 0.655048 0.309022 0.714785 0.698986 0.703216 0.700285 0.69198 0.700462 0.682722 0.700397 0.616432 0.414728 0.613938 0.438217 0.625331 0.414926 0.62589 0.440457 0.635304 0.415927 0.632044 0.441426 0.645857 0.416847 0.641545 0.442141 0.705811 0.592154 0.694357 0.593191 0.693122 0.567587 0.703317 0.566533 0.685865 0.59318 0.685423 0.56826 0.679274 0.593199 0.677895 0.568508 0.612823 0.463532 0.622999 0.463916 0.629468 0.46501 0.637853 0.466056 0.691066 0.543254 0.700417 0.54233 0.68482 0.544503 0.677919 0.545153 0.610026 0.532065 0.618128 0.532912 0.62469 0.534059 0.633238 0.53523 0.68793 0.473987 0.6943 0.472981 0.682108 0.474318 0.677041 0.474674 0.606234 0.59453 0.603472 0.593021 0.611086 0.600757 0.609043 0.597504 0.677698 0.4077 0.674927 0.410864 0.609304 0.553133 0.616897 0.554824 0.623655 0.556302 0.630692 0.558137 0.685566 0.450252 0.692085 0.450176 0.680942 0.450814 0.676415 0.451506 0.59233 0.614372 0.599731 0.634481 0.0140785 0.263419 0.0370977 0.270771 0.0564904 0.252074 0.305695 0.118681 0.305695 0.118681 </float_array>
          <technique_common>
            <accessor count="3661" offset="0" source="#meshId1-tex0-array" stride="2">
              <param name="S" type="float" />
              <param name="T" type="float" />
            </accessor>
          </technique_common>
        </source>
        <vertices id="meshId1-vertices">
          <input semantic="POSITION" source="#meshId1-positions" />
        </vertices>
        <polylist count="5552" material="defaultMaterial">
          <input offset="0" semantic="VERTEX" source="#meshId1-vertices" />
          <input offset="0" semantic="NORMAL" source="#meshId1-normals" />
          <input offset="0" semantic="TANGENT" source="#meshId1-tangents" />
          <input offset="0" semantic="BINORMAL" source="#meshId1-bitangents" />
          <input offset="0" semantic="TEXCOORD" source="#meshId1-tex0" set="0" />
          <vcount>3 3 3 3 3 3 3 3 3 3 3 3 3 3 3 3 3 3 3 3 3 3 3 3 3 3 3 3 3 3 3 3 3 3 3 3 3 3 3 3 3 3 3 3 3 3 3 3 3 3 3 3 3 3 3 3 3 3 3 3 3 3 3 3 3 3 3 3 3 3 3 3 3 3 3 3 3 3 3 3 3 3 3 3 3 3 3 3 3 3 3 3 3 3 3 3 3 3 3 3 3 3 3 3 3 3 3 3 3 3 3 3 3 3 3 3 3 3 3 3 3 3 3 3 3 3 3 3 3 3 3 3 3 3 3 3 3 3 3 3 3 3 3 3 3 3 3 3 3 3 3 3 3 3 3 3 3 3 3 3 3 3 3 3 3 3 3 3 3 3 3 3 3 3 3 3 3 3 3 3 3 3 3 3 3 3 3 3 3 3 3 3 3 3 3 3 3 3 3 3 3 3 3 3 3 3 3 3 3 3 3 3 3 3 3 3 3 3 3 3 3 3 3 3 3 3 3 3 3 3 3 3 3 3 3 3 3 3 3 3 3 3 3 3 3 3 3 3 3 3 3 3 3 3 3 3 3 3 3 3 3 3 3 3 3 3 3 3 3 3 3 3 3 3 3 3 3 3 3 3 3 3 3 3 3 3 3 3 3 3 3 3 3 3 3 3 3 3 3 3 3 3 3 3 3 3 3 3 3 3 3 3 3 3 3 3 3 3 3 3 3 3 3 3 3 3 3 3 3 3 3 3 3 3 3 3 3 3 3 3 3 3 3 3 3 3 3 3 3 3 3 3 3 3 3 3 3 3 3 3 3 3 3 3 3 3 3 3 3 3 3 3 3 3 3 3 3 3 3 3 3 3 3 3 3 3 3 3 3 3 3 3 3 3 3 3 3 3 3 3 3 3 3 3 3 3 3 3 3 3 3 3 3 3 3 3 3 3 3 3 3 3 3 3 3 3 3 3 3 3 3 3 3 3 3 3 3 3 3 3 3 3 3 3 3 3 3 3 3 3 3 3 3 3 3 3 3 3 3 3 3 3 3 3 3 3 3 3 3 3 3 3 3 3 3 3 3 3 3 3 3 3 3 3 3 3 3 3 3 3 3 3 3 3 3 3 3 3 3 3 3 3 3 3 3 3 3 3 3 3 3 3 3 3 3 3 3 3 3 3 3 3 3 3 3 3 3 3 3 3 3 3 3 3 3 3 3 3 3 3 3 3 3 3 3 3 3 3 3 3 3 3 3 3 3 3 3 3 3 3 3 3 3 3 3 3 3 3 3 3 3 3 3 3 3 3 3 3 3 3 3 3 3 3 3 3 3 3 3 3 3 3 3 3 3 3 3 3 3 3 3 3 3 3 3 3 3 3 3 3 3 3 3 3 3 3 3 3 3 3 3 3 3 3 3 3 3 3 3 3 3 3 3 3 3 3 3 3 3 3 3 3 3 3 3 3 3 3 3 3 3 3 3 3 3 3 3 3 3 3 3 3 3 3 3 3 3 3 3 3 3 3 3 3 3 3 3 3 3 3 3 3 3 3 3 3 3 3 3 3 3 3 3 3 3 3 3 3 3 3 3 3 3 3 3 3 3 3 3 3 3 3 3 3 3 3 3 3 3 3 3 3 3 3 3 3 3 3 3 3 3 3 3 3 3 3 3 3 3 3 3 3 3 3 3 3 3 3 3 3 3 3 3 3 3 3 3 3 3 3 3 3 3 3 3 3 3 3 3 3 3 3 3 3 3 3 3 3 3 3 3 3 3 3 3 3 3 3 3 3 3 3 3 3 3 3 3 3 3 3 3 3 3 3 3 3 3 3 3 3 3 3 3 3 3 3 3 3 3 3 3 3 3 3 3 3 3 3 3 3 3 3 3 3 3 3 3 3 3 3 3 3 3 3 3 3 3 3 3 3 3 3 3 3 3 3 3 3 3 3 3 3 3 3 3 3 3 3 3 3 3 3 3 3 3 3 3 3 3 3 3 3 3 3 3 3 3 3 3 3 3 3 3 3 3 3 3 3 3 3 3 3 3 3 3 3 3 3 3 3 3 3 3 3 3 3 3 3 3 3 3 3 3 3 3 3 3 3 3 3 3 3 3 3 3 3 3 3 3 3 3 3 3 3 3 3 3 3 3 3 3 3 3 3 3 3 3 3 3 3 3 3 3 3 3 3 3 3 3 3 3 3 3 3 3 3 3 3 3 3 3 3 3 3 3 3 3 3 3 3 3 3 3 3 3 3 3 3 3 3 3 3 3 3 3 3 3 3 3 3 3 3 3 3 3 3 3 3 3 3 3 3 3 3 3 3 3 3 3 3 3 3 3 3 3 3 3 3 3 3 3 3 3 3 3 3 3 3 3 3 3 3 3 3 3 3 3 3 3 3 3 3 3 3 3 3 3 3 3 3 3 3 3 3 3 3 3 3 3 3 3 3 3 3 3 3 3 3 3 3 3 3 3 3 3 3 3 3 3 3 3 3 3 3 3 3 3 3 3 3 3 3 3 3 3 3 3 3 3 3 3 3 3 3 3 3 3 3 3 3 3 3 3 3 3 3 3 3 3 3 3 3 3 3 3 3 3 3 3 3 3 3 3 3 3 3 3 3 3 3 3 3 3 3 3 3 3 3 3 3 3 3 3 3 3 3 3 3 3 3 3 3 3 3 3 3 3 3 3 3 3 3 3 3 3 3 3 3 3 3 3 3 3 3 3 3 3 3 3 3 3 3 3 3 3 3 3 3 3 3 3 3 3 3 3 3 3 3 3 3 3 3 3 3 3 3 3 3 3 3 3 3 3 3 3 3 3 3 3 3 3 3 3 3 3 3 3 3 3 3 3 3 3 3 3 3 3 3 3 3 3 3 3 3 3 3 3 3 3 3 3 3 3 3 3 3 3 3 3 3 3 3 3 3 3 3 3 3 3 3 3 3 3 3 3 3 3 3 3 3 3 3 3 3 3 3 3 3 3 3 3 3 3 3 3 3 3 3 3 3 3 3 3 3 3 3 3 3 3 3 3 3 3 3 3 3 3 3 3 3 3 3 3 3 3 3 3 3 3 3 3 3 3 3 3 3 3 3 3 3 3 3 3 3 3 3 3 3 3 3 3 3 3 3 3 3 3 3 3 3 3 3 3 3 3 3 3 3 3 3 3 3 3 3 3 3 3 3 3 3 3 3 3 3 3 3 3 3 3 3 3 3 3 3 3 3 3 3 3 3 3 3 3 3 3 3 3 3 3 3 3 3 3 3 3 3 3 3 3 3 3 3 3 3 3 3 3 3 3 3 3 3 3 3 3 3 3 3 3 3 3 3 3 3 3 3 3 3 3 3 3 3 3 3 3 3 3 3 3 3 3 3 3 3 3 3 3 3 3 3 3 3 3 3 3 3 3 3 3 3 3 3 3 3 3 3 3 3 3 3 3 3 3 3 3 3 3 3 3 3 3 3 3 3 3 3 3 3 3 3 3 3 3 3 3 3 3 3 3 3 3 3 3 3 3 3 3 3 3 3 3 3 3 3 3 3 3 3 3 3 3 3 3 3 3 3 3 3 3 3 3 3 3 3 3 3 3 3 3 3 3 3 3 3 3 3 3 3 3 3 3 3 3 3 3 3 3 3 3 3 3 3 3 3 3 3 3 3 3 3 3 3 3 3 3 3 3 3 3 3 3 3 3 3 3 3 3 3 3 3 3 3 3 3 3 3 3 3 3 3 3 3 3 3 3 3 3 3 3 3 3 3 3 3 3 3 3 3 3 3 3 3 3 3 3 3 3 3 3 3 3 3 3 3 3 3 3 3 3 3 3 3 3 3 3 3 3 3 3 3 3 3 3 3 3 3 3 3 3 3 3 3 3 3 3 3 3 3 3 3 3 3 3 3 3 3 3 3 3 3 3 3 3 3 3 3 3 3 3 3 3 3 3 3 3 3 3 3 3 3 3 3 3 3 3 3 3 3 3 3 3 3 3 3 3 3 3 3 3 3 3 3 3 3 3 3 3 3 3 3 3 3 3 3 3 3 3 3 3 3 3 3 3 3 3 3 3 3 3 3 3 3 3 3 3 3 3 3 3 3 3 3 3 3 3 3 3 3 3 3 3 3 3 3 3 3 3 3 3 3 3 3 3 3 3 3 3 3 3 3 3 3 3 3 3 3 3 3 3 3 3 3 3 3 3 3 3 3 3 3 3 3 3 3 3 3 3 3 3 3 3 3 3 3 3 3 3 3 3 3 3 3 3 3 3 3 3 3 3 3 3 3 3 3 3 3 3 3 3 3 3 3 3 3 3 3 3 3 3 3 3 3 3 3 3 3 3 3 3 3 3 3 3 3 3 3 3 3 3 3 3 3 3 3 3 3 3 3 3 3 3 3 3 3 3 3 3 3 3 3 3 3 3 3 3 3 3 3 3 3 3 3 3 3 3 3 3 3 3 3 3 3 3 3 3 3 3 3 3 3 3 3 3 3 3 3 3 3 3 3 3 3 3 3 3 3 3 3 3 3 3 3 3 3 3 3 3 3 3 3 3 3 3 3 3 3 3 3 3 3 3 3 3 3 3 3 3 3 3 3 3 3 3 3 3 3 3 3 3 3 3 3 3 3 3 3 3 3 3 3 3 3 3 3 3 3 3 3 3 3 3 3 3 3 3 3 3 3 3 3 3 3 3 3 3 3 3 3 3 3 3 3 3 3 3 3 3 3 3 3 3 3 3 3 3 3 3 3 3 3 3 3 3 3 3 3 3 3 3 3 3 3 3 3 3 3 3 3 3 3 3 3 3 3 3 3 3 3 3 3 3 3 3 3 3 3 3 3 3 3 3 3 3 3 3 3 3 3 3 3 3 3 3 3 3 3 3 3 3 3 3 3 3 3 3 3 3 3 3 3 3 3 3 3 3 3 3 3 3 3 3 3 3 3 3 3 3 3 3 3 3 3 3 3 3 3 3 3 3 3 3 3 3 3 3 3 3 3 3 3 3 3 3 3 3 3 3 3 3 3 3 3 3 3 3 3 3 3 3 3 3 3 3 3 3 3 3 3 3 3 3 3 3 3 3 3 3 3 3 3 3 3 3 3 3 3 3 3 3 3 3 3 3 3 3 3 3 3 3 3 3 3 3 3 3 3 3 3 3 3 3 3 3 3 3 3 3 3 3 3 3 3 3 3 3 3 3 3 3 3 3 3 3 3 3 3 3 3 3 3 3 3 3 3 3 3 3 3 3 3 3 3 3 3 3 3 3 3 3 3 3 3 3 3 3 3 3 3 3 3 3 3 3 3 3 3 3 3 3 3 3 3 3 3 3 3 3 3 3 3 3 3 3 3 3 3 3 3 3 3 3 3 3 3 3 3 3 3 3 3 3 3 3 3 3 3 3 3 3 3 3 3 3 3 3 3 3 3 3 3 3 3 3 3 3 3 3 3 3 3 3 3 3 3 3 3 3 3 3 3 3 3 3 3 3 3 3 3 3 3 3 3 3 3 3 3 3 3 3 3 3 3 3 3 3 3 3 3 3 3 3 3 3 3 3 3 3 3 3 3 3 3 3 3 3 3 3 3 3 3 3 3 3 3 3 3 3 3 3 3 3 3 3 3 3 3 3 3 3 3 3 3 3 3 3 3 3 3 3 3 3 3 3 3 3 3 3 3 3 3 3 3 3 3 3 3 3 3 3 3 3 3 3 3 3 3 3 3 3 3 3 3 3 3 3 3 3 3 3 3 3 3 3 3 3 3 3 3 3 3 3 3 3 3 3 3 3 3 3 3 3 3 3 3 3 3 3 3 3 3 3 3 3 3 3 3 3 3 3 3 3 3 3 3 3 3 3 3 3 3 3 3 3 3 3 3 3 3 3 3 3 3 3 3 3 3 3 3 3 3 3 3 3 3 3 3 3 3 3 3 3 3 3 3 3 3 3 3 3 3 3 3 3 3 3 3 3 3 3 3 3 3 3 3 3 3 3 3 3 3 3 3 3 3 3 3 3 3 3 3 3 3 3 3 3 3 3 3 3 3 3 3 3 3 3 3 3 3 3 3 3 3 3 3 3 3 3 3 3 3 3 3 3 3 3 3 3 3 3 3 3 3 3 3 3 3 3 3 3 3 3 3 3 3 3 3 3 3 3 3 3 3 3 3 3 3 3 3 3 3 3 3 3 3 3 3 3 3 3 3 3 3 3 3 3 3 3 3 3 3 3 3 3 3 3 3 3 3 3 3 3 3 3 3 3 3 3 3 3 3 3 3 3 3 3 3 3 3 3 3 3 3 3 3 3 3 3 3 3 3 3 3 3 3 3 3 3 3 3 3 3 3 3 3 3 3 3 3 3 3 3 3 3 3 3 3 3 3 3 3 3 3 3 3 3 3 3 3 3 3 3 3 3 3 3 3 3 3 3 3 3 3 3 3 3 3 3 3 3 3 3 3 3 3 3 3 3 3 3 3 3 3 3 3 3 3 3 3 3 3 3 3 3 3 3 3 3 3 3 3 3 3 3 3 3 3 3 3 3 3 3 3 3 3 3 3 3 3 3 3 3 3 3 3 3 3 3 3 3 3 3 3 3 3 3 3 3 3 3 3 3 3 3 3 3 3 3 3 3 3 3 3 3 3 3 3 3 3 3 3 3 3 3 3 3 3 3 3 3 3 3 3 3 3 3 3 3 3 3 3 3 3 3 3 3 3 3 3 3 3 3 3 3 3 3 3 3 3 3 3 3 3 3 3 3 3 3 3 3 3 3 3 3 3 3 3 3 3 3 3 3 3 3 3 3 3 3 3 3 3 3 3 3 3 3 3 3 3 3 3 3 3 3 3 3 3 3 3 3 3 3 3 3 3 3 3 3 3 3 3 3 3 3 3 3 3 3 3 3 3 3 3 3 3 3 3 3 3 3 3 3 3 3 3 3 3 3 3 3 3 3 3 3 3 3 3 3 3 3 3 3 3 3 3 3 3 3 3 3 3 3 3 3 3 3 3 3 3 3 3 3 3 3 3 3 3 3 3 3 3 3 3 3 3 3 3 3 3 3 3 3 3 3 3 3 3 3 3 3 3 3 3 3 3 3 3 3 3 3 3 3 3 3 3 3 3 3 3 3 3 3 3 3 3 3 3 3 3 3 3 3 3 3 3 3 3 3 3 3 3 3 3 3 3 3 3 3 3 3 3 3 3 3 3 3 3 3 3 3 3 3 3 3 3 3 3 3 3 3 3 3 3 3 3 3 3 3 3 3 3 3 3 3 3 3 3 3 3 3 3 3 3 3 3 3 3 3 3 3 3 3 3 3 3 3 3 3 3 3 3 3 3 3 3 3 3 3 3 3 3 3 3 3 3 3 3 3 3 3 3 3 3 3 3 3 3 3 3 3 3 3 3 3 3 3 3 3 3 3 3 3 3 3 3 3 3 3 3 3 3 3 3 3 3 3 3 3 3 3 3 3 3 3 3 3 3 3 3 3 3 3 3 3 3 3 3 3 3 3 3 3 3 3 3 3 3 3 3 3 3 3 3 3 3 3 3 3 3 3 3 3 3 3 3 3 3 3 3 3 3 3 3 3 3 3 3 3 3 3 3 3 3 3 3 3 3 3 3 3 3 3 3 3 3 3 3 3 3 3 3 3 3 3 3 3 3 3 3 3 3 3 3 3 3 3 3 3 3 3 3 3 3 3 3 3 3 3 3 3 3 3 3 3 3 3 3 3 3 3 3 3 3 3 3 3 3 3 3 3 3 3 3 3 3 3 3 3 3 3 3 3 3 3 3 3 3 3 3 3 3 3 3 3 3 3 3 3 3 3 3 3 3 3 3 3 3 3 3 3 3 3 3 3 3 3 3 3 3 3 3 3 3 3 3 3 3 3 3 3 3 3 3 3 3 3 3 3 3 3 3 3 3 3 3 3 3 3 3 3 3 3 3 3 3 3 3 3 3 3 3 3 3 3 3 3 3 3 3 3 3 3 3 3 3 3 3 3 3 3 3 3 3 3 3 3 3 3 3 3 3 3 3 3 3 3 3 3 3 3 3 3 3 3 3 3 3 3 3 3 3 3 3 3 3 3 3 3 3 3 3 3 3 3 3 3 3 3 3 3 3 3 3 3 3 3 3 3 3 3 3 3 3 3 3 3 3 3 3 3 3 3 3 3 3 3 3 3 3 3 3 3 3 3 3 3 3 3 3 3 3 3 3 3 3 3 3 3 3 3 3 3 3 3 3 3 3 3 3 3 3 3 3 3 3 3 3 3 3 3 3 3 3 3 3 3 3 3 3 3 3 3 3 3 3 3 3 3 3 3 3 3 3 3 3 3 3 3 3 3 3 3 3 3 3 3 3 3 3 3 3 3 3 3 3 3 3 3 3 3 3 3 3 3 3 3 3 3 3 3 3 3 3 3 3 3 3 3 3 3 3 3 3 3 3 3 3 3 3 3 3 3 3 3 3 3 3 3 3 3 3 3 3 3 3 3 3 3 3 3 3 3 3 3 3 3 3 3 3 3 3 3 3 3 3 3 3 3 3 3 3 3 3 3 3 3 3 3 3 3 3 3 3 3 3 3 3 3 3 3 3 3 3 3 3 3 3 3 3 3 3 3 3 3 3 3 3 3 3 3 3 3 3 3 3 3 3 3 3 3 3 3 3 3 3 3 3 3 3 3 3 3 3 3 3 3 3 3 3 3 3 3 3 3 3 3 3 3 3 3 3 3 3 3 3 3 3 3 3 3 3 3 3 3 3 3 3 3 3 3 3 3 3 3 3 3 3 3 3 3 3 3 3 3 3 3 3 3 3 3 3 3 3 3 3 3 3 3 3 3 3 3 3 3 3 3 3 3 3 3 3 3 3 3 3 3 3 3 3 3 3 3 3 3 3 3 3 3 3 3 3 3 3 3 3 3 3 3 3 3 3 3 3 3 3 3 3 3 3 3 3 3 3 3 3 3 3 3 3 3 3 3 3 3 3 3 3 3 3 3 3 3 3 3 3 3 3 3 3 3 3 3 3 3 3 3 3 3 3 3 3 3 3 3 3 3 3 3 3 3 3 3 3 3 3 3 3 3 3 3 3 3 3 3 3 3 3 3 3 3 3 3 3 3 3 3 3 3 3 3 3 3 3 3 3 3 3 3 3 3 3 3 3 3 3 3 3 3 3 3 3 3 3 3 3 3 3 3 3 3 3 3 3 3 3 3 3 3 3 3 3 3 3 3 3 3 3 3 3 3 3 3 3 3 3 3 3 3 3 3 3 3 3 3 3 3 3 3 3 3 3 3 3 3 3 3 3 3 3 3 3 3 3 3 3 3 3 3 3 3 3 3 3 3 3 3 3 3 3 3 3 3 3 3 3 3 3 3 3 3 3 3 3 3 3 3 3 3 3 3 3 3 3 3 3 3 3 3 3 3 3 3 3 3 3 3 3 3 3 3 3 3 3 3 3 3 3 3 3 3 3 3 3 3 3 3 3 3 3 3 3 3 3 3 3 3 3 3 3 3 3 3 3 3 3 3 3 3 3 3 3 3 3 3 3 3 3 3 3 3 3 3 3 3 3 3 3 3 3 3 3 3 3 3 3 3 3 3 3 3 3 3 3 3 3 3 3 3 3 3 3 3 3 3 3 3 3 3 3 3 3 3 3 3 3 3 3 3 3 3 3 3 3 3 3 3 3 3 3 3 3 3 3 3 3 3 3 3 3 3 3 3 3 3 3 3 3 3 3 3 3 3 3 3 3 3 3 3 3 3 3 3 3 3 3 3 3 3 3 3 3 3 3 3 3 3 3 3 3 3 3 3 3 3 3 3 3 3 3 3 3 3 3 3 3 3 3 3 3 3 3 3 3 3 3 3 3 3 3 3 3 3 3 3 3 3 3 3 3 3 3 3 3 3 3 3 3 3 3 3 3 3 3 3 3 3 3 3 3 3 3 3 3 3 3 3 3 3 3 3 3 3 3 3 3 3 3 3 3 3 3 3 3 3 3 3 3 3 3 3 3 3 3 3 3 3 3 3 3 3 3 3 3 3 3 3 3 3 3 3 3 3 3 3 3 3 3 3 3 3 3 3 3 3 3 3 3 3 3 3 3 3 3 3 3 3 3 3 3 3 3 3 3 3 3 3 3 3 3 3 3 3 3 3 3 3 3 3 3 3 3 3 3 3 3 3 3 3 3 3 3 3 3 3 3 3 3 3 3 3 3 3 3 3 3 3 3 3 3 3 3 3 3 3 3 3 3 3 3 3 3 3 3 3 3 3 3 3 3 3 3 3 3 3 3 3 3 3 3 3 3 3 3 3 3 3 3 3 3 3 3 3 3 3 3 3 3 3 3 3 3 3 3 3 3 3 3 3 3 3 3 3 3 3 3 3 3 3 3 3 3 3 3 3 3 3 3 3 3 3 3 3 3 3 3 3 3 3 3 3 3 3 3 3 3 3 3 3 3 3 3 3 3 3 3 3 3 3 3 3 3 3 3 3 3 3 3 3 3 3 3 3 3 3 3 3 3 3 3 3 3 3 3 3 3 3 3 3 3 3 3 3 3 3 3 3 3 3 3 3 3 3 3 3 3 3 3 3 3 3 3 3 3 3 3 3 3 3 3 3 3 3 3 3 3 3 3 3 3 3 3 3 3 3 3 3 3 3 3 3 3 3 3 3 3 3 3 3 3 3 3 3 3 3 3 3 3 3 3 3 3 3 3 3 3 3 3 3 3 3 3 3 3 3 3 3 3 3 3 3 3 3 3 3 3 3 3 3 3 3 3 3 3 3 3 3 3 3 3 3 3 3 3 3 3 3 3 3 3 3 3 3 3 3 3 3 3 3 3 3 3 3 3 3 3 3 3 3 3 3 3 3 3 3 3 3 3 3 3 3 3 3 3 3 3 3 3 3 3 3 3 3 3 3 3 3 3 3 3 3 3 3 3 3 3 3 3 3 3 3 3 3 3 3 3 3 3 3 3 3 3 3 3 3 3 3 3 3 3 3 3 3 3 3 3 3 3 3 3 3 3 3 3 3 3 3 3 3 3 3 3 3 3 3 3 3 3 3 3 3 3 3 3 3 3 3 3 3 3 3 3 3 3 3 3 3 3 3 3 3 3 3 3 3 3 3 3 3 3 3 3 3 3 3 3 3 3 3 3 3 3 3 3 3 3 3 3 3 3 3 3 3 3 3 3 3 3 3 3 3 3 3 3 3 3 3 3 3 3 3 3 3 3 3 3 3 3 3 3 3 3 3 3 3 3 3 3 3 3 3 3 3 3 3 3 3 3 3 3 3 3 3 3 3 3 3 3 3 3 3 3 3 3 3 3 3 3 3 3 3 3 3 3 3 3 3 3 3 3 3 3 3 3 3 3 3 3 3 3 3 3 3 3 3 3 3 3 3 3 3 3 3 3 3 3 3 3 3 3 3 3 3 3 3 3 3 3 3 3 3 3 3 3 3 3 3 3 3 3 3 3 3 3 3 3 3 3 3 3 3 3 3 3 3 3 3 3 3 3 3 3 3 3 3 3 3 3 3 3 3 3 3 3 3 3 3 3 3 3 3 3 3 3 3 3 3 3 3 3 3 3 3 3 3 3 3 3 3 3 3 3 3 3 3 3 3 3 3 3 3 3 3 3 3 3 3 3 3 3 3 3 3 3 3 3 3 3 3 3 3 3 3 3 3 3 3 3 3 3 3 3 3 3 3 3 3 3 3 3 3 3 3 3 3 3 3 3 3 3 3 3 3 3 3 3 3 3 3 3 3 3 3 3 3 3 3 3 3 3 3 3 3 3 3 3 3 3 3 3 3 3 3 3 3 3 3 3 3 3 3 3 3 3 3 3 3 3 3 3 3 3 3 3 3 3 3 3 3 3 3 3 3 3 3 3 3 3 3 3 3 3 3 3 3 3 3 3 3 3 3 3 3 3 3 3 3 3 3 3 3 3 3 3 3 3 3 3 3 3 3 3 3 3 3 3 3 3 3 3 3 3 3 3 3 3 3 3 3 3 3 3 3 3 3 3 3 3 3 3 3 3 3 3 3 3 3 3 3 3 3 3 3 3 3 3 3 3 3 3 3 3 3 3 3 3 3 3 3 3 3 3 3 3 3 3 3 3 3 3 3 3 3 3 3 3 3 3 3 3 3 3 3 3 3 3 3 3 3 3 3 3 3 3 3 3 3 3 3 3 3 3 3 3 3 3 3 3 3 3 3 3 3 3 3 3 3 3 3 3 3 3 3 3 3 3 3 3 3 3 3 3 3 3 3 3 3 3 3 3 3 3 3 3 3 3 3 3 3 3 3 3 3 3 3 3 3 3 3 3 3 3 3 3 3 3 3 3 3 3 3 3 3 3 3 3 3 3 3 3 3 3 3 3 3 3 3 3 3 3 3 3 3 3 3 3 3 3 3 3 3 3 3 3 3 3 3 3 3 3 3 3 3 3 3 3 3 3 3 3 3 3 3 3 3 3 3 3 3 3 3 3 3 3 3 3 3 3 3 3 3 3 3 3 3 3 3 3 3 3 3 3 3 3 </vcount>
          <p>3 0 1 1 2 3 1 0 4 4 5 1 5 4 6 6 7 5 7 6 8 8 9 7 11 9 8 8 10 11 11 10 12 12 13 11 17 14 15 15 16 17 17 18 19 19 14 17 18 20 21 21 19 18 20 22 23 23 21 20 25 4 0 0 24 25 25 26 6 6 4 25 26 27 8 8 6 26 10 28 29 29 12 10 31 17 16 16 30 31 32 18 17 17 31 32 18 32 33 33 20 18 20 33 34 34 22 20 3 35 24 24 0 3 29 28 36 36 37 29 25 24 38 38 39 25 26 25 39 39 40 26 40 41 27 27 26 40 35 42 38 38 24 35 46 43 44 44 45 46 44 47 48 48 45 44 47 49 50 50 48 47 49 51 52 52 50 49 56 53 54 54 55 56 53 57 58 58 54 53 58 57 59 59 60 58 62 33 32 32 61 62 62 63 34 34 33 62 62 61 59 59 64 62 63 62 64 64 65 63 59 57 66 66 64 59 67 65 64 64 66 67 69 66 57 57 68 69 70 67 66 66 69 70 69 68 71 71 72 69 70 69 72 72 73 70 75 74 40 40 39 75 41 40 74 74 43 41 77 38 42 42 76 77 38 77 75 75 39 38 75 78 79 79 74 75 79 44 43 43 74 79 81 80 77 77 76 81 80 78 75 75 77 80 82 47 44 44 79 82 84 83 78 78 80 84 83 82 79 79 78 83 85 84 80 80 81 85 51 49 86 86 87 51 89 87 86 86 88 89 89 88 90 90 91 89 93 92 91 91 90 93 93 94 95 95 92 93 97 95 94 94 96 97 99 53 56 56 98 99 53 99 71 71 68 53 53 68 57 101 100 99 99 98 101 99 100 102 102 71 99 71 102 103 103 72 71 103 104 73 73 72 103 108 105 106 106 107 108 107 106 100 100 101 107 112 109 110 110 111 112 108 112 111 111 105 108 106 105 113 113 114 106 106 114 102 102 100 106 116 111 110 110 115 116 116 113 105 105 111 116 116 117 118 118 113 116 114 113 118 118 119 114 102 114 119 119 103 102 115 120 117 117 116 115 103 119 121 121 104 103 123 122 117 117 120 123 117 122 124 124 118 117 119 118 124 124 121 119 83 125 126 126 82 83 82 126 127 127 47 82 85 128 129 129 84 85 84 129 125 125 83 84 125 130 131 131 126 125 126 131 132 132 127 126 134 133 129 129 128 134 129 133 130 130 125 129 132 131 135 135 136 132 134 137 138 138 133 134 138 139 130 130 133 138 139 135 131 131 130 139 135 140 141 141 136 135 137 142 143 143 138 137 143 144 139 139 138 143 140 135 139 139 144 140 140 145 146 146 141 140 148 147 143 143 142 148 143 147 149 149 144 143 149 145 140 140 144 149 151 150 146 146 145 151 148 152 153 153 147 148 154 149 147 147 153 154 149 154 151 151 145 149 156 155 150 150 151 156 158 157 153 153 152 158 154 153 157 157 159 154 156 151 154 154 159 156 136 141 90 90 88 136 146 93 90 90 141 146 94 93 146 146 150 94 94 150 155 155 96 94 132 86 49 49 127 132 136 88 86 86 132 136 47 127 49 161 155 156 156 160 161 156 159 162 162 160 156 157 158 163 163 164 157 162 159 157 157 164 162 160 162 165 165 166 160 161 160 166 166 167 161 169 164 163 163 168 169 162 164 169 169 165 162 165 170 171 171 166 165 167 166 171 171 172 167 169 168 173 173 174 169 170 165 169 169 174 170 170 174 175 175 176 170 177 171 170 170 176 177 172 171 177 177 178 172 175 174 173 173 179 175 181 176 175 175 180 181 177 176 181 181 182 177 182 183 178 178 177 182 180 175 179 179 184 180 109 185 186 186 110 109 120 115 187 187 188 120 123 120 188 188 189 123 115 110 186 186 187 115 191 186 185 185 190 191 193 191 190 190 192 193 195 193 192 192 194 195 197 195 194 194 196 197 199 188 187 187 198 199 189 188 199 199 200 189 198 187 186 186 191 198 198 191 193 193 201 198 199 198 201 201 202 199 200 199 202 202 203 200 202 201 204 204 205 202 206 203 202 202 205 206 204 201 193 193 195 204 208 205 204 204 207 208 205 208 209 209 206 205 197 207 204 204 195 197 8 27 28 28 10 8 28 27 41 28 41 36 46 36 41 41 43 46 211 210 31 31 30 211 31 210 61 31 61 32 60 59 61 61 210 60 215 212 213 213 214 215 217 216 212 212 215 217 219 216 217 217 218 219 221 220 219 219 218 221 220 221 222 222 223 220 222 224 225 225 223 222 229 226 227 227 228 229 231 230 226 226 229 231 233 232 230 230 231 233 235 232 233 233 234 235 213 235 234 234 214 213 215 214 236 236 237 215 217 215 237 237 238 217 218 217 238 238 239 218 221 218 239 239 240 221 241 222 221 221 240 241 242 224 222 222 241 242 244 229 228 228 243 244 244 245 231 231 229 244 246 233 231 231 245 246 247 234 233 233 246 247 214 234 247 247 236 214 239 238 248 248 249 239 240 239 249 249 250 240 251 241 240 240 250 251 238 237 252 252 248 238 237 236 253 253 252 237 236 247 254 254 253 236 246 255 254 254 247 246 255 246 245 245 256 255 245 244 257 257 256 245 257 244 243 243 258 257 259 242 241 241 251 259 255 256 260 260 261 255 263 262 249 249 248 263 254 255 261 261 264 254 252 265 263 263 248 252 252 253 266 266 265 252 264 266 253 253 254 264 268 267 257 257 258 268 270 259 251 251 269 270 251 250 271 271 269 251 250 249 262 262 271 250 260 256 257 257 267 260 265 266 272 272 273 265 263 265 273 273 274 263 262 263 274 274 275 262 275 276 271 271 262 275 277 269 271 271 276 277 269 277 278 278 270 269 280 267 268 268 279 280 281 260 267 267 280 281 261 260 281 281 282 261 282 283 264 264 261 282 264 283 272 272 266 264 283 284 285 285 272 283 273 272 285 285 286 273 274 273 286 286 287 274 275 274 287 287 288 275 276 275 288 288 289 276 277 276 289 289 290 277 291 278 277 277 290 291 293 292 280 280 279 293 294 281 280 280 292 294 295 282 281 281 294 295 283 282 295 295 284 283 285 284 296 296 297 285 298 286 285 285 297 298 298 299 287 287 286 298 287 299 300 300 288 287 289 288 300 300 301 289 290 289 301 301 302 290 303 291 290 290 302 303 305 292 293 293 304 305 306 294 292 292 305 306 295 294 306 306 307 295 284 295 307 307 296 284 311 308 309 309 310 311 313 308 311 311 312 313 315 314 313 313 312 315 319 316 317 317 318 319 321 319 318 318 320 321 323 321 320 320 322 323 325 324 308 308 313 325 309 308 324 324 326 309 328 327 321 321 323 328 321 327 329 329 319 321 329 330 316 316 319 329 313 314 331 331 325 313 335 332 333 333 334 335 337 332 335 335 336 337 341 338 339 339 340 341 343 341 340 340 342 343 345 344 343 343 342 345 334 333 346 346 347 334 312 311 348 348 349 312 351 350 333 333 332 351 315 312 349 349 352 315 353 351 332 332 337 353 356 318 354 354 355 356 358 357 338 338 341 358 320 318 359 359 360 320 343 361 358 358 341 343 362 322 320 320 360 362 344 363 361 361 343 344 311 310 364 364 348 311 350 365 346 346 333 350 347 366 335 335 334 347 336 335 366 366 367 336 371 368 369 369 370 371 375 372 373 373 374 375 377 372 375 375 376 377 381 378 379 379 380 381 383 381 380 380 382 383 369 383 382 382 370 369 385 384 373 373 372 385 368 386 387 387 369 368 388 383 369 369 387 388 388 389 381 381 383 388 390 378 381 381 389 390 377 391 385 385 372 377 395 392 393 393 394 395 397 395 394 394 396 397 401 398 399 399 400 401 403 398 401 401 402 403 405 404 403 403 402 405 407 404 405 405 406 407 375 374 408 408 409 375 411 410 392 392 395 411 376 375 409 409 412 376 411 395 397 397 413 411 380 379 414 414 415 380 398 416 417 417 399 398 418 382 380 380 415 418 403 419 416 416 398 403 420 370 382 382 418 420 421 419 403 403 404 421 371 370 420 420 422 371 404 407 423 423 421 404 425 394 393 393 424 425 394 425 426 426 396 394 430 427 428 428 429 430 432 431 430 430 429 432 434 433 431 431 432 434 438 435 436 436 437 438 440 436 435 435 439 440 442 440 439 439 441 442 432 429 443 443 444 432 434 432 444 444 445 434 435 438 446 446 447 435 448 439 435 435 447 448 449 441 439 439 448 449 443 429 428 428 450 443 454 451 452 452 453 454 458 455 456 456 457 458 460 445 444 444 459 460 462 447 446 446 461 462 448 447 462 462 463 448 449 448 463 463 464 449 443 450 465 465 466 443 444 443 466 466 459 444 470 467 468 468 469 470 454 469 468 468 451 454 474 471 472 472 473 474 474 473 456 456 455 474 476 475 471 471 474 476 476 474 455 455 458 476 478 477 475 475 476 478 478 476 458 458 457 478 482 479 480 480 481 482 482 481 453 453 452 482 467 479 482 482 468 467 451 468 482 482 452 451 486 483 484 484 485 486 488 483 486 486 487 488 490 488 487 487 489 490 494 491 492 492 493 494 496 495 494 494 493 496 498 497 495 495 496 498 486 485 499 499 500 486 501 487 486 486 500 501 502 489 487 487 501 502 493 492 503 503 504 493 496 493 504 504 505 496 506 498 496 496 505 506 510 507 508 508 509 510 514 511 512 512 513 514 510 515 516 516 507 510 501 500 517 517 518 501 509 519 515 515 510 509 502 501 518 518 520 502 522 521 512 512 511 522 526 523 524 524 525 526 527 522 511 511 514 527 528 505 523 523 526 528 513 529 527 527 514 513 532 505 530 530 531 532 516 533 508 508 507 516 517 500 499 499 534 517 538 535 536 536 537 538 540 535 538 538 539 540 542 540 539 539 541 542 546 543 544 544 545 546 548 547 546 546 545 548 550 549 547 547 548 550 540 551 552 552 535 540 535 552 553 553 536 535 555 554 547 547 549 555 547 554 556 556 546 547 556 557 543 543 546 556 558 551 540 540 542 558 562 559 560 560 561 562 564 563 562 562 561 564 566 563 564 564 565 566 570 567 568 568 569 570 574 571 572 572 573 574 577 571 575 575 576 577 580 561 578 578 579 580 579 569 581 581 580 579 583 538 537 537 582 583 562 584 585 585 559 562 539 538 583 583 586 539 587 584 562 562 563 587 541 539 586 586 588 541 566 589 587 587 563 566 545 544 590 590 591 545 593 592 567 567 570 593 594 548 545 545 591 594 595 593 570 570 571 595 550 548 594 594 596 550 597 595 571 571 577 597 436 327 328 328 437 436 387 386 330 330 329 387 495 497 390 390 389 495 384 385 598 598 599 384 324 325 600 600 601 324 603 430 431 431 602 603 430 551 558 558 427 430 488 604 605 605 483 488 391 484 606 606 607 391 598 385 391 391 607 598 484 483 605 605 606 484 605 598 607 607 606 605 325 384 599 599 600 325 324 431 433 433 326 324 431 324 601 601 602 431 552 608 609 609 553 552 554 555 610 610 611 554 613 612 494 494 495 613 615 614 436 436 440 615 617 556 554 554 616 617 618 388 387 387 329 618 388 613 495 495 389 388 556 440 442 442 557 556 615 440 556 556 617 615 613 388 618 618 619 613 490 620 604 604 488 490 612 621 491 491 494 612 554 611 622 622 616 554 623 551 430 430 603 623 551 623 608 608 552 551 625 602 601 601 624 625 626 603 602 602 625 626 601 600 627 627 624 601 624 627 626 626 625 624 329 327 614 614 618 329 327 436 614 629 302 301 301 628 629 631 630 299 299 298 631 599 598 632 632 633 599 627 600 599 599 633 627 598 605 634 634 632 598 634 627 633 633 632 634 630 635 300 300 299 630 628 301 300 300 635 628 634 605 604 637 609 608 608 636 637 623 638 636 636 608 623 603 626 638 638 623 603 631 298 297 297 639 631 640 639 297 297 296 640 640 296 307 307 641 640 643 642 305 305 304 643 645 615 617 617 644 645 641 307 306 306 646 641 611 610 647 647 648 611 616 622 644 644 617 616 302 629 649 649 303 302 651 621 612 612 650 651 651 650 622 622 652 651 306 305 642 642 646 306 648 652 622 622 611 648 622 650 645 645 644 622 619 650 612 612 613 619 653 614 615 615 645 653 619 618 614 614 653 619 645 650 619 619 653 645 657 654 655 655 656 657 659 658 654 654 657 659 661 658 659 659 660 661 661 660 662 662 663 661 663 662 664 664 665 663 665 664 666 666 667 665 656 655 668 668 669 656 669 668 670 670 671 669 671 670 672 672 673 671 672 674 675 675 673 672 675 674 676 676 677 675 677 676 678 678 679 677 675 677 680 680 681 675 681 680 682 682 683 681 685 684 683 683 682 685 684 685 686 686 687 684 689 688 687 687 686 689 689 660 659 659 688 689 691 684 687 687 690 691 669 691 690 690 656 669 681 683 692 692 693 681 692 671 673 673 693 692 673 675 681 681 693 673 669 671 692 692 691 669 692 683 684 684 691 692 690 687 688 688 694 690 688 659 657 657 694 688 657 656 690 690 694 657 680 677 679 679 695 680 660 689 696 696 662 660 662 696 697 697 664 662 697 698 666 666 664 697 696 689 686 686 699 696 696 699 700 700 697 696 701 698 697 697 700 701 699 686 685 685 702 699 703 682 680 680 695 703 685 682 703 703 702 685 707 704 705 705 706 707 707 679 678 678 704 707 711 708 709 709 710 711 713 711 710 710 712 713 715 713 712 712 714 715 717 715 714 714 716 717 721 718 719 719 720 721 725 722 723 723 724 725 727 726 723 723 722 727 726 727 728 728 729 726 731 709 708 708 730 731 731 730 729 729 728 731 701 700 732 732 733 701 735 734 718 718 721 735 667 666 734 734 735 667 698 736 734 734 666 698 714 712 679 679 707 714 707 706 716 716 714 707 722 725 719 719 718 722 734 736 727 727 722 734 718 734 722 737 728 727 727 736 737 736 698 701 701 737 736 737 701 733 733 738 737 731 728 737 737 738 731 733 709 731 731 738 733 742 739 740 740 741 742 744 739 742 742 743 744 748 745 746 746 747 748 750 749 745 745 748 750 752 749 750 750 751 752 754 752 751 751 753 754 758 755 756 756 757 758 760 759 755 755 758 760 762 759 760 760 761 762 766 763 764 764 765 766 768 763 766 766 767 768 756 769 770 770 757 756 757 770 760 760 758 757 761 760 770 770 771 761 750 748 772 772 773 750 775 774 756 756 755 775 776 751 750 750 773 776 759 777 775 775 755 759 778 753 751 751 776 778 762 779 777 777 759 762 783 780 781 781 782 783 785 784 764 764 763 785 787 786 780 780 783 787 788 785 763 763 768 788 748 747 789 789 772 748 756 774 790 790 769 756 794 791 792 792 793 794 796 795 791 791 794 796 800 797 798 798 799 800 800 799 801 801 802 800 804 803 802 802 801 804 806 805 803 803 804 806 810 807 808 808 809 810 812 811 807 807 810 812 814 811 812 812 813 814 818 815 816 816 817 818 820 819 818 818 817 820 808 821 822 822 809 808 822 812 810 810 809 822 813 812 822 822 823 813 825 801 799 799 824 825 807 826 827 827 808 807 828 804 801 801 825 828 811 829 826 826 807 811 830 806 804 804 828 830 814 831 829 829 811 814 835 832 833 833 834 835 837 815 818 818 836 837 839 838 835 835 834 839 840 836 818 818 819 840 844 841 842 842 843 844 808 827 845 845 821 808 849 846 847 847 848 849 851 850 846 846 849 851 855 852 853 853 854 855 857 855 854 854 856 857 859 858 857 857 856 859 847 860 861 861 848 847 861 851 849 849 848 861 854 853 859 859 856 854 865 862 863 863 864 865 867 866 847 847 846 867 869 862 865 865 868 869 850 870 867 867 846 850 874 871 872 872 873 874 855 875 876 876 852 855 878 877 874 874 873 878 857 879 875 875 855 857 881 880 877 877 878 881 858 882 879 879 857 858 886 883 884 884 885 886 866 887 860 860 847 866 891 888 889 889 890 891 893 892 891 891 890 893 895 894 888 888 891 895 895 891 892 892 896 895 900 897 898 898 899 900 899 898 901 901 863 899 903 900 899 899 902 903 862 902 899 899 863 862 905 904 903 903 902 905 869 905 902 902 862 869 907 906 890 890 889 907 893 890 906 906 908 893 912 909 910 910 911 912 914 913 912 912 911 914 918 915 916 916 917 918 920 918 917 917 919 920 922 921 920 920 919 922 909 923 924 924 910 909 914 911 910 910 924 914 919 917 916 916 922 919 928 925 926 926 927 928 928 927 909 909 912 928 930 929 925 925 928 930 930 928 912 912 913 930 934 931 932 932 933 934 918 934 933 933 915 918 936 931 934 934 935 936 920 935 934 934 918 920 938 936 935 935 937 938 937 935 920 920 921 937 927 926 939 939 940 927 923 909 927 927 940 923 944 941 942 942 943 944 946 943 942 942 945 946 948 944 943 943 947 948 949 947 943 943 946 949 953 950 951 951 952 953 956 952 954 954 955 956 953 957 958 958 950 953 961 953 959 959 960 961 963 962 958 958 957 963 965 963 957 957 964 965 967 966 942 942 941 967 971 968 969 969 970 971 973 791 795 795 972 973 974 792 791 791 973 974 976 888 894 894 975 976 888 976 977 977 889 888 979 978 739 739 744 979 980 740 739 739 978 980 752 981 982 982 749 752 982 983 745 745 749 982 985 800 802 802 984 985 802 803 986 986 984 802 903 987 988 988 900 903 989 987 903 903 904 989 950 958 990 990 991 950 962 992 990 990 958 962 889 977 993 993 907 889 995 994 941 941 944 995 941 994 996 996 967 941 975 894 997 997 998 975 997 792 974 974 998 997 972 795 999 999 1000 972 999 740 980 980 1000 999 900 1001 1002 1002 897 900 1003 805 1002 1002 1001 1003 986 803 805 805 1003 986 752 754 1004 1004 981 752 951 950 1005 1005 1006 951 1005 987 989 989 1006 1005 977 1007 1008 1008 993 977 995 944 1008 1008 1007 995 1008 944 948 900 988 1001 950 991 1005 991 990 1009 1009 1010 991 992 1011 1009 1009 990 992 988 987 1012 1012 1013 988 1012 987 1005 1005 1014 1012 1014 1005 991 991 1010 1014 1001 1015 1016 1016 1003 1001 1018 1017 982 982 981 1018 1020 1004 754 754 1019 1020 1019 800 985 985 1020 1019 1023 800 1021 1021 1022 1023 1019 754 1024 745 983 1025 1025 746 745 1017 1026 983 983 982 1017 1026 1027 1025 1025 983 1026 1000 980 1028 1028 1029 1000 980 978 1030 1030 1028 980 1030 978 979 979 1031 1030 1032 972 1000 1000 1029 1032 1034 998 974 974 1033 1034 974 973 1035 1035 1033 974 1036 975 998 998 1034 1036 1033 1035 1036 1036 1034 1033 1028 1030 1032 1032 1029 1028 973 972 1032 1032 1035 973 1007 977 1037 1037 1038 1007 1039 995 1007 1007 1038 1039 977 976 1040 1040 1037 977 1036 1040 976 976 975 1036 1037 1040 1039 1039 1038 1037 995 1039 1041 1041 994 995 1041 1042 996 996 994 1041 1016 1043 986 986 1003 1016 1001 988 1013 1013 1015 1001 1015 1013 1043 1043 1016 1015 1045 1004 1020 1020 1044 1045 1018 981 1004 1004 1045 1018 1020 985 1046 1046 1044 1020 1044 1046 1018 1018 1045 1044 1032 1030 1047 1047 1048 1032 1036 1035 1049 1049 1050 1036 1052 1039 1040 1040 1051 1052 1031 1053 1047 1047 1030 1031 1026 1054 1055 1055 1027 1026 1017 1056 1054 1054 1026 1017 985 986 1043 1043 1046 985 985 984 986 1050 1051 1040 1040 1036 1050 1032 1048 1049 1049 1035 1032 1041 1039 1052 1052 1057 1041 1057 1058 1042 1042 1041 1057 1060 1059 1009 1009 1011 1060 1009 1012 1014 1014 1010 1009 1018 1061 1056 1056 1017 1018 1046 1043 1062 1062 1063 1046 1061 1018 1046 1046 1063 1061 1043 1013 1064 1064 1062 1043 1064 1013 1012 1012 1065 1064 1065 1012 1009 1009 1059 1065 1063 1062 1066 1066 1067 1063 1068 1061 1063 1063 1067 1068 1062 1064 1069 1069 1066 1062 1066 1069 1068 1068 1067 1066 1070 1069 1064 1064 1065 1070 1065 1059 1071 1071 1070 1065 1068 1072 1056 1056 1061 1068 1056 1072 1073 1073 1054 1056 1074 1055 1054 1054 1073 1074 1076 1075 1047 1047 1053 1076 1048 1047 1075 1075 1077 1048 1077 1078 1049 1049 1048 1077 1050 1049 1078 1078 1079 1050 1050 1079 1080 1080 1051 1050 1081 1052 1051 1051 1080 1081 1052 1081 1082 1082 1057 1052 1057 1082 1083 1083 1058 1057 1071 1059 1060 1060 1084 1071 1071 1085 1069 1069 1070 1071 1086 1068 1069 1069 1085 1086 1088 1080 1079 1079 1087 1088 1079 1078 1089 1089 1087 1079 1088 1090 1081 1081 1080 1088 1087 1089 1090 1090 1088 1087 729 1091 1092 1092 726 729 1094 708 711 711 1093 1094 1098 1095 1096 1096 1097 1098 1097 1096 1099 1099 1100 1097 1099 1101 1102 1102 1100 1099 1104 1103 1102 1102 1101 1104 1071 1103 1104 1104 1085 1071 1105 1091 729 729 730 1105 1094 1105 730 730 708 1094 1107 1098 1097 1097 1106 1107 1108 1103 1071 1071 1084 1108 1109 1102 1103 1103 1108 1109 1100 1102 1109 1109 1110 1100 1106 1097 1100 1100 1110 1106 1081 1090 1111 1111 1082 1081 1082 1111 1112 1112 1083 1082 713 1113 1093 1093 711 713 1095 1114 1115 1115 1096 1095 1099 1096 1115 1115 1116 1099 1117 1101 1099 1099 1116 1117 1118 1104 1101 1101 1117 1118 1086 1085 1104 1104 1118 1086 1111 1090 1119 1119 1120 1111 1112 1111 1120 1120 1121 1112 1121 1120 1122 715 1123 1113 1113 713 715 1124 1123 715 715 717 1124 723 1125 1126 1126 724 723 1092 1125 723 723 726 1092 1077 1127 1089 1089 1078 1077 1128 1127 1077 1077 1075 1128 1129 1128 1075 1075 1076 1129 1073 1130 1131 1131 1074 1073 1072 1068 1086 1086 1132 1072 1073 1072 1132 1132 1130 1073 1114 1133 1134 1134 1115 1114 1134 1133 1135 1135 1136 1134 1138 1137 1127 1127 1128 1138 1086 1118 1139 1139 1132 1086 1117 1140 1139 1139 1118 1117 1117 1116 1141 1141 1140 1117 1116 1115 1134 1134 1141 1116 1138 1128 1129 1129 1142 1138 1136 1143 1141 1141 1134 1136 1141 1143 1139 1139 1140 1141 1139 1143 1130 1130 1132 1139 1131 1130 1143 1144 703 695 695 710 1144 1144 710 709 710 695 679 679 712 710 700 699 702 702 732 700 709 733 732 732 1144 709 1144 732 702 702 703 1144 1148 1145 1146 1146 1147 1148 1150 1145 1148 1148 1149 1150 1149 1151 1152 1152 1150 1149 1154 1153 1152 1152 1151 1154 1156 1153 1154 1154 1155 1156 1158 197 196 196 1157 1158 197 1158 1159 1159 207 197 1160 208 207 207 1159 1160 209 208 1160 1160 1161 209 1165 1162 1163 1163 1164 1165 1169 1166 1167 1167 1168 1169 1173 1170 1171 1171 1172 1173 1170 1173 1174 1174 1175 1170 1179 1176 1177 1177 1178 1179 1176 1180 1181 1181 1177 1176 1183 1182 1181 1181 1180 1183 1183 1184 1185 1185 1182 1183 1187 1149 1148 1148 1186 1187 1189 1188 1162 1162 1165 1189 1166 1169 1190 1190 1191 1166 1193 1173 1172 1172 1192 1193 1173 1193 1194 1194 1174 1173 1176 1179 1195 1195 1196 1176 1197 1180 1176 1176 1196 1197 1197 1198 1183 1183 1180 1197 1198 1199 1184 1184 1183 1198 1151 1149 1187 1187 1200 1151 1201 1154 1151 1151 1200 1201 1203 1199 1198 1198 1202 1203 1204 1202 1198 1198 1197 1204 1205 1204 1197 1197 1196 1205 1205 1196 1195 1195 1206 1205 1194 1193 1207 1207 1208 1194 1192 1209 1207 1207 1193 1192 1211 1191 1190 1190 1210 1211 1213 1188 1189 1189 1212 1213 1155 1154 1201 1201 1214 1155 1216 1203 1202 1202 1215 1216 1217 1215 1202 1202 1204 1217 1205 1218 1217 1217 1204 1205 1218 1205 1206 1206 1219 1218 1221 1208 1207 1207 1220 1221 1220 1207 1209 1209 1222 1220 1224 1211 1210 1210 1223 1224 1226 1225 1213 1213 1212 1226 1158 1157 1227 1227 1228 1158 1232 1229 1230 1230 1231 1232 1229 1232 1233 1233 1234 1229 1236 1234 1233 1233 1235 1236 1238 1237 1236 1236 1235 1238 1242 1239 1240 1240 1241 1242 1244 1240 1239 1239 1243 1244 1248 1245 1246 1246 1247 1248 1252 1249 1250 1250 1251 1252 1159 1158 1228 1228 1253 1159 1255 1254 1230 1230 1229 1255 1229 1234 1256 1256 1255 1229 1257 1256 1234 1234 1236 1257 1258 1257 1236 1236 1237 1258 1260 1241 1240 1240 1259 1260 1261 1259 1240 1240 1244 1261 1246 1245 1262 1262 1263 1246 1252 1264 1265 1265 1249 1252 1160 1159 1253 1253 1266 1160 1268 1267 1254 1254 1255 1268 1255 1256 1269 1269 1268 1255 1270 1269 1256 1256 1257 1270 1270 1257 1258 1258 1271 1270 1259 1272 1273 1273 1260 1259 1272 1259 1261 1261 1274 1272 1263 1262 1275 1275 1276 1263 1265 1264 1277 1277 1278 1265 1161 1160 1266 1266 1279 1161 1268 1280 1281 1281 1267 1268 1282 1280 1268 1268 1269 1282 1282 1269 1270 1270 1283 1282 1283 1270 1271 1271 1284 1283 1286 1285 1273 1273 1272 1286 1272 1274 1287 1287 1286 1272 1289 1276 1275 1275 1288 1289 1291 1290 1278 1278 1277 1291 1295 1292 1293 1293 1294 1295 1179 1178 1292 1292 1295 1179 1297 1295 1294 1294 1296 1297 1295 1297 1195 1195 1179 1295 1296 1298 1299 1299 1297 1296 1195 1297 1299 1299 1206 1195 1301 1299 1298 1298 1300 1301 1219 1206 1299 1299 1301 1219 1305 1302 1303 1303 1304 1305 1237 1238 1303 1303 1302 1237 1302 1305 1306 1306 1307 1302 1302 1307 1258 1258 1237 1302 1309 1307 1306 1306 1308 1309 1271 1258 1307 1307 1309 1271 1311 1309 1308 1308 1310 1311 1311 1284 1271 1271 1309 1311 1313 1294 1293 1293 1312 1313 1313 1312 1314 1314 1315 1313 1313 1316 1296 1296 1294 1313 1317 1316 1313 1313 1315 1317 1316 1318 1298 1298 1296 1316 1319 1318 1316 1316 1317 1319 1320 1300 1298 1298 1318 1320 1319 1321 1320 1320 1318 1319 1304 1322 1323 1323 1305 1304 1325 1324 1323 1323 1322 1325 1306 1305 1323 1323 1326 1306 1327 1326 1323 1323 1324 1327 1326 1328 1308 1308 1306 1326 1328 1326 1327 1327 1329 1328 1330 1310 1308 1308 1328 1330 1328 1329 1331 1331 1330 1328 1174 1332 1333 1333 1175 1174 1314 1333 1332 1332 1315 1314 1194 1334 1332 1332 1174 1194 1315 1332 1334 1334 1317 1315 1335 1334 1194 1194 1208 1335 1335 1319 1317 1317 1334 1335 1208 1221 1336 1336 1335 1208 1321 1319 1335 1335 1336 1321 1338 1337 1242 1242 1241 1338 1324 1325 1337 1337 1338 1324 1338 1241 1260 1260 1339 1338 1338 1339 1327 1327 1324 1338 1340 1339 1260 1260 1273 1340 1340 1329 1327 1327 1339 1340 1341 1340 1273 1273 1285 1341 1331 1329 1340 1340 1341 1331 1171 1342 1343 1343 1172 1171 1345 1343 1342 1342 1344 1345 1192 1172 1343 1343 1346 1192 1345 1347 1346 1346 1343 1345 1209 1192 1346 1346 1348 1209 1349 1348 1346 1346 1347 1349 1348 1350 1222 1222 1209 1348 1350 1348 1349 1349 1351 1350 1243 1352 1353 1353 1244 1243 1355 1353 1352 1352 1354 1355 1356 1261 1244 1244 1353 1356 1356 1353 1355 1355 1357 1356 1356 1358 1274 1274 1261 1356 1356 1357 1359 1359 1358 1356 1360 1287 1274 1274 1358 1360 1360 1358 1359 1359 1361 1360 1345 1344 1362 1362 1363 1345 1166 1363 1362 1362 1167 1166 1347 1345 1363 1363 1364 1347 1191 1364 1363 1363 1166 1191 1364 1365 1349 1349 1347 1364 1364 1191 1211 1211 1365 1364 1366 1351 1349 1349 1365 1366 1211 1224 1366 1366 1365 1211 1368 1355 1354 1354 1367 1368 1368 1367 1247 1247 1246 1368 1357 1355 1368 1368 1369 1357 1263 1369 1368 1368 1246 1263 1359 1357 1369 1369 1370 1359 1276 1370 1369 1369 1263 1276 1361 1359 1370 1370 1371 1361 1289 1371 1370 1370 1276 1289 1168 1372 1373 1373 1169 1168 1190 1169 1373 1373 1374 1190 1375 1210 1190 1190 1374 1375 1375 1376 1223 1223 1210 1375 1245 1248 1377 1377 1378 1245 1262 1245 1378 1378 1379 1262 1380 1275 1262 1262 1379 1380 1275 1380 1381 1381 1288 1275 1189 1165 1382 1382 1383 1189 1165 1164 1384 1384 1382 1165 1226 1212 1385 1385 1386 1226 1251 1387 1388 1388 1252 1251 1212 1189 1383 1383 1385 1212 1386 1385 1389 1389 1390 1386 1388 1387 1391 1391 1392 1388 1389 1385 1383 1383 1393 1389 1384 1393 1383 1383 1382 1384 1394 1186 1148 1148 1147 1394 1185 1395 1396 1396 1182 1185 1182 1396 1397 1397 1181 1182 1181 1397 1398 1398 1177 1181 1178 1177 1398 1398 1399 1178 1292 1178 1399 1399 1400 1292 1292 1400 1401 1401 1293 1292 1401 1402 1312 1312 1293 1401 1314 1312 1402 1402 1403 1314 1403 1404 1333 1333 1314 1403 1333 1404 1405 1405 1175 1333 1407 1373 1372 1372 1406 1407 1162 1407 1406 1406 1163 1162 1408 1374 1373 1373 1407 1408 1408 1407 1162 1162 1188 1408 1408 1409 1375 1375 1374 1408 1409 1408 1188 1188 1213 1409 1410 1376 1375 1375 1409 1410 1410 1409 1213 1213 1225 1410 1412 1411 1378 1378 1377 1412 1411 1412 1250 1250 1249 1411 1378 1411 1413 1413 1379 1378 1265 1413 1411 1411 1249 1265 1380 1379 1413 1413 1414 1380 1278 1414 1413 1413 1265 1278 1381 1380 1414 1414 1415 1381 1290 1415 1414 1414 1278 1290 1170 1175 1405 1405 1416 1170 1170 1416 1417 1417 1171 1170 1171 1417 1342 180 184 1146 1146 1145 180 1145 1150 181 181 180 1145 1150 1152 182 182 181 1150 1152 1153 183 183 182 1152 185 109 1418 1418 1419 185 1421 97 96 96 1420 1421 720 667 735 720 735 721 96 155 1422 1422 1420 96 155 161 1422 2 1 1423 1423 1424 2 1423 1 5 5 1425 1423 1429 1426 1427 1427 1428 1429 1431 1430 1429 1429 1428 1431 1433 1430 1431 1431 1432 1433 1435 1434 1433 1433 1432 1435 1437 1434 1435 1435 1436 1437 1439 1437 1436 1436 1438 1439 1441 1440 1439 1439 1438 1441 1426 1440 1441 1441 1427 1426 1426 1442 1443 1443 1440 1426 1445 1444 1433 1433 1434 1445 1447 1446 1434 1434 1437 1447 1443 1448 1439 1439 1440 1443 1448 1447 1437 1437 1439 1448 1434 1446 1449 1449 1445 1434 1449 1450 1444 1444 1445 1449 1452 1451 1450 1450 1449 1452 1454 1453 1451 1451 1452 1454 1456 1455 1443 1443 1442 1456 1455 1456 9 9 1457 1455 1443 1455 1458 1458 1448 1443 1457 9 1459 1459 1460 1457 1464 1461 1462 1462 1463 1464 1457 1460 1465 1465 1466 1457 1468 1466 1465 1465 1467 1468 1470 1468 1467 1467 1469 1470 1462 1461 1471 1471 1472 1462 1468 1458 1455 1455 1466 1468 1466 1455 1457 1474 1473 1470 1470 1469 1474 1474 1475 1476 1476 1473 1474 1458 1468 1470 1470 1477 1458 1478 1452 1449 1449 1446 1478 1446 1447 1479 1479 1478 1446 1452 1478 1480 1480 1454 1452 1480 1478 1479 1479 1481 1480 1447 1448 1458 1458 1477 1447 1483 1482 1429 1429 1430 1483 1482 1483 1484 1484 1485 1482 1487 1486 1485 1485 1484 1487 1486 1424 1423 1423 1485 1486 1423 1425 1482 1482 1485 1423 1429 1482 1425 1425 1426 1429 1425 5 1442 1442 1426 1425 1442 5 7 7 1456 1442 1480 1488 1489 1489 1454 1480 1454 1489 1490 1490 1453 1454 1490 1489 1491 1491 1492 1490 1494 1492 1491 1491 1493 1494 1496 1494 1493 1493 1495 1496 1498 1496 1495 1495 1497 1498 1500 1499 1498 1498 1497 1500 1499 1500 1501 1501 1502 1499 1489 1488 1503 1503 1491 1489 1503 1504 1493 1493 1491 1503 1495 1493 1504 1504 1505 1495 1497 1495 1505 1505 1506 1497 1497 1506 1507 1507 1500 1497 1508 1501 1500 1500 1507 1508 1510 1509 1503 1503 1488 1510 1509 1511 1504 1504 1503 1509 1504 1511 1512 1512 1505 1504 1512 1513 1506 1506 1505 1512 1514 1507 1506 1506 1513 1514 1514 1515 1508 1508 1507 1514 1488 1480 1481 1481 1510 1488 1508 1515 1516 1516 1517 1508 1433 1444 1483 1483 1430 1433 1484 1483 1444 1444 1518 1484 1518 1444 1450 1450 1519 1518 1502 1520 1521 1521 1499 1502 1499 1521 1522 1522 1498 1499 1523 1496 1498 1498 1522 1523 1523 1524 1494 1494 1496 1523 1525 1492 1494 1494 1524 1525 1492 1525 1526 1526 1490 1492 1527 1453 1490 1490 1526 1527 1527 1528 1451 1451 1453 1527 1528 1519 1450 1450 1451 1528 1530 1529 1519 1519 1528 1530 1529 1531 1518 1518 1519 1529 1531 1487 1484 1484 1518 1531 1533 1532 1521 1521 1520 1533 1522 1521 1532 1532 1534 1522 1522 1534 1535 1535 1523 1522 1536 1524 1523 1523 1535 1536 1536 1537 1525 1525 1524 1536 1538 1526 1525 1525 1537 1538 1538 1539 1527 1527 1526 1538 1530 1528 1527 1527 1539 1530 1464 1540 1541 1541 1461 1464 1540 1542 1543 1543 1541 1540 1542 1544 1545 1545 1543 1542 1547 1472 1471 1471 1546 1547 1465 1460 1548 1548 1549 1465 1550 1467 1465 1465 1549 1550 1469 1467 1550 1550 1551 1469 1474 1469 1551 1551 1552 1474 1552 1553 1475 1475 1474 1552 1555 1462 1472 1472 1554 1555 1556 1554 1472 1472 1547 1556 1481 1557 1558 1558 1510 1481 1476 1559 1558 1558 1557 1476 1470 1473 1560 1560 1477 1470 1477 1560 1479 1479 1447 1477 1560 1557 1481 1481 1479 1560 1476 1557 1560 1560 1473 1476 1517 1516 1561 1561 1562 1517 1564 1502 1501 1501 1563 1564 1565 1520 1502 1502 1564 1565 1501 1508 1517 1517 1563 1501 1565 1566 1533 1533 1520 1565 1517 1562 1564 1564 1563 1517 1570 1567 1568 1568 1569 1570 1569 1562 1561 1561 1570 1569 1568 1566 1565 1565 1569 1568 1564 1562 1569 1569 1565 1564 1572 1571 1511 1511 1509 1572 1558 1572 1509 1509 1510 1558 1511 1571 1512 1574 1573 1571 1571 1572 1574 1512 1571 1573 1573 1575 1512 1559 1574 1572 1572 1558 1559 1513 1512 1575 1575 1576 1513 1514 1513 1576 1576 1577 1514 1515 1514 1577 1577 1578 1515 1516 1515 1578 1578 1579 1516 1561 1516 1579 1579 1580 1561 1581 1570 1561 1561 1580 1581 1581 1582 1567 1567 1570 1581 1586 1583 1584 1584 1585 1586 1588 1586 1585 1585 1587 1588 1590 1588 1587 1587 1589 1590 1592 1590 1589 1589 1591 1592 1592 1591 1593 1593 1594 1592 1596 1594 1593 1593 1595 1596 1596 1595 1597 1597 1598 1596 1598 1597 1599 1599 1600 1598 1602 1601 1600 1600 1599 1602 1604 1582 1581 1581 1603 1604 1606 1600 1601 1601 1605 1606 1580 1579 1607 1607 1608 1580 1603 1581 1580 1580 1608 1603 1606 1609 1598 1598 1600 1606 1607 1579 1578 1578 1610 1607 1598 1609 1611 1611 1596 1598 1610 1578 1577 1577 1612 1610 1594 1596 1611 1611 1613 1594 1612 1577 1576 1576 1614 1612 1594 1613 1615 1615 1592 1594 1576 1575 1616 1616 1614 1576 1590 1592 1615 1615 1617 1590 1618 1616 1575 1575 1573 1618 1590 1617 1619 1619 1588 1590 1618 1573 1574 1574 1620 1618 1619 1621 1586 1586 1588 1619 1559 1622 1620 1620 1574 1559 1623 1583 1586 1586 1621 1623 1624 1559 1476 1476 1475 1624 1625 1622 1559 1559 1624 1625 1627 1625 1624 1624 1626 1627 1626 1624 1475 1475 1553 1626 1629 1628 1583 1583 1623 1629 1583 1628 1630 1630 1584 1583 1634 1631 1632 1632 1633 1634 1636 1635 1631 1631 1634 1636 1638 1635 1636 1636 1637 1638 1640 1638 1637 1637 1639 1640 1642 1640 1639 1639 1641 1642 1643 1629 1642 1642 1641 1643 1628 1629 1643 1643 1644 1628 1646 1639 1637 1637 1645 1646 1639 1646 1643 1643 1641 1639 1645 1637 1636 1636 1647 1645 1651 1648 1649 1649 1650 1651 1653 1651 1650 1650 1652 1653 1655 1654 1653 1653 1652 1655 1649 1648 1656 1656 1657 1649 1659 1658 1654 1654 1655 1659 1661 1658 1659 1659 1660 1661 1663 1661 1660 1660 1662 1663 1665 1664 1663 1663 1662 1665 1667 1666 1664 1664 1665 1667 1666 1667 1668 1668 1669 1666 1669 1668 1670 1670 1671 1669 1461 1541 1672 1672 1471 1461 1541 1543 1673 1673 1672 1541 1543 1545 1674 1674 1673 1543 1673 1674 1675 1675 1676 1673 1678 1676 1675 1675 1677 1678 1682 1679 1680 1680 1681 1682 1679 1683 1684 1684 1680 1679 1686 1685 1684 1684 1683 1686 1685 1686 1687 1687 1688 1685 1690 1688 1687 1687 1689 1690 1689 1691 1692 1692 1690 1689 1694 1692 1691 1691 1693 1694 1696 1694 1693 1693 1695 1696 1471 1672 1697 1697 1546 1471 1672 1673 1676 1676 1697 1672 1697 1676 1678 1678 1698 1697 1651 1555 1554 1554 1648 1651 1554 1556 1656 1656 1648 1554 1556 1699 1700 1700 1656 1556 1657 1656 1700 1700 1701 1657 1547 1698 1699 1699 1556 1547 1697 1698 1547 1547 1546 1697 1703 1681 1680 1680 1702 1703 1704 1702 1680 1680 1684 1704 1684 1685 1705 1705 1704 1684 1706 1705 1685 1685 1688 1706 1688 1690 1707 1707 1706 1688 1692 1708 1707 1707 1690 1692 1692 1694 1709 1709 1708 1692 1657 1701 1710 1710 1711 1657 1710 1712 1713 1713 1711 1710 1713 1712 1662 1662 1660 1713 1657 1714 1650 1650 1649 1657 1714 1715 1652 1652 1650 1714 1652 1715 1659 1659 1655 1652 1711 1713 1715 1715 1714 1711 1715 1713 1660 1660 1659 1715 1711 1714 1657 1717 1678 1677 1677 1716 1717 1681 1717 1716 1716 1682 1681 1717 1718 1698 1698 1678 1717 1681 1703 1718 1718 1717 1681 1719 1699 1698 1698 1718 1719 1720 1719 1718 1718 1703 1720 1721 1700 1699 1699 1719 1721 1722 1721 1719 1719 1720 1722 1668 1723 1724 1724 1670 1668 1724 1723 1722 1722 1725 1724 1667 1665 1726 1726 1727 1667 1723 1668 1667 1667 1727 1723 1665 1662 1712 1712 1726 1665 1700 1721 1728 1728 1701 1700 1722 1723 1728 1728 1721 1722 1710 1701 1728 1728 1729 1710 1726 1712 1710 1710 1729 1726 1728 1723 1727 1727 1729 1728 1727 1726 1729 1731 1730 1671 1671 1670 1731 1733 1730 1731 1731 1732 1733 1734 1731 1670 1670 1724 1734 1731 1734 1735 1735 1732 1731 1725 1736 1734 1734 1724 1725 1736 1737 1735 1735 1734 1736 1739 1733 1732 1732 1738 1739 1737 1738 1732 1732 1735 1737 1741 1740 1739 1739 1738 1741 1704 1705 1742 1742 1743 1704 1743 1742 1737 1737 1736 1743 1744 1702 1704 1704 1743 1744 1744 1743 1736 1736 1725 1744 1720 1703 1702 1702 1744 1720 1722 1720 1744 1744 1725 1722 1742 1741 1738 1738 1737 1742 1705 1706 1745 1745 1746 1705 1745 1706 1707 1707 1747 1745 1747 1707 1708 1708 1748 1747 1748 1708 1709 1709 1749 1748 1751 1749 1709 1709 1750 1751 1709 1694 1696 1696 1750 1709 1696 1695 1752 1752 1753 1696 1696 1753 1751 1751 1750 1696 1742 1705 1746 1746 1741 1742 1754 1740 1746 1746 1745 1754 1746 1740 1741 1754 1745 1747 1747 1755 1754 1756 1755 1747 1747 1748 1756 1756 1748 1749 1749 1757 1756 1749 1751 1758 1758 1757 1749 1753 1759 1758 1758 1751 1753 1759 1753 1752 1752 1760 1759 1764 1761 1762 1762 1763 1764 1763 1765 1766 1766 1764 1763 1768 1766 1765 1765 1767 1768 1772 1769 1770 1770 1771 1772 1771 1773 1774 1774 1772 1771 1776 1775 1774 1774 1773 1776 1778 1775 1776 1776 1777 1778 1782 1779 1780 1780 1781 1782 1786 1783 1784 1784 1785 1786 1790 1787 1788 1788 1789 1790 1762 1789 1788 1788 1763 1762 1765 1763 1788 1788 1791 1765 1793 1792 1783 1783 1786 1793 1788 1787 1794 1794 1791 1788 1796 1792 1793 1793 1795 1796 1798 1791 1794 1794 1797 1798 1791 1798 1767 1767 1765 1791 1802 1799 1800 1800 1801 1802 1777 1776 1803 1803 1804 1777 1806 1805 1802 1802 1801 1806 1773 1807 1803 1803 1776 1773 1809 1808 1805 1805 1806 1809 1771 1810 1807 1807 1773 1771 1808 1809 1811 1811 1812 1808 1810 1771 1770 1770 1813 1810 1799 1779 1782 1782 1800 1799 1767 1814 1815 1815 1768 1767 1770 1769 1815 1815 1814 1770 1814 1767 1798 1798 1816 1814 1814 1816 1813 1813 1770 1814 1811 1817 1818 1818 1812 1811 1820 1796 1795 1795 1819 1820 1820 1819 1818 1818 1817 1820 1816 1798 1797 1797 1821 1816 1762 1822 1823 1823 1789 1762 1824 1822 1762 1762 1761 1824 1785 1784 1825 1825 1826 1785 1828 1826 1825 1825 1827 1828 1828 1827 1829 1829 1830 1828 1832 1830 1829 1829 1831 1832 1832 1831 1833 1833 1834 1832 1834 1833 1835 1835 1836 1834 1835 1837 1838 1838 1836 1835 1839 1555 1651 1651 1653 1839 1841 1840 1823 1823 1822 1841 1842 1841 1822 1822 1824 1842 1636 1634 1843 1843 1647 1636 1843 1634 1633 1633 1844 1843 1846 1460 1459 1459 1845 1846 1460 1846 1847 1847 1548 1460 1633 1632 1848 1848 1849 1633 1848 1850 1851 1851 1849 1848 1628 1644 1852 1852 1630 1628 1643 1646 1853 1853 1644 1643 1852 1644 1853 1853 1854 1852 1851 1844 1633 1633 1849 1851 1646 1645 1855 1855 1856 1646 1645 1647 1857 1857 1855 1645 1647 1843 1858 1858 1857 1647 1843 1844 1859 1859 1858 1843 1851 1860 1859 1859 1844 1851 1789 1823 1861 1861 1790 1789 1823 1840 1862 1862 1861 1823 1864 1862 1840 1840 1863 1864 1865 1863 1840 1840 1841 1865 1866 1865 1841 1841 1842 1866 1456 7 9 1833 1831 1867 1867 1868 1833 1835 1833 1868 1868 1869 1835 1869 1870 1837 1837 1835 1869 1872 1857 1858 1858 1871 1872 1871 1858 1859 1859 1873 1871 1873 1859 1860 1860 1874 1873 1831 1829 1875 1875 1867 1831 1856 1876 1877 1877 1878 1856 1646 1856 1878 1878 1853 1646 1880 1879 1878 1878 1877 1880 1879 1854 1853 1853 1878 1879 1876 1855 1857 1857 1872 1876 1856 1855 1876 1884 1881 1882 1882 1883 1884 1886 1885 1884 1884 1883 1886 1886 1887 1888 1888 1885 1886 1890 1889 1888 1888 1887 1890 1892 1889 1890 1890 1891 1892 1891 1893 1894 1894 1892 1891 1896 1894 1893 1893 1895 1896 1897 1896 1895 1895 1882 1897 1882 1898 1899 1899 1883 1882 1883 1899 1900 1900 1886 1883 1886 1900 1901 1901 1887 1886 1901 1902 1890 1890 1887 1901 1890 1902 1903 1903 1891 1890 1891 1903 1904 1904 1893 1891 1893 1904 1905 1905 1895 1893 1895 1905 1898 1898 1882 1895 1907 1906 2 2 1424 1907 1909 1906 1907 1907 1908 1909 1913 1910 1911 1911 1912 1913 1911 1914 1915 1915 1912 1911 1915 1914 1916 1916 1917 1915 1916 1918 1919 1919 1917 1916 1919 1918 1920 1920 1921 1919 1921 1920 1922 1922 1923 1921 1922 1924 1925 1925 1923 1922 1925 1924 1910 1910 1913 1925 1927 1926 1910 1910 1924 1927 1916 1928 1929 1929 1918 1916 1918 1930 1931 1931 1920 1918 1922 1932 1927 1927 1924 1922 1920 1931 1932 1932 1922 1920 1933 1930 1918 1918 1929 1933 1928 1934 1933 1933 1929 1928 1934 1935 1936 1936 1933 1934 1935 1937 1938 1938 1936 1935 1927 1939 1940 1940 1926 1927 1942 1940 1939 1939 1941 1942 1943 1939 1927 1927 1932 1943 1945 1942 1941 1941 1944 1945 1949 1946 1947 1947 1948 1949 1951 1944 1941 1941 1950 1951 1951 1950 1952 1952 1953 1951 1953 1952 1954 1954 1955 1953 1957 1946 1949 1949 1956 1957 1939 1943 1952 1952 1950 1939 1950 1941 1939 1954 1958 1959 1959 1955 1954 1961 1960 1959 1959 1958 1961 1954 1952 1943 1943 1962 1954 1933 1936 1963 1963 1930 1933 1964 1931 1930 1930 1963 1964 1965 1963 1936 1936 1938 1965 1964 1963 1965 1965 1966 1964 1943 1932 1931 1931 1962 1943 1911 1967 1968 1968 1914 1911 1970 1968 1967 1967 1969 1970 1969 1486 1487 1487 1970 1969 1907 1424 1486 1486 1969 1907 1967 1908 1907 1907 1969 1967 1908 1967 1911 1911 1910 1908 1926 1909 1908 1908 1910 1926 1971 1909 1926 1926 1940 1971 1973 1972 1965 1965 1938 1973 1974 1973 1938 1938 1937 1974 1976 1973 1974 1974 1975 1976 1976 1975 1977 1977 1978 1976 1978 1977 1979 1979 1980 1978 1980 1979 1981 1981 1982 1980 1981 1983 1984 1984 1982 1981 1986 1984 1983 1983 1985 1986 1987 1972 1973 1973 1976 1987 1978 1988 1987 1987 1976 1978 1988 1978 1980 1980 1989 1988 1989 1980 1982 1982 1990 1989 1991 1990 1982 1982 1984 1991 1984 1986 1992 1992 1991 1984 1987 1993 1994 1994 1972 1987 1988 1995 1993 1993 1987 1988 1996 1995 1988 1988 1989 1996 1990 1997 1996 1996 1989 1990 1990 1991 1998 1998 1997 1990 1992 1999 1998 1998 1991 1992 1966 1965 1972 1972 1994 1966 2001 1999 1992 1992 2000 2001 1968 1928 1916 1916 1914 1968 1928 1968 1970 1970 2002 1928 1934 1928 2002 2002 2003 1934 2005 2004 1985 1985 1983 2005 2006 2005 1983 1983 1981 2006 1981 1979 2007 2007 2006 1981 1977 2008 2007 2007 1979 1977 1977 1975 2009 2009 2008 1977 2010 2009 1975 1975 1974 2010 1974 1937 2011 2011 2010 1974 1935 2012 2011 2011 1937 1935 1934 2003 2012 2012 1935 1934 2003 1529 1530 1530 2012 2003 2002 1531 1529 1529 2003 2002 1970 1487 1531 1531 2002 1970 2005 1532 1533 1533 2004 2005 1532 2005 2006 2006 1534 1532 1535 1534 2006 2006 2007 1535 2007 2008 1536 1536 1535 2007 2009 1537 1536 1536 2008 2009 2009 2010 1538 1538 1537 2009 2011 1539 1538 1538 2010 2011 2011 2012 1530 1530 1539 2011 2014 2013 1947 1947 1946 2014 2016 2015 2013 2013 2014 2016 1545 1544 2015 2015 2016 1545 1957 1956 2017 2017 2018 1957 2020 1944 1951 1951 2019 2020 1951 1953 2021 2021 2019 1951 2021 1953 1955 1955 2022 2021 2022 1955 1959 1959 2023 2022 1960 2024 2023 2023 1959 1960 1956 1949 2025 2025 2026 1956 1956 2026 2027 2027 2017 1956 2029 2028 1966 1966 1994 2029 2029 2030 1961 1961 2028 2029 2031 1958 1954 1954 1962 2031 1964 2031 1962 1962 1931 1964 1966 2028 2031 2031 1964 1966 2031 2028 1961 1961 1958 2031 2033 2001 2000 2000 2032 2033 1986 1985 2034 2034 2035 1986 1985 2004 2036 2036 2034 1985 2000 1992 1986 1986 2035 2000 1533 1566 2036 2036 2004 1533 2034 2032 2000 2000 2035 2034 1568 1567 2037 2037 2038 1568 2033 2032 2038 2038 2037 2033 2036 1566 1568 1568 2038 2036 2038 2032 2034 2034 2036 2038 1995 2039 2040 2040 1993 1995 1993 2040 2029 2029 1994 1993 1995 1996 2039 2039 2041 2042 2042 2040 2039 2041 2039 1996 1996 2043 2041 2040 2042 2030 2030 2029 2040 2043 1996 1997 1997 2044 2043 2044 1997 1998 1998 2045 2044 2045 1998 1999 1999 2046 2045 2046 1999 2001 2001 2047 2046 2047 2001 2033 2033 2048 2047 2033 2037 2049 2049 2048 2033 1567 1582 2049 2049 2037 1567 1584 2050 2051 2051 1585 1584 1585 2051 2052 2052 1587 1585 1587 2052 2053 2053 1589 1587 1589 2053 2054 2054 1591 1589 1593 1591 2054 2054 2055 1593 1593 2055 2056 2056 1595 1593 1597 1595 2056 2056 2057 1597 1599 1597 2057 2057 2058 1599 2058 2059 1602 1602 1599 2058 2049 1582 1604 1604 2060 2049 2059 2058 2061 2061 2062 2059 2064 2047 2048 2048 2063 2064 2048 2049 2060 2060 2063 2048 2057 2065 2061 2061 2058 2057 2046 2047 2064 2064 2066 2046 2067 2065 2057 2057 2056 2067 2045 2046 2066 2066 2068 2045 2067 2056 2055 2055 2069 2067 2044 2045 2068 2068 2070 2044 2071 2069 2055 2055 2054 2071 2072 2043 2044 2044 2070 2072 2071 2054 2053 2053 2073 2071 2043 2072 2074 2074 2041 2043 2075 2073 2053 2053 2052 2075 2042 2041 2074 2074 2076 2042 2051 2077 2075 2075 2052 2051 2076 2078 2030 2030 2042 2076 2051 2050 2079 2079 2077 2051 1961 2030 2080 2080 1960 1961 2030 2078 2081 2081 2080 2030 2080 2081 2082 2082 2083 2080 1960 2080 2083 2083 2024 1960 2050 2084 2085 2085 2079 2050 1630 2084 2050 2050 1584 1630 2089 2086 2087 2087 2088 2089 2086 2090 2091 2091 2087 2086 2091 2090 2092 2092 2093 2091 2093 2092 2094 2094 2095 2093 2095 2094 2096 2096 2097 2095 2096 2085 2098 2098 2097 2096 2098 2085 2084 2084 2099 2098 2093 2095 2100 2100 2101 2093 2098 2100 2095 2095 2097 2098 2091 2093 2101 2101 2102 2091 2106 2103 2104 2104 2105 2106 2105 2104 2107 2107 2108 2105 2107 2109 2110 2110 2108 2107 2112 2103 2106 2106 2111 2112 2109 2113 2114 2114 2110 2109 2114 2113 2115 2115 2116 2114 2116 2115 2117 2117 2118 2116 2117 2119 2120 2120 2118 2117 2119 2121 2122 2122 2120 2119 2124 2122 2121 2121 2123 2124 2126 2124 2123 2123 2125 2126 2127 2014 1946 1946 1957 2127 2128 2016 2014 2014 2127 2128 1674 1545 2016 2016 2128 1674 1675 1674 2128 2128 2129 1675 1675 2129 2130 2130 1677 1675 2132 1679 1682 1682 2131 2132 2133 1683 1679 1679 2132 2133 2133 2134 1686 1686 1683 2133 1687 1686 2134 2134 2135 1687 1687 2135 2136 2136 1689 1687 2137 1691 1689 1689 2136 2137 1691 2137 2138 2138 1693 1691 1693 2138 2139 2139 1695 1693 2140 2127 1957 1957 2018 2140 2129 2128 2127 2127 2140 2129 2130 2129 2140 2140 2141 2130 2026 2025 2104 2104 2103 2026 2112 2027 2026 2026 2103 2112 2143 2142 2027 2027 2112 2143 2143 2112 2111 2111 2144 2143 2142 2141 2017 2017 2027 2142 2017 2141 2140 2140 2018 2017 2132 2131 2145 2145 2146 2132 2132 2146 2147 2147 2133 2132 2148 2134 2133 2133 2147 2148 2134 2148 2149 2149 2135 2134 2150 2136 2135 2135 2149 2150 2150 2151 2137 2137 2136 2150 2152 2138 2137 2137 2151 2152 2154 2144 2111 2111 2153 2154 2156 2155 2154 2154 2153 2156 2118 2155 2156 2156 2116 2118 2105 2157 2111 2111 2106 2105 2108 2158 2157 2157 2105 2108 2114 2158 2108 2108 2110 2114 2158 2156 2153 2153 2157 2158 2116 2156 2158 2158 2114 2116 2153 2111 2157 1677 2130 2159 2159 1716 1677 1716 2159 2131 2131 1682 1716 2141 2160 2159 2159 2130 2141 2160 2145 2131 2131 2159 2160 2141 2142 2161 2161 2160 2141 2160 2161 2162 2162 2145 2160 2142 2143 2163 2163 2161 2142 2161 2163 2164 2164 2162 2161 2166 2165 2124 2124 2126 2166 2164 2165 2166 2166 2167 2164 2169 2120 2122 2122 2168 2169 2122 2124 2165 2165 2168 2122 2155 2118 2120 2120 2169 2155 2170 2163 2143 2143 2144 2170 2170 2165 2164 2164 2163 2170 2170 2144 2154 2154 2171 2170 2154 2155 2169 2169 2171 2154 2168 2165 2170 2170 2171 2168 2168 2171 2169 2125 2172 2173 2173 2126 2125 2173 2172 2174 2174 2175 2173 2126 2173 2176 2176 2166 2126 2177 2176 2173 2173 2175 2177 2176 2178 2167 2167 2166 2176 2177 2179 2178 2178 2176 2177 2175 2174 2180 2180 2181 2175 2175 2181 2179 2179 2177 2175 2180 2182 2183 2183 2181 2180 2185 2148 2147 2147 2184 2185 2179 2185 2184 2184 2178 2179 2147 2146 2186 2186 2184 2147 2178 2184 2186 2186 2167 2178 2146 2145 2162 2162 2186 2146 2186 2162 2164 2164 2167 2186 2181 2183 2185 2185 2179 2181 2188 2149 2148 2148 2187 2188 2150 2149 2188 2188 2189 2150 2151 2150 2189 2189 2190 2151 2152 2151 2190 2190 2191 2152 2152 2191 2192 2192 2193 2152 2139 2138 2152 2152 2193 2139 1752 1695 2139 2139 2194 1752 2192 2194 2139 2139 2193 2192 2187 2148 2185 2185 2183 2187 2187 2182 2195 2195 2188 2187 2187 2183 2182 2189 2188 2195 2195 2196 2189 2189 2196 2197 2197 2190 2189 2191 2190 2197 2197 2198 2191 2198 2199 2192 2192 2191 2198 2200 2194 2192 2192 2199 2200 1752 2194 2200 2200 1760 1752 2202 1761 1764 1764 2201 2202 1766 2203 2201 2201 1764 1766 2203 1766 1768 1768 2204 2203 2206 1769 1772 1772 2205 2206 1774 2207 2205 2205 1772 1774 1774 1775 2208 2208 2207 1774 2208 1775 1778 1778 2209 2208 2213 2210 2211 2211 2212 2213 2217 2214 2215 2215 2216 2217 2221 2218 2219 2219 2220 2221 2221 2220 2202 2202 2201 2221 2221 2201 2203 2203 2222 2221 2214 2223 2224 2224 2215 2214 2225 2218 2221 2221 2222 2225 2227 2224 2223 2223 2226 2227 2225 2222 2228 2228 2229 2225 2204 2228 2222 2222 2203 2204 2233 2230 2231 2231 2232 2233 2235 2208 2209 2209 2234 2235 2231 2236 2237 2237 2232 2231 2235 2238 2207 2207 2208 2235 2236 2239 2240 2240 2237 2236 2238 2241 2205 2205 2207 2238 2243 2240 2239 2239 2242 2243 2206 2205 2241 2241 2244 2206 2211 2210 2230 2230 2233 2211 1815 2245 2204 2204 1768 1815 1815 1769 2206 2206 2245 1815 2228 2204 2245 2245 2246 2228 2244 2246 2245 2245 2206 2244 2248 2247 2243 2243 2242 2248 2227 2226 2249 2249 2250 2227 2248 2250 2249 2249 2247 2248 2229 2228 2246 2246 2251 2229 2253 2252 2202 2202 2220 2253 2202 2252 1824 1824 1761 2202 2255 2217 2216 2216 2254 2255 2255 2254 2256 2256 2257 2255 2259 2257 2256 2256 2258 2259 2262 2258 2260 2260 2261 2262 2264 2261 2260 2260 2263 2264 2266 2264 2263 2263 2265 2266 2268 2267 2266 2266 2265 2268 2104 2025 2269 2269 2107 2104 2253 2270 2271 2271 2252 2253 2252 2271 1842 1842 1824 2252 2272 2087 2091 2091 2102 2272 2088 2087 2272 2272 2273 2088 1945 1944 2274 2274 2275 1945 2276 2274 1944 1944 2020 2276 2278 2089 2088 2088 2277 2278 2280 2279 2278 2278 2277 2280 1852 2099 2084 2084 1630 1852 2281 2100 2098 2098 2099 2281 2281 2099 1852 1852 1854 2281 2088 2273 2280 2280 2277 2088 2283 2101 2100 2100 2282 2283 2284 2102 2101 2101 2283 2284 2285 2272 2102 2102 2284 2285 2286 2273 2272 2272 2285 2286 2286 2287 2280 2280 2273 2286 2288 2253 2220 2220 2219 2288 2289 2270 2253 2253 2288 2289 2270 2289 2290 2290 2291 2270 2270 2291 2292 2292 2271 2270 2271 2292 1866 1866 1842 2271 1940 1942 1971 2296 2293 2294 2294 2295 2296 2295 2294 2297 2297 2298 2295 2300 2299 2298 2298 2297 2300 2285 2284 2301 2301 2302 2285 2286 2285 2302 2302 2303 2286 2287 2286 2303 2303 2304 2287 2306 2305 2293 2293 2296 2306 2309 2307 2282 2282 2308 2309 2308 2282 2100 2100 2281 2308 2308 1879 1880 1880 2309 2308 2281 1854 1879 1879 2308 2281 2284 2283 2307 2307 2301 2284 2282 2307 2283 2313 2310 2311 2311 2312 2313 2311 2314 2315 2315 2312 2311 2317 2316 2315 2315 2314 2317 2317 2318 2319 2319 2316 2317 2319 2318 2320 2320 2321 2319 2323 2322 2321 2321 2320 2323 2322 2323 2324 2324 2325 2322 2325 2324 2326 2326 2313 2325 2328 2327 2313 2313 2312 2328 2329 2328 2312 2312 2315 2329 2330 2329 2315 2315 2316 2330 2319 2331 2330 2330 2316 2319 2332 2331 2319 2319 2321 2332 2333 2332 2321 2321 2322 2333 2334 2333 2322 2322 2325 2334 2327 2334 2325 2325 2313 2327 2 1906 2335 2335 3 2 2336 2335 1906 1906 1909 2336 2337 2336 1909 1909 1971 2337 2338 2337 1971 1971 1942 2338 2338 1942 2339 2339 2340 2338 2342 2340 2339 2339 2341 2342 2346 2343 2344 2344 2345 2346 2348 2347 2343 2343 2346 2348 2350 2349 2347 2347 2348 2350 23 22 2349 2349 2350 23 2335 2336 2351 2351 2352 2335 2337 2353 2351 2351 2336 2337 2338 2354 2353 2353 2337 2338 2356 2355 2340 2340 2342 2356 2344 2343 2357 2357 2358 2344 2343 2347 2359 2359 2357 2343 2360 2359 2347 2347 2349 2360 34 2360 2349 2349 22 34 2352 35 3 3 2335 2352 2362 2355 2356 2356 2361 2362 2364 2352 2351 2351 2363 2364 2363 2351 2353 2353 2365 2363 2354 2366 2365 2365 2353 2354 2364 42 35 35 2352 2364 2370 2367 2368 2368 2369 2370 2372 2371 2370 2370 2369 2372 2374 2373 2371 2371 2372 2374 2376 2375 2373 2373 2374 2376 2380 2377 2378 2378 2379 2380 2382 2381 2377 2377 2380 2382 2384 2381 2382 2382 2383 2384 2359 2360 2385 2385 2386 2359 34 63 2385 2385 2360 34 2384 2386 2385 2385 2387 2384 2387 2385 63 63 65 2387 2388 2381 2384 2384 2387 2388 2387 65 67 67 2388 2387 2381 2388 2389 2389 2390 2381 2388 67 70 70 2389 2388 2392 2390 2389 2389 2391 2392 2391 2389 70 70 73 2391 2365 2393 2394 2394 2363 2365 2393 2365 2366 2366 2367 2393 42 2364 2395 2395 76 42 2394 2395 2364 2364 2363 2394 2397 2396 2394 2394 2393 2397 2367 2370 2397 2397 2393 2367 2395 2398 81 81 76 2395 2394 2396 2398 2398 2395 2394 2370 2371 2399 2399 2397 2370 2396 2400 2401 2401 2398 2396 2397 2399 2400 2400 2396 2397 2398 2401 85 85 81 2398 2403 2373 2375 2375 2402 2403 2403 2402 2404 2404 2405 2403 2407 2405 2404 2404 2406 2407 2406 2408 2409 2409 2407 2406 2411 2410 2409 2409 2408 2411 2410 2411 2412 2412 2413 2410 2378 2377 2414 2414 2415 2378 2392 2414 2377 2377 2390 2392 2377 2381 2390 2414 2416 2417 2417 2415 2414 2418 2416 2414 2414 2392 2418 2419 2418 2392 2392 2391 2419 73 104 2419 2419 2391 73 2423 2420 2421 2421 2422 2423 2416 2423 2422 2422 2417 2416 2427 2424 2425 2425 2426 2427 2426 2425 2421 2421 2420 2426 2429 2420 2423 2423 2428 2429 2418 2428 2423 2423 2416 2418 2427 2426 2430 2430 2431 2427 2420 2429 2430 2430 2426 2420 2433 2432 2430 2430 2429 2433 2433 2429 2428 2428 2434 2433 2434 2428 2418 2418 2419 2434 2432 2435 2431 2431 2430 2432 121 2434 2419 2419 104 121 2432 122 123 123 2435 2432 124 122 2432 2432 2433 124 124 2433 2434 2434 121 124 2437 2436 2400 2400 2399 2437 2438 2437 2399 2399 2371 2438 2439 128 85 85 2401 2439 2436 2439 2401 2401 2400 2436 2441 2440 2436 2436 2437 2441 2442 2441 2437 2437 2438 2442 2439 2443 134 134 128 2439 2440 2443 2439 2439 2436 2440 2445 2441 2442 2442 2444 2445 2446 137 134 134 2443 2446 2440 2447 2446 2446 2443 2440 2441 2445 2447 2447 2440 2441 2449 2448 2445 2445 2444 2449 2450 142 137 137 2446 2450 2447 2451 2450 2450 2446 2447 2447 2445 2448 2448 2451 2447 2453 2452 2448 2448 2449 2453 2450 2454 148 148 142 2450 2455 2454 2450 2450 2451 2455 2448 2452 2455 2455 2451 2448 2453 2456 2457 2457 2452 2453 2458 152 148 148 2454 2458 2454 2455 2459 2459 2458 2454 2457 2459 2455 2455 2452 2457 2456 2460 2461 2461 2457 2456 2458 2462 158 158 152 2458 2462 2458 2459 2459 2463 2462 2459 2457 2461 2461 2463 2459 2407 2449 2444 2444 2405 2407 2407 2409 2453 2453 2449 2407 2453 2409 2410 2410 2456 2453 2460 2456 2410 2410 2413 2460 2373 2403 2442 2442 2438 2373 2403 2405 2444 2444 2442 2403 2371 2373 2438 2461 2460 2464 2464 2465 2461 2466 2463 2461 2461 2465 2466 163 158 2462 2462 2467 163 2462 2463 2466 2466 2467 2462 2469 2466 2465 2465 2468 2469 2468 2465 2464 2464 2470 2468 163 2467 2471 2471 168 163 2471 2467 2466 2466 2469 2471 2473 2472 2469 2469 2468 2473 2473 2468 2470 2470 2474 2473 173 168 2471 2471 2475 173 2471 2469 2472 2472 2475 2471 2477 2475 2472 2472 2476 2477 2472 2473 2478 2478 2476 2472 2478 2473 2474 2474 2479 2478 173 2475 2477 2477 179 173 2477 2476 2480 2480 2481 2477 2480 2476 2478 2478 2482 2480 2479 2483 2482 2482 2478 2479 179 2477 2481 2481 184 179 2485 2484 2424 2424 2427 2485 2487 2431 2435 2435 2486 2487 2486 2435 123 123 189 2486 2485 2427 2431 2431 2487 2485 2484 2485 2488 2488 2489 2484 2489 2488 2490 2490 2491 2489 2491 2490 2492 2492 2493 2491 2493 2492 2494 2494 2495 2493 2487 2486 2496 2496 2497 2487 2496 2486 189 189 200 2496 2485 2487 2497 2497 2488 2485 2490 2488 2497 2497 2498 2490 2498 2497 2496 2496 2499 2498 2499 2496 200 200 203 2499 2501 2498 2499 2499 2500 2501 2499 203 206 206 2500 2499 2490 2498 2501 2501 2492 2490 2501 2500 2502 2502 2503 2501 209 2502 2500 2500 206 209 2501 2503 2494 2494 2492 2501 2355 2354 2338 2338 2340 2355 2355 2366 2354 2355 2362 2366 2366 2362 2368 2368 2367 2366 2357 2504 2505 2505 2358 2357 2357 2386 2504 2357 2359 2386 2386 2384 2383 2383 2504 2386 2509 2506 2507 2507 2508 2509 2506 2510 2511 2511 2507 2506 2511 2510 2512 2512 2513 2511 2512 2514 2515 2515 2513 2512 2517 2515 2514 2514 2516 2517 2519 2518 2517 2517 2516 2519 2523 2520 2521 2521 2522 2523 2520 2524 2525 2525 2521 2520 2524 2526 2527 2527 2525 2524 2527 2526 2528 2528 2529 2527 2529 2528 2509 2509 2508 2529 2531 2508 2507 2507 2530 2531 2530 2507 2511 2511 2532 2530 2532 2511 2513 2513 2533 2532 2533 2513 2515 2515 2534 2533 2515 2517 2535 2535 2534 2515 2517 2518 2536 2536 2535 2517 2522 2521 2537 2537 2538 2522 2525 2539 2537 2537 2521 2525 2525 2527 2540 2540 2539 2525 2527 2529 2541 2541 2540 2527 2541 2529 2508 2508 2531 2541 2543 2532 2533 2533 2542 2543 2542 2533 2534 2534 2544 2542 2534 2535 2545 2545 2544 2534 2546 2530 2532 2532 2543 2546 2547 2531 2530 2530 2546 2547 2548 2541 2531 2531 2547 2548 2548 2549 2540 2540 2541 2548 2539 2540 2549 2549 2550 2539 2551 2537 2539 2539 2550 2551 2538 2537 2551 2551 2552 2538 2535 2536 2553 2553 2545 2535 2555 2550 2549 2549 2554 2555 2542 2556 2557 2557 2543 2542 2554 2549 2548 2548 2558 2554 2557 2559 2546 2546 2543 2557 2560 2547 2546 2546 2559 2560 2547 2560 2558 2558 2548 2547 2551 2561 2562 2562 2552 2551 2545 2553 2563 2563 2564 2545 2565 2544 2545 2545 2564 2565 2556 2542 2544 2544 2565 2556 2551 2550 2555 2555 2561 2551 2567 2560 2559 2559 2566 2567 2566 2559 2557 2557 2568 2566 2568 2557 2556 2556 2569 2568 2565 2570 2569 2569 2556 2565 2565 2564 2571 2571 2570 2565 2572 2571 2564 2564 2563 2572 2562 2561 2573 2573 2574 2562 2561 2555 2575 2575 2573 2561 2575 2555 2554 2554 2576 2575 2558 2577 2576 2576 2554 2558 2567 2577 2558 2558 2560 2567 2579 2578 2577 2577 2567 2579 2579 2567 2566 2566 2580 2579 2580 2566 2568 2568 2581 2580 2581 2568 2569 2569 2582 2581 2582 2569 2570 2570 2583 2582 2583 2570 2571 2571 2584 2583 2571 2572 2585 2585 2584 2571 2573 2586 2587 2587 2574 2573 2573 2575 2588 2588 2586 2573 2575 2576 2589 2589 2588 2575 2589 2576 2577 2577 2578 2589 2591 2578 2579 2579 2590 2591 2579 2580 2592 2592 2590 2579 2581 2593 2592 2592 2580 2581 2594 2593 2581 2581 2582 2594 2594 2582 2583 2583 2595 2594 2595 2583 2584 2584 2596 2595 2584 2585 2597 2597 2596 2584 2587 2586 2598 2598 2599 2587 2586 2588 2600 2600 2598 2586 2600 2588 2589 2589 2601 2600 2601 2589 2578 2578 2591 2601 2605 2602 2603 2603 2604 2605 2603 2602 2606 2606 2607 2603 2606 2608 2609 2609 2607 2606 2613 2610 2611 2611 2612 2613 2612 2611 2614 2614 2615 2612 2615 2614 2616 2616 2617 2615 2602 2618 2619 2619 2606 2602 2618 2602 2605 2605 2620 2618 2614 2621 2622 2622 2616 2614 2623 2621 2614 2614 2611 2623 2610 2624 2623 2623 2611 2610 2625 2608 2606 2606 2619 2625 2629 2626 2627 2627 2628 2629 2627 2626 2630 2630 2631 2627 2635 2632 2633 2633 2634 2635 2634 2633 2636 2636 2637 2634 2636 2638 2639 2639 2637 2636 2641 2629 2628 2628 2640 2641 2643 2603 2607 2607 2642 2643 2629 2644 2645 2645 2626 2629 2642 2607 2609 2609 2646 2642 2626 2645 2647 2647 2630 2626 2650 2612 2648 2648 2649 2650 2632 2651 2652 2652 2633 2632 2654 2612 2615 2615 2653 2654 2652 2655 2636 2636 2633 2652 2615 2656 2657 2657 2653 2615 2655 2658 2638 2638 2636 2655 2659 2604 2603 2603 2643 2659 2641 2660 2644 2644 2629 2641 2627 2661 2640 2640 2628 2627 2661 2627 2631 2631 2662 2661 2666 2663 2664 2664 2665 2666 2670 2667 2668 2668 2669 2670 2668 2667 2671 2671 2672 2668 2676 2673 2674 2674 2675 2676 2675 2674 2677 2677 2678 2675 2678 2677 2666 2666 2665 2678 2670 2679 2680 2680 2667 2670 2682 2681 2663 2663 2666 2682 2666 2677 2683 2683 2682 2666 2674 2684 2683 2683 2677 2674 2674 2673 2685 2685 2684 2674 2680 2686 2671 2671 2667 2680 2690 2687 2688 2688 2689 2690 2689 2688 2691 2691 2692 2689 2696 2693 2694 2694 2695 2696 2694 2693 2697 2697 2698 2694 2697 2699 2700 2700 2698 2697 2700 2699 2701 2701 2702 2700 2704 2669 2668 2668 2703 2704 2687 2705 2706 2706 2688 2687 2703 2668 2672 2672 2707 2703 2691 2688 2706 2706 2708 2691 2710 2676 2675 2675 2709 2710 2712 2711 2693 2693 2696 2712 2715 2678 2713 2713 2714 2715 2711 2716 2697 2697 2693 2711 2678 2665 2717 2717 2718 2678 2697 2716 2719 2719 2699 2697 2717 2665 2664 2664 2720 2717 2721 2701 2699 2699 2719 2721 2690 2689 2722 2722 2723 2690 2724 2722 2689 2689 2692 2724 2728 2725 2726 2726 2727 2728 2726 2729 2730 2730 2727 2726 2729 2731 2732 2732 2730 2729 2736 2733 2734 2734 2735 2736 2733 2736 2737 2737 2738 2733 2738 2737 2739 2739 2740 2738 2742 2727 2730 2730 2741 2742 2741 2730 2732 2732 2743 2741 2745 2734 2733 2733 2744 2745 2733 2738 2746 2746 2744 2733 2738 2740 2747 2747 2746 2738 2728 2727 2742 2742 2748 2728 2752 2749 2750 2750 2751 2752 2756 2753 2754 2754 2755 2756 2741 2743 2757 2757 2758 2741 2745 2744 2759 2759 2760 2745 2759 2744 2746 2746 2761 2759 2761 2746 2747 2747 2762 2761 2764 2748 2742 2742 2763 2764 2763 2742 2741 2741 2758 2763 2768 2765 2766 2766 2767 2768 2768 2767 2750 2750 2749 2768 2772 2769 2770 2770 2771 2772 2756 2771 2770 2770 2753 2756 2769 2773 2774 2774 2770 2769 2753 2770 2774 2774 2754 2753 2773 2775 2776 2776 2774 2773 2754 2774 2776 2776 2755 2754 2780 2777 2778 2778 2779 2780 2751 2779 2778 2778 2752 2751 2778 2777 2765 2765 2768 2778 2778 2768 2749 2749 2752 2778 2784 2781 2782 2782 2783 2784 2782 2781 2785 2785 2786 2782 2786 2785 2787 2787 2788 2786 2792 2789 2790 2790 2791 2792 2790 2793 2794 2794 2791 2790 2793 2795 2796 2796 2794 2793 2798 2783 2782 2782 2797 2798 2782 2786 2799 2799 2797 2782 2786 2788 2800 2800 2799 2786 2802 2792 2791 2791 2801 2802 2801 2791 2794 2794 2803 2801 2794 2796 2804 2804 2803 2794 2808 2805 2806 2806 2807 2808 2812 2809 2810 2810 2811 2812 2814 2813 2806 2806 2805 2814 2816 2797 2799 2799 2815 2816 2813 2817 2807 2807 2806 2813 2815 2799 2800 2800 2818 2815 2812 2819 2820 2820 2809 2812 2824 2821 2822 2822 2823 2824 2809 2820 2825 2825 2810 2809 2821 2826 2827 2827 2822 2821 2825 2828 2811 2811 2810 2825 2831 2826 2829 2829 2830 2831 2808 2832 2814 2814 2805 2808 2798 2797 2816 2816 2833 2798 2837 2834 2835 2835 2836 2837 2835 2834 2838 2838 2839 2835 2839 2838 2840 2840 2841 2839 2845 2842 2843 2843 2844 2845 2843 2846 2847 2847 2844 2843 2846 2848 2849 2849 2847 2846 2851 2850 2838 2838 2834 2851 2852 2851 2834 2834 2837 2852 2846 2853 2854 2854 2848 2846 2855 2853 2846 2846 2843 2855 2842 2856 2855 2855 2843 2842 2838 2850 2857 2857 2840 2838 2861 2858 2859 2859 2860 2861 2859 2862 2863 2863 2860 2859 2863 2862 2864 2864 2865 2863 2865 2866 2867 2867 2868 2865 2867 2869 2870 2870 2868 2867 2870 2869 2871 2871 2861 2870 2861 2860 2863 2863 2870 2861 2865 2868 2870 2870 2863 2865 2836 2835 2872 2872 2873 2836 2875 2874 2859 2859 2858 2875 2872 2835 2839 2839 2876 2872 2859 2874 2877 2877 2862 2859 2876 2839 2841 2841 2878 2876 2877 2879 2864 2864 2862 2877 2881 2845 2844 2844 2880 2881 2866 2882 2883 2883 2867 2866 2844 2847 2884 2884 2880 2844 2867 2883 2885 2885 2869 2867 2884 2847 2849 2849 2886 2884 2869 2885 2887 2887 2871 2869 2622 2621 2736 2736 2735 2622 2624 2681 2682 2682 2623 2624 2685 2795 2793 2793 2684 2685 2889 2680 2679 2679 2888 2889 2891 2619 2618 2618 2890 2891 2729 2726 2892 2892 2893 2729 2857 2850 2726 2726 2725 2857 2895 2894 2785 2785 2781 2895 2897 2784 2686 2686 2896 2897 2686 2680 2889 2889 2896 2686 2895 2781 2784 2784 2897 2895 2896 2889 2895 2895 2897 2896 2888 2679 2619 2619 2891 2888 2731 2729 2618 2618 2620 2731 2890 2618 2729 2729 2893 2890 2899 2898 2851 2851 2852 2899 2901 2854 2853 2853 2900 2901 2790 2902 2903 2903 2793 2790 2736 2904 2905 2905 2737 2736 2853 2855 2906 2906 2907 2853 2682 2683 2908 2908 2623 2682 2793 2903 2683 2683 2684 2793 2739 2737 2855 2855 2856 2739 2855 2737 2905 2905 2906 2855 2908 2683 2903 2903 2909 2908 2894 2910 2787 2787 2785 2894 2789 2911 2902 2902 2790 2789 2912 2900 2853 2853 2907 2912 2726 2850 2913 2913 2892 2726 2898 2913 2850 2850 2851 2898 2890 2893 2914 2914 2915 2890 2893 2892 2916 2916 2914 2893 2917 2891 2890 2890 2915 2917 2916 2917 2915 2915 2914 2916 2904 2621 2623 2623 2908 2904 2621 2904 2736 2595 2596 2918 2918 2919 2595 2593 2920 2921 2921 2592 2593 2923 2889 2888 2888 2922 2923 2888 2891 2917 2917 2922 2888 2924 2895 2889 2889 2923 2924 2922 2917 2924 2924 2923 2922 2594 2925 2920 2920 2593 2594 2594 2595 2919 2919 2925 2594 2924 2894 2895 2898 2899 2926 2926 2927 2898 2927 2928 2913 2913 2898 2927 2928 2916 2892 2892 2913 2928 2590 2592 2921 2921 2929 2590 2590 2929 2930 2930 2591 2590 2601 2591 2930 2930 2931 2601 2598 2932 2933 2933 2599 2598 2906 2905 2934 2934 2935 2906 2600 2601 2931 2931 2936 2600 2938 2901 2900 2900 2937 2938 2935 2912 2907 2907 2906 2935 2939 2918 2596 2596 2597 2939 2902 2911 2940 2940 2941 2902 2912 2941 2940 2940 2942 2912 2932 2598 2600 2600 2936 2932 2912 2942 2937 2937 2900 2912 2934 2941 2912 2912 2935 2934 2902 2941 2909 2909 2903 2902 2905 2904 2943 2943 2934 2905 2904 2908 2909 2909 2943 2904 2909 2941 2934 2934 2943 2909 2947 2944 2945 2945 2946 2947 2944 2948 2949 2949 2945 2944 2949 2948 2950 2950 2951 2949 2953 2951 2950 2950 2952 2953 2955 2953 2952 2952 2954 2955 2957 2955 2954 2954 2956 2957 2959 2947 2946 2946 2958 2959 2961 2959 2958 2958 2960 2961 2963 2961 2960 2960 2962 2963 2965 2964 2963 2963 2962 2965 2967 2964 2965 2965 2966 2967 2969 2967 2966 2966 2968 2969 2971 2966 2965 2965 2970 2971 2973 2971 2970 2970 2972 2973 2972 2974 2975 2975 2973 2972 2977 2975 2974 2974 2976 2977 2976 2978 2979 2979 2977 2976 2949 2951 2979 2979 2978 2949 2976 2974 2980 2980 2981 2976 2981 2980 2958 2958 2946 2981 2983 2972 2970 2970 2982 2983 2962 2960 2983 2983 2982 2962 2970 2965 2962 2962 2982 2970 2983 2960 2958 2958 2980 2983 2974 2972 2983 2983 2980 2974 2978 2976 2981 2981 2984 2978 2945 2949 2978 2978 2984 2945 2981 2946 2945 2945 2984 2981 2968 2966 2971 2971 2985 2968 2986 2979 2951 2951 2953 2986 2987 2986 2953 2953 2955 2987 2957 2988 2987 2987 2955 2957 2977 2979 2986 2986 2989 2977 2990 2989 2986 2986 2987 2990 2987 2988 2991 2991 2990 2987 2975 2977 2989 2989 2992 2975 2971 2973 2993 2993 2985 2971 2993 2973 2975 2975 2992 2993 2997 2994 2995 2995 2996 2997 2969 2968 2995 2995 2994 2969 3001 2998 2999 2999 3000 3001 3000 2999 3002 3002 3003 3000 3003 3002 3004 3004 3005 3003 3005 3004 3006 3006 3007 3005 3011 3008 3009 3009 3010 3011 3015 3012 3013 3013 3014 3015 3015 3016 3017 3017 3012 3015 3019 3017 3016 3016 3018 3019 2998 3001 3020 3020 3021 2998 3018 3021 3020 3020 3019 3018 3023 2990 2991 2991 3022 3023 3008 3024 3025 3025 3009 3008 3024 2957 2956 2956 3025 3024 3024 3026 2988 2988 2957 3024 2968 3003 3005 3005 2995 2968 3007 2996 2995 2995 3005 3007 3011 3013 3012 3012 3008 3011 3017 3026 3024 3024 3012 3017 3008 3012 3024 3017 3019 3027 3027 3026 3017 2991 2988 3026 3026 3027 2991 3022 2991 3027 3027 3028 3022 3027 3019 3020 3020 3028 3027 3020 3001 3022 3022 3028 3020 3032 3029 3030 3030 3031 3032 3030 3029 3033 3033 3034 3030 3038 3035 3036 3036 3037 3038 3035 3039 3040 3040 3036 3035 3040 3039 3041 3041 3042 3040 3042 3041 3043 3043 3044 3042 3048 3045 3046 3046 3047 3048 3045 3049 3050 3050 3046 3045 3050 3049 3051 3051 3052 3050 3056 3053 3054 3054 3055 3056 3054 3053 3057 3057 3058 3054 3060 3059 3048 3048 3047 3060 3050 3060 3047 3047 3046 3050 3060 3050 3052 3052 3061 3060 3063 3036 3040 3040 3062 3063 3048 3064 3065 3065 3045 3048 3040 3042 3066 3066 3062 3040 3065 3067 3049 3049 3045 3065 3042 3044 3068 3068 3066 3042 3067 3069 3051 3051 3049 3067 3073 3070 3071 3071 3072 3073 3056 3074 3075 3075 3053 3056 3070 3076 3077 3077 3071 3070 3053 3075 3078 3078 3057 3053 3079 3037 3036 3036 3063 3079 3080 3064 3048 3048 3059 3080 3084 3081 3082 3082 3083 3084 3081 3085 3086 3086 3082 3081 3090 3087 3088 3088 3089 3090 3092 3089 3088 3088 3091 3092 3091 3093 3094 3094 3092 3091 3093 3095 3096 3096 3094 3093 3100 3097 3098 3098 3099 3100 3097 3101 3102 3102 3098 3097 3102 3101 3103 3103 3104 3102 3108 3105 3106 3106 3107 3108 3106 3109 3110 3110 3107 3106 3112 3111 3100 3100 3099 3112 3098 3102 3112 3112 3099 3098 3112 3102 3104 3104 3113 3112 3089 3092 3114 3114 3115 3089 3117 3116 3097 3097 3100 3117 3092 3094 3118 3118 3114 3092 3116 3119 3101 3101 3097 3116 3094 3096 3120 3120 3118 3094 3119 3121 3103 3103 3101 3119 3125 3122 3123 3123 3124 3125 3106 3105 3126 3126 3127 3106 3123 3128 3129 3129 3124 3123 3106 3127 3130 3130 3109 3106 3134 3131 3132 3132 3133 3134 3135 3117 3100 3100 3111 3135 3139 3136 3137 3137 3138 3139 3136 3140 3141 3141 3137 3136 3145 3142 3143 3143 3144 3145 3144 3143 3146 3146 3147 3144 3146 3148 3149 3149 3147 3146 3151 3150 3139 3139 3138 3151 3137 3141 3151 3151 3138 3137 3149 3145 3144 3144 3147 3149 3155 3152 3153 3153 3154 3155 3139 3156 3157 3157 3136 3139 3153 3152 3158 3158 3159 3153 3157 3160 3140 3140 3136 3157 3164 3161 3162 3162 3163 3164 3166 3165 3143 3143 3142 3166 3162 3167 3168 3168 3163 3162 3165 3169 3146 3146 3143 3165 3167 3170 3171 3171 3168 3167 3169 3172 3148 3148 3146 3169 3176 3173 3174 3174 3175 3176 3150 3177 3156 3156 3139 3150 3181 3178 3179 3179 3180 3181 3179 3182 3183 3183 3180 3179 3178 3184 3185 3185 3179 3178 3182 3179 3185 3185 3186 3182 3190 3187 3188 3188 3189 3190 3191 3190 3189 3189 3155 3191 3189 3188 3192 3192 3193 3189 3189 3193 3152 3152 3155 3189 3192 3194 3195 3195 3193 3192 3193 3195 3158 3158 3152 3193 3180 3196 3197 3197 3181 3180 3196 3180 3183 3183 3198 3196 3202 3199 3200 3200 3201 3202 3200 3203 3204 3204 3201 3200 3208 3205 3206 3206 3207 3208 3207 3206 3209 3209 3210 3207 3209 3211 3212 3212 3210 3209 3214 3213 3199 3199 3202 3214 3202 3201 3204 3204 3214 3202 3208 3207 3210 3210 3212 3208 3218 3215 3216 3216 3217 3218 3199 3217 3216 3216 3200 3199 3215 3219 3220 3220 3216 3215 3200 3216 3220 3220 3203 3200 3224 3221 3222 3222 3223 3224 3223 3222 3206 3206 3205 3223 3222 3221 3225 3225 3226 3222 3222 3226 3209 3209 3206 3222 3226 3225 3227 3227 3228 3226 3209 3226 3228 3228 3211 3209 3230 3218 3217 3217 3229 3230 3217 3199 3213 3213 3229 3217 3234 3231 3232 3232 3233 3234 3238 3235 3236 3236 3237 3238 3233 3232 3239 3239 3240 3233 3235 3241 3242 3242 3236 3235 3246 3243 3244 3244 3245 3246 3249 3245 3247 3247 3248 3249 3251 3250 3244 3244 3243 3251 3254 3244 3252 3252 3253 3254 3251 3255 3256 3256 3250 3251 3250 3256 3257 3257 3258 3250 3234 3259 3260 3260 3231 3234 3262 3238 3237 3237 3261 3262 3085 3081 3263 3263 3264 3085 3081 3084 3265 3265 3263 3081 3184 3178 3266 3266 3267 3184 3268 3266 3178 3178 3181 3268 3029 3269 3270 3270 3033 3029 3029 3032 3271 3271 3269 3029 3273 3272 3041 3041 3039 3273 3035 3274 3273 3273 3039 3035 3091 3088 3275 3275 3276 3091 3277 3093 3091 3091 3276 3277 3279 3278 3192 3192 3188 3279 3192 3278 3280 3280 3194 3192 3282 3251 3243 3243 3281 3282 3282 3283 3255 3255 3251 3282 3284 3268 3181 3181 3197 3284 3231 3285 3286 3286 3232 3231 3287 3285 3231 3231 3260 3287 3289 3184 3267 3267 3288 3289 3265 3084 3289 3289 3288 3265 3291 3085 3264 3264 3290 3291 3271 3032 3291 3291 3290 3271 3293 3292 3188 3188 3187 3293 3293 3095 3294 3294 3292 3293 3095 3093 3277 3277 3294 3095 3295 3043 3041 3041 3272 3295 3297 3243 3246 3246 3296 3297 3280 3278 3297 3297 3296 3280 3299 3298 3268 3268 3284 3299 3299 3232 3286 3286 3298 3299 3299 3239 3232 3188 3292 3279 3243 3297 3281 3301 3282 3281 3281 3300 3301 3301 3302 3283 3283 3282 3301 3304 3278 3279 3279 3303 3304 3297 3278 3304 3304 3305 3297 3281 3297 3305 3305 3300 3281 3307 3306 3292 3292 3294 3307 3273 3308 3309 3309 3272 3273 3043 3295 3310 3310 3311 3043 3275 3088 3311 3311 3310 3275 3314 3088 3312 3312 3313 3314 3311 3315 3043 3316 3274 3035 3035 3038 3316 3274 3317 3308 3308 3273 3274 3316 3318 3317 3317 3274 3316 3320 3271 3290 3290 3319 3320 3321 3269 3271 3271 3320 3321 3270 3269 3321 3321 3322 3270 3290 3264 3323 3323 3319 3290 3265 3288 3324 3324 3325 3265 3326 3263 3265 3265 3325 3326 3288 3267 3327 3327 3324 3288 3327 3326 3325 3325 3324 3327 3323 3321 3320 3320 3319 3323 3323 3264 3263 3263 3326 3323 3329 3268 3298 3298 3328 3329 3298 3286 3330 3330 3328 3298 3331 3266 3268 3268 3329 3331 3266 3331 3327 3327 3267 3266 3330 3331 3329 3329 3328 3330 3332 3330 3286 3286 3285 3332 3287 3333 3332 3332 3285 3287 3277 3334 3307 3307 3294 3277 3303 3279 3292 3292 3306 3303 3334 3303 3306 3306 3307 3334 3310 3295 3335 3335 3336 3310 3295 3272 3309 3309 3335 3295 3337 3275 3310 3310 3336 3337 3309 3337 3336 3336 3335 3309 3339 3321 3323 3323 3338 3339 3341 3326 3327 3327 3340 3341 3331 3330 3342 3342 3343 3331 3339 3344 3322 3322 3321 3339 3346 3345 3317 3317 3318 3346 3345 3347 3308 3308 3317 3345 3334 3277 3275 3275 3337 3334 3275 3277 3276 3331 3343 3340 3340 3327 3331 3341 3338 3323 3323 3326 3341 3342 3330 3332 3332 3348 3342 3333 3349 3348 3348 3332 3333 3301 3350 3351 3351 3302 3301 3305 3304 3301 3301 3300 3305 3347 3352 3309 3309 3308 3347 3354 3334 3337 3337 3353 3354 3337 3309 3352 3352 3353 3337 3355 3303 3334 3334 3354 3355 3304 3303 3355 3355 3356 3304 3301 3304 3356 3356 3350 3301 3358 3354 3353 3353 3357 3358 3353 3352 3359 3359 3357 3353 3360 3355 3354 3354 3358 3360 3359 3360 3358 3358 3357 3359 3355 3360 3361 3361 3356 3355 3362 3350 3356 3356 3361 3362 3347 3363 3359 3359 3352 3347 3364 3363 3347 3347 3345 3364 3345 3346 3365 3365 3364 3345 3339 3366 3367 3367 3344 3339 3366 3339 3338 3338 3368 3366 3341 3369 3368 3368 3338 3341 3369 3341 3340 3340 3370 3369 3371 3370 3340 3340 3343 3371 3343 3342 3372 3372 3371 3343 3373 3372 3342 3342 3348 3373 3374 3373 3348 3348 3349 3374 3351 3350 3362 3362 3375 3351 3360 3376 3362 3362 3361 3360 3360 3359 3377 3377 3376 3360 3370 3371 3378 3378 3379 3370 3380 3369 3370 3370 3379 3380 3372 3381 3378 3378 3371 3372 3381 3380 3379 3379 3378 3381 3383 3382 3018 3018 3016 3383 2999 2998 3384 3384 3385 2999 3389 3386 3387 3387 3388 3389 3391 3389 3388 3388 3390 3391 3393 3392 3391 3391 3390 3393 3393 3394 3395 3395 3392 3393 3395 3394 3362 3362 3376 3395 3018 3382 3396 3396 3021 3018 3021 3396 3384 3384 2998 3021 3388 3387 3397 3397 3398 3388 3362 3394 3399 3399 3375 3362 3394 3393 3400 3400 3399 3394 3400 3393 3390 3390 3401 3400 3390 3388 3398 3398 3401 3390 3402 3381 3372 3372 3373 3402 3403 3402 3373 3373 3374 3403 3385 3404 3002 3002 2999 3385 3406 3405 3386 3386 3389 3406 3406 3389 3391 3391 3407 3406 3391 3392 3408 3408 3407 3391 3392 3395 3409 3409 3408 3392 3395 3376 3377 3377 3409 3395 3411 3381 3402 3402 3410 3411 3410 3402 3403 3403 3412 3410 3412 3413 3410 3404 3414 3004 3004 3002 3404 3004 3414 3415 3415 3006 3004 3417 3416 3015 3015 3014 3417 3015 3416 3383 3383 3016 3015 3380 3418 3368 3368 3369 3380 3368 3418 3419 3419 3366 3368 3366 3419 3420 3420 3367 3366 3422 3421 3364 3364 3365 3422 3377 3359 3363 3363 3423 3377 3423 3363 3364 3364 3421 3423 3425 3424 3405 3405 3406 3425 3427 3424 3425 3425 3426 3427 3418 3428 3429 3429 3419 3418 3430 3409 3377 3377 3423 3430 3430 3431 3408 3408 3409 3430 3432 3407 3408 3408 3431 3432 3425 3406 3407 3407 3432 3425 3420 3419 3429 3429 3433 3420 3432 3434 3426 3426 3425 3432 3430 3434 3432 3432 3431 3430 3421 3434 3430 3430 3423 3421 3422 3434 3421 2985 2993 3435 3435 3000 2985 3435 3001 3000 2968 2985 3000 3000 3003 2968 2992 2989 2990 2990 3023 2992 3023 3022 3001 3001 3435 3023 2992 3023 3435 3435 2993 2992 1146 3436 3437 3437 1147 1146 3437 3436 3438 3438 3439 3437 3441 3440 3439 3439 3438 3441 3441 3442 3443 3443 3440 3441 3443 3442 3444 3444 3445 3443 2495 2494 3446 3446 3447 2495 3448 3446 2494 2494 2503 3448 2503 2502 3449 3449 3448 2503 3449 2502 209 209 1161 3449 1163 3450 3451 3451 1164 1163 1167 3452 3453 3453 1168 1167 3457 3454 3455 3455 3456 3457 3459 3455 3454 3454 3458 3459 3463 3460 3461 3461 3462 3463 3465 3464 3460 3460 3463 3465 3465 3466 3467 3467 3464 3465 3469 3468 3467 3467 3466 3469 3437 3439 3470 3470 3471 3437 3450 3472 3473 3473 3451 3450 3475 3453 3452 3452 3474 3475 3456 3455 3476 3476 3477 3456 3478 3476 3455 3455 3459 3478 3480 3461 3460 3460 3479 3480 3460 3464 3481 3481 3479 3460 3467 3482 3481 3481 3464 3467 3468 3483 3482 3482 3467 3468 3470 3439 3440 3440 3484 3470 3440 3443 3485 3485 3484 3440 3482 3483 3486 3486 3487 3482 3482 3487 3488 3488 3481 3482 3481 3488 3489 3489 3479 3481 3480 3479 3489 3489 3490 3480 3492 3476 3478 3478 3491 3492 3492 3493 3477 3477 3476 3492 3475 3474 3494 3494 3495 3475 3473 3472 3496 3496 3497 3473 3485 3443 3445 3445 3498 3485 3487 3486 3499 3499 3500 3487 3487 3500 3501 3501 3488 3487 3501 3502 3489 3489 3488 3501 3490 3489 3502 3502 3503 3490 3492 3491 3504 3504 3505 3492 3493 3492 3505 3505 3506 3493 3495 3494 3507 3507 3508 3495 3496 3509 3510 3510 3497 3496 3512 3447 3446 3446 3511 3512 3516 3513 3514 3514 3515 3516 3518 3514 3513 3513 3517 3518 3518 3517 3519 3519 3520 3518 3519 3521 3522 3522 3520 3519 3526 3523 3524 3524 3525 3526 3523 3526 3527 3527 3528 3523 3532 3529 3530 3530 3531 3532 3536 3533 3534 3534 3535 3536 3511 3446 3448 3448 3537 3511 3516 3538 3539 3539 3513 3516 3540 3517 3513 3513 3539 3540 3517 3540 3541 3541 3519 3517 3519 3541 3542 3542 3521 3519 3526 3525 3543 3543 3544 3526 3526 3544 3545 3545 3527 3526 3547 3529 3532 3532 3546 3547 3549 3548 3534 3534 3533 3549 3537 3448 3449 3449 3550 3537 3538 3551 3552 3552 3539 3538 3553 3540 3539 3539 3552 3553 3540 3553 3554 3554 3541 3540 3542 3541 3554 3554 3555 3542 3557 3556 3544 3544 3543 3557 3545 3544 3556 3556 3558 3545 3560 3547 3546 3546 3559 3560 3562 3548 3549 3549 3561 3562 3550 3449 1161 1161 1279 3550 1281 1280 3552 3552 3551 1281 3552 1280 1282 1282 3553 3552 3554 3553 1282 1282 1283 3554 3555 3554 1283 1283 1284 3555 3557 1285 1286 1286 3556 3557 1287 3558 3556 3556 1286 1287 3560 3559 1289 1289 1288 3560 3561 1290 1291 1291 3562 3561 3566 3563 3564 3564 3565 3566 3563 3462 3461 3461 3564 3563 3565 3564 3567 3567 3568 3565 3480 3567 3564 3564 3461 3480 3570 3569 3568 3568 3567 3570 3570 3567 3480 3480 3490 3570 3569 3570 3571 3571 3572 3569 3570 3490 3503 3503 3571 3570 3576 3573 3574 3574 3575 3576 3576 3522 3521 3521 3573 3576 3578 3574 3573 3573 3577 3578 3542 3577 3573 3573 3521 3542 3578 3577 3579 3579 3580 3578 3577 3542 3555 3555 3579 3577 3580 3579 1311 1311 1310 3580 3555 1284 1311 1311 3579 3555 3566 3565 3581 3581 3582 3566 3584 3582 3581 3581 3583 3584 3568 3585 3581 3581 3565 3568 3581 3585 3586 3586 3583 3581 3569 3587 3585 3585 3568 3569 3585 3587 3588 3588 3586 3585 3569 3572 3589 3589 3587 3569 3589 3590 3588 3588 3587 3589 3592 3591 3575 3575 3574 3592 3592 3593 3594 3594 3591 3592 3592 3574 3578 3578 3595 3592 3592 3595 3596 3596 3593 3592 3580 3597 3595 3595 3578 3580 3596 3595 3597 3597 3598 3596 3580 1310 1330 1330 3597 3580 1331 3598 3597 3597 1330 1331 3600 3599 3459 3459 3458 3600 3599 3600 3584 3584 3583 3599 3599 3601 3478 3478 3459 3599 3601 3599 3583 3583 3586 3601 3478 3601 3602 3602 3491 3478 3586 3588 3602 3602 3601 3586 3603 3504 3491 3491 3602 3603 3602 3588 3590 3590 3603 3602 3524 3604 3605 3605 3525 3524 3604 3594 3593 3593 3605 3604 3543 3525 3605 3605 3606 3543 3596 3606 3605 3605 3593 3596 3543 3606 3607 3607 3557 3543 3596 3598 3607 3607 3606 3596 3557 3607 1341 1341 1285 3557 3607 3598 1331 1331 1341 3607 3608 1342 3457 3457 3456 3608 1342 3608 3609 3609 1344 1342 3608 3456 3477 3477 3610 3608 3610 3611 3609 3609 3608 3610 3610 3477 3493 3493 3612 3610 3610 3612 3613 3613 3611 3610 3506 3614 3612 3612 3493 3506 3613 3612 3614 3614 3615 3613 3617 3616 3528 3528 3527 3617 3616 3617 3618 3618 3619 3616 3527 3545 3620 3620 3617 3527 3618 3617 3620 3620 3621 3618 3558 3622 3620 3620 3545 3558 3623 3621 3620 3620 3622 3623 3558 1287 1360 1360 3622 3558 3623 3622 1360 1360 1361 3623 1362 1344 3609 3609 3624 1362 1362 3624 3452 3452 1167 1362 3624 3609 3611 3611 3625 3624 3624 3625 3474 3474 3452 3624 3613 3626 3625 3625 3611 3613 3494 3474 3625 3625 3626 3494 3613 3615 3627 3627 3626 3613 3627 3507 3494 3494 3626 3627 3619 3618 3628 3628 3629 3619 3531 3629 3628 3628 3532 3531 3628 3618 3621 3621 3630 3628 3628 3630 3546 3546 3532 3628 3630 3621 3623 3623 3631 3630 3630 3631 3559 3559 3546 3630 3631 3623 1361 1361 1371 3631 3631 1371 1289 1289 3559 3631 3632 1372 1168 1168 3453 3632 3632 3453 3475 3475 3633 3632 3475 3495 3634 3634 3633 3475 3508 3635 3634 3634 3495 3508 3637 3530 3529 3529 3636 3637 3636 3529 3547 3547 3638 3636 3547 3560 3639 3639 3638 3547 1381 3639 3560 3560 1288 1381 3641 3451 3473 3473 3640 3641 1384 1164 3451 3451 3641 1384 3643 3497 3510 3510 3642 3643 3645 3644 3535 3535 3534 3645 3640 3473 3497 3497 3643 3640 1389 3643 3642 3642 1390 1389 1391 3644 3645 3645 1392 1391 3640 3643 1389 1389 1393 3640 3640 1393 1384 1384 3641 3640 3437 3471 1394 1394 1147 3437 1396 1395 3469 3469 3466 1396 1397 1396 3466 3466 3465 1397 1398 1397 3465 3465 3463 1398 1398 3463 3462 3462 1399 1398 1399 3462 3563 3563 1400 1399 1401 1400 3563 3563 3566 1401 3582 1402 1401 1401 3566 3582 1402 3582 3584 3584 1403 1402 3600 1404 1403 1403 3584 3600 1405 1404 3600 3600 3458 1405 1372 3632 3646 3646 1406 1372 1406 3646 3450 3450 1163 1406 3632 3633 3647 3647 3646 3632 3450 3646 3647 3647 3472 3450 3634 3648 3647 3647 3633 3634 3472 3647 3648 3648 3496 3472 3634 3635 3649 3649 3648 3634 3496 3648 3649 3649 3509 3496 3636 3650 3651 3651 3637 3636 3536 3651 3650 3650 3533 3536 3652 3650 3636 3636 3638 3652 3650 3652 3549 3549 3533 3650 3652 3638 3639 3639 3653 3652 3652 3653 3561 3561 3549 3652 3653 3639 1381 1381 1415 3653 3653 1415 1290 1290 3561 3653 1405 3458 3454 3454 1416 1405 1417 1416 3454 3454 3457 1417 3457 1342 1417 1146 184 2481 2481 3436 1146 2480 3438 3436 3436 2481 2480 2482 3441 3438 3438 2480 2482 2483 3442 3441 3441 2482 2483 3655 2424 2484 2484 3654 3655 2413 2412 3656 3656 3657 2413 3010 3009 3025 3010 3025 2956 3658 2460 2413 2413 3657 3658 2460 3658 2464 2679 2625 2619 384 325 331 1388 1392 1291 1291 1277 1388 1291 1392 3645 3645 3562 1291 3562 3645 3534 3534 3548 3562 1252 1388 1277 1277 1264 1252 2300 3659 2299 1837 1870 3660 </p>
        </polylist>
      </mesh>
    </geometry>
    <geometry id="meshId2" name="meshId2_name" >
      <mesh>
        <source id="meshId2-positions" name="meshId2-positions">
          <float_array id="meshId2-positions-array" count="1002"> 0.0444319 0.0543924 -0.667299 0.0500362 0.0533803 -0.667798 0.0456888 0.0570411 -0.667181 0.0500362 0.0533803 -0.667798 0.048072 0.0587359 -0.667421 0.0500362 0.0533803 -0.667798 0.0509427 0.0590227 -0.667956 0.0500362 0.0533803 -0.667798 0.0535319 0.0578246 -0.668642 0.0500362 0.0533803 -0.667798 0.0551455 0.0554628 -0.669295 0.0500362 0.0533803 -0.667798 0.0553515 0.0525699 -0.669741 0.0500362 0.0533803 -0.667798 0.0540944 0.0499213 -0.669859 0.0500362 0.0533803 -0.667798 0.0517115 0.0482265 -0.669619 0.0500362 0.0533803 -0.667798 0.0488406 0.0479397 -0.669084 0.0500362 0.0533803 -0.667798 0.0462515 0.0491378 -0.668398 0.0500362 0.0533803 -0.667798 0.0446378 0.0514997 -0.667745 0.0500362 0.0533803 -0.667798 0.0444319 0.0543924 -0.667299 0.0389202 0.0555375 -0.668279 0.0413483 0.0606543 -0.66805 0.0459522 0.0639283 -0.668514 0.0514979 0.0644824 -0.669548 0.0564997 0.0621679 -0.670873 0.0596173 0.0576051 -0.672135 0.0600152 0.0520166 -0.672995 0.0575869 0.0468999 -0.673224 0.0529831 0.0436257 -0.67276 0.0474374 0.0430718 -0.671726 0.0424356 0.0453862 -0.670401 0.039318 0.049949 -0.669139 0.0389202 0.0555375 -0.668279 0.0338766 0.0567374 -0.67067 0.0373108 0.0639735 -0.670346 0.0438215 0.0686037 -0.671003 0.0516645 0.0693872 -0.672464 0.0587381 0.0661141 -0.674338 0.0631468 0.0596614 -0.676123 0.0637098 0.051758 -0.67734 0.0602755 0.0445218 -0.677663 0.0537648 0.0398916 -0.677006 0.0459219 0.039108 -0.675545 0.0388483 0.0423812 -0.673671 0.0344396 0.0488339 -0.671887 0.0338766 0.0567374 -0.67067 0.0296451 0.0579101 -0.674309 0.0338512 0.0667727 -0.673913 0.0418252 0.0724434 -0.674718 0.0514308 0.0734031 -0.676507 0.0600943 0.0693942 -0.678802 0.0654939 0.0614913 -0.680988 0.0661831 0.0518118 -0.682479 0.0619773 0.0429492 -0.682875 0.0540031 0.0372784 -0.68207 0.0443975 0.0363188 -0.68028 0.0357343 0.0403275 -0.677985 0.0303344 0.0482306 -0.6758 0.0296451 0.0579101 -0.674309 0.0265142 0.058976 -0.678949 0.0312053 0.0688609 -0.678507 0.0400992 0.0751859 -0.679405 0.0508129 0.0762562 -0.681401 0.0604756 0.071785 -0.683961 0.0664982 0.0629703 -0.686399 0.0672669 0.0521742 -0.688061 0.0625759 0.0422893 -0.688503 0.053682 0.0359643 -0.687605 0.0429684 0.034894 -0.685609 0.0333056 0.0393652 -0.683049 0.027283 0.0481798 -0.680612 0.0265142 0.058976 -0.678949 0.0246969 0.0598624 -0.684273 0.0295535 0.0700961 -0.683816 0.0387612 0.0766441 -0.684745 0.0498528 0.0777522 -0.686811 0.0598563 0.0731233 -0.689462 0.0660915 0.0639976 -0.691986 0.0668873 0.0528207 -0.693707 0.0620308 0.042587 -0.694164 0.052823 0.036039 -0.693235 0.0417315 0.0349309 -0.691168 0.031728 0.0395598 -0.688518 0.0254928 0.0486855 -0.685994 0.0246969 0.0598624 -0.684273 0.0243173 0.0605089 -0.689919 0.0290083 0.0703938 -0.689477 0.0379023 0.0767188 -0.690375 0.0486159 0.0777891 -0.692371 0.0582786 0.0733178 -0.69493 0.0643013 0.0645033 -0.697368 0.06507 0.0537071 -0.699031 0.0603789 0.0438222 -0.699473 0.051485 0.0374972 -0.698575 0.0407714 0.0364269 -0.696579 0.0311087 0.0408981 -0.694019 0.025086 0.0497128 -0.691581 0.0243173 0.0605089 -0.689919 0.0254012 0.0608713 -0.695501 0.0296069 0.0697339 -0.695105 0.0375811 0.0754047 -0.69591 0.0471867 0.0763643 -0.697699 0.05585 0.0723556 -0.699995 0.0612498 0.0644525 -0.70218 0.0619392 0.0547729 -0.703671 0.0577331 0.0459104 -0.704067 0.049759 0.0402396 -0.703262 0.0401534 0.03928 -0.701473 0.03149 0.0432889 -0.699178 0.0260903 0.0511918 -0.696992 0.0254012 0.0608713 -0.695501 0.0278744 0.0609251 -0.70064 0.0313087 0.0681613 -0.700317 0.0378195 0.0727915 -0.700974 0.0456624 0.0735751 -0.702435 0.052736 0.0703019 -0.704309 0.0571447 0.0638492 -0.706093 0.0577077 0.0559458 -0.70731 0.0542735 0.0487096 -0.707634 0.0477628 0.0440794 -0.706977 0.0399198 0.0432958 -0.705516 0.0328462 0.046569 -0.703642 0.0284375 0.0530217 -0.701857 0.0278744 0.0609251 -0.70064 0.031569 0.0606665 -0.704985 0.0339973 0.0657832 -0.704756 0.0386011 0.0690574 -0.70522 0.0441469 0.0696113 -0.706254 0.0491487 0.0672969 -0.707579 0.0522663 0.0627341 -0.708841 0.0526641 0.0571456 -0.709701 0.0502359 0.0520288 -0.70993 0.0456321 0.0487547 -0.709465 0.0400864 0.0482007 -0.708432 0.0350845 0.0505151 -0.707107 0.031967 0.0550779 -0.705845 0.031569 0.0606665 -0.704985 0.0362328 0.0601131 -0.708239 0.0374898 0.0627618 -0.708121 0.0398728 0.0644566 -0.708361 0.0427437 0.0647434 -0.708896 0.0453328 0.0635453 -0.709582 0.0469464 0.0611834 -0.710235 0.0471523 0.0582907 -0.710681 0.0458955 0.055642 -0.710799 0.0435123 0.0539472 -0.710559 0.0406416 0.0536604 -0.710024 0.0380524 0.0548585 -0.709338 0.0364388 0.0572203 -0.708685 0.0362328 0.0601131 -0.708239 0.041548 0.0593028 -0.710182 0.041548 0.0593028 -0.710182 0.041548 0.0593028 -0.710182 0.041548 0.0593028 -0.710182 0.041548 0.0593028 -0.710182 0.041548 0.0593028 -0.710182 0.041548 0.0593028 -0.710182 0.041548 0.0593028 -0.710182 0.041548 0.0593028 -0.710182 0.041548 0.0593028 -0.710182 0.041548 0.0593028 -0.710182 0.041548 0.0593028 -0.710182 -0.0444319 0.0543924 -0.667299 -0.0456888 0.0570411 -0.667181 -0.0500362 0.0533803 -0.667798 -0.048072 0.0587359 -0.667421 -0.0500362 0.0533803 -0.667798 -0.0509427 0.0590227 -0.667956 -0.0500362 0.0533803 -0.667798 -0.0535319 0.0578246 -0.668642 -0.0500362 0.0533803 -0.667798 -0.0551455 0.0554628 -0.669295 -0.0500362 0.0533803 -0.667798 -0.0553515 0.0525699 -0.669741 -0.0500362 0.0533803 -0.667798 -0.0540944 0.0499213 -0.669859 -0.0500362 0.0533803 -0.667798 -0.0517115 0.0482265 -0.669619 -0.0500362 0.0533803 -0.667798 -0.0488406 0.0479397 -0.669084 -0.0500362 0.0533803 -0.667798 -0.0462515 0.0491378 -0.668398 -0.0500362 0.0533803 -0.667798 -0.0446378 0.0514997 -0.667745 -0.0500362 0.0533803 -0.667798 -0.0444319 0.0543924 -0.667299 -0.0500362 0.0533803 -0.667798 -0.0389202 0.0555375 -0.668279 -0.0413483 0.0606543 -0.66805 -0.0459522 0.0639283 -0.668514 -0.0514979 0.0644824 -0.669548 -0.0564997 0.0621679 -0.670873 -0.0596173 0.0576051 -0.672135 -0.0600152 0.0520166 -0.672995 -0.0575869 0.0468999 -0.673224 -0.0529831 0.0436257 -0.67276 -0.0474374 0.0430718 -0.671726 -0.0424356 0.0453862 -0.670401 -0.039318 0.049949 -0.669139 -0.0389202 0.0555375 -0.668279 -0.0338766 0.0567374 -0.67067 -0.0373108 0.0639735 -0.670346 -0.0438215 0.0686037 -0.671003 -0.0516645 0.0693872 -0.672464 -0.0587381 0.0661141 -0.674338 -0.0631468 0.0596614 -0.676123 -0.0637098 0.051758 -0.67734 -0.0602755 0.0445218 -0.677663 -0.0537648 0.0398916 -0.677006 -0.0459219 0.039108 -0.675545 -0.0388483 0.0423812 -0.673671 -0.0344396 0.0488339 -0.671887 -0.0338766 0.0567374 -0.67067 -0.0296451 0.0579101 -0.674309 -0.0338512 0.0667727 -0.673913 -0.0418252 0.0724434 -0.674718 -0.0514308 0.0734031 -0.676507 -0.0600943 0.0693942 -0.678802 -0.0654939 0.0614913 -0.680988 -0.0661831 0.0518118 -0.682479 -0.0619773 0.0429492 -0.682875 -0.0540031 0.0372784 -0.68207 -0.0443975 0.0363188 -0.68028 -0.0357343 0.0403275 -0.677985 -0.0303344 0.0482306 -0.6758 -0.0296451 0.0579101 -0.674309 -0.0265142 0.058976 -0.678949 -0.0312053 0.0688609 -0.678507 -0.0400992 0.0751859 -0.679405 -0.0508129 0.0762562 -0.681401 -0.0604756 0.071785 -0.683961 -0.0664982 0.0629703 -0.686399 -0.0672669 0.0521742 -0.688061 -0.0625759 0.0422893 -0.688503 -0.053682 0.0359643 -0.687605 -0.0429684 0.034894 -0.685609 -0.0333056 0.0393652 -0.683049 -0.027283 0.0481798 -0.680612 -0.0265142 0.058976 -0.678949 -0.0246969 0.0598624 -0.684273 -0.0295535 0.0700961 -0.683816 -0.0387612 0.0766441 -0.684745 -0.0498528 0.0777522 -0.686811 -0.0598563 0.0731233 -0.689462 -0.0660915 0.0639976 -0.691986 -0.0668873 0.0528207 -0.693707 -0.0620308 0.042587 -0.694164 -0.052823 0.036039 -0.693235 -0.0417315 0.0349309 -0.691168 -0.031728 0.0395598 -0.688518 -0.0254928 0.0486855 -0.685994 -0.0246969 0.0598624 -0.684273 -0.0243173 0.0605089 -0.689919 -0.0290083 0.0703938 -0.689477 -0.0379023 0.0767188 -0.690375 -0.0486159 0.0777891 -0.692371 -0.0582786 0.0733178 -0.69493 -0.0643013 0.0645033 -0.697368 -0.06507 0.0537071 -0.699031 -0.0603789 0.0438222 -0.699473 -0.051485 0.0374972 -0.698575 -0.0407714 0.0364269 -0.696579 -0.0311087 0.0408981 -0.694019 -0.025086 0.0497128 -0.691581 -0.0243173 0.0605089 -0.689919 -0.0254012 0.0608713 -0.695501 -0.0296069 0.0697339 -0.695105 -0.0375811 0.0754047 -0.69591 -0.0471867 0.0763643 -0.697699 -0.05585 0.0723556 -0.699995 -0.0612498 0.0644525 -0.70218 -0.0619392 0.0547729 -0.703671 -0.0577331 0.0459104 -0.704067 -0.049759 0.0402396 -0.703262 -0.0401534 0.03928 -0.701473 -0.03149 0.0432889 -0.699178 -0.0260903 0.0511918 -0.696992 -0.0254012 0.0608713 -0.695501 -0.0278744 0.0609251 -0.70064 -0.0313087 0.0681613 -0.700317 -0.0378195 0.0727915 -0.700974 -0.0456624 0.0735751 -0.702435 -0.052736 0.0703019 -0.704309 -0.0571447 0.0638492 -0.706093 -0.0577077 0.0559458 -0.70731 -0.0542735 0.0487096 -0.707634 -0.0477628 0.0440794 -0.706977 -0.0399198 0.0432958 -0.705516 -0.0328462 0.046569 -0.703642 -0.0284375 0.0530217 -0.701857 -0.0278744 0.0609251 -0.70064 -0.031569 0.0606665 -0.704985 -0.0339973 0.0657832 -0.704756 -0.0386011 0.0690574 -0.70522 -0.0441469 0.0696113 -0.706254 -0.0491487 0.0672969 -0.707579 -0.0522663 0.0627341 -0.708841 -0.0526641 0.0571456 -0.709701 -0.0502359 0.0520288 -0.70993 -0.0456321 0.0487547 -0.709465 -0.0400864 0.0482007 -0.708432 -0.0350845 0.0505151 -0.707107 -0.031967 0.0550779 -0.705845 -0.031569 0.0606665 -0.704985 -0.0362328 0.0601131 -0.708239 -0.0374898 0.0627618 -0.708121 -0.0398728 0.0644566 -0.708361 -0.0427437 0.0647434 -0.708896 -0.0453328 0.0635453 -0.709582 -0.0469464 0.0611834 -0.710235 -0.0471523 0.0582907 -0.710681 -0.0458955 0.055642 -0.710799 -0.0435123 0.0539472 -0.710559 -0.0406416 0.0536604 -0.710024 -0.0380524 0.0548585 -0.709338 -0.0364388 0.0572203 -0.708685 -0.0362328 0.0601131 -0.708239 -0.041548 0.0593028 -0.710182 -0.041548 0.0593028 -0.710182 -0.041548 0.0593028 -0.710182 -0.041548 0.0593028 -0.710182 -0.041548 0.0593028 -0.710182 -0.041548 0.0593028 -0.710182 -0.041548 0.0593028 -0.710182 -0.041548 0.0593028 -0.710182 -0.041548 0.0593028 -0.710182 -0.041548 0.0593028 -0.710182 -0.041548 0.0593028 -0.710182 -0.041548 0.0593028 -0.710182 </float_array>
          <technique_common>
            <accessor count="334" offset="0" source="#meshId2-positions-array" stride="3">
              <param name="X" type="float" />
              <param name="Y" type="float" />
              <param name="Z" type="float" />
            </accessor>
          </technique_common>
        </source>
        <source id="meshId2-normals" name="meshId2-normals">
          <float_array id="meshId2-normals-array" count="1002"> -0.137735 -0.0743745 0.987673 0.194551 -0.135745 0.971454 -0.0637999 0.0814215 0.994636 0.194551 -0.135745 0.971454 0.0763841 0.18111 0.980492 0.194551 -0.135745 0.971454 0.245238 0.197985 0.949031 0.194551 -0.135745 0.971454 0.397534 0.127515 0.908684 0.194551 -0.135745 0.971454 0.492459 -0.0114255 0.87026 0.194551 -0.135745 0.971454 0.504572 -0.181585 0.844058 0.194551 -0.135745 0.971454 0.430635 -0.337378 0.837096 0.194551 -0.135745 0.971454 0.290464 -0.437068 0.851236 0.194551 -0.135745 0.971454 0.121608 -0.453931 0.882699 0.194551 -0.135745 0.971454 -0.0306964 -0.383456 0.923049 0.194551 -0.135745 0.971454 -0.12562 -0.244527 0.961471 0.194551 -0.135745 0.971454 -0.137735 -0.0743745 0.987673 -0.355297 -0.0276894 0.934343 -0.235774 0.224167 0.9456 -0.0091634 0.385322 0.922736 0.263805 0.412596 0.871878 0.510003 0.298677 0.806653 0.663457 0.0740863 0.744538 0.683039 -0.200989 0.702183 0.563516 -0.452846 0.690927 0.336913 -0.613998 0.71379 0.063941 -0.641268 0.764648 -0.182262 -0.527349 0.829869 -0.335716 -0.302759 0.891982 -0.355297 -0.0276894 0.934343 -0.568163 0.0240589 0.822564 -0.406671 0.364366 0.837769 -0.100488 0.582115 0.806873 0.268353 0.618961 0.738156 0.601007 0.46503 0.650029 0.808345 0.161576 0.566102 0.834815 -0.210102 0.508863 0.673312 -0.550411 0.493658 0.367129 -0.768157 0.524549 -0.00170769 -0.805004 0.593266 -0.334367 -0.651071 0.681399 -0.541696 -0.347619 0.765328 -0.568163 0.0240589 0.822564 -0.749254 0.0751498 0.658005 -0.555115 0.484238 0.676285 -0.187045 0.745991 0.63915 0.256341 0.790284 0.556543 0.656234 0.60524 0.450601 0.905476 0.240448 0.349712 0.937289 -0.206342 0.280913 0.743151 -0.615429 0.26263 0.375078 -0.877186 0.299769 -0.0683066 -0.92148 0.382373 -0.468192 -0.736441 0.488315 -0.717437 -0.37165 0.589204 -0.749254 0.0751498 0.658005 -0.884103 0.121774 0.451146 -0.669377 0.574236 0.471368 -0.262277 0.863748 0.430291 0.228121 0.912738 0.338926 0.670413 0.708077 0.221751 0.946087 0.304603 0.110168 0.981275 -0.189573 0.0340727 0.766551 -0.642034 0.013847 0.359449 -0.931547 0.0549201 -0.130945 -0.980538 0.146285 -0.57324 -0.775876 0.26346 -0.848913 -0.372409 0.375045 -0.884103 0.121774 0.451146 -0.963209 0.160765 0.215366 -0.741456 0.628035 0.23625 -0.321033 0.927021 0.19383 0.185409 0.977614 0.0994728 0.642173 0.766257 -0.0215338 0.926869 0.349581 -0.136773 0.963209 -0.160766 -0.215366 0.741456 -0.628035 -0.23625 0.321034 -0.92702 -0.19383 -0.185409 -0.977614 -0.0994738 -0.642173 -0.766257 0.0215345 -0.926869 -0.349581 0.136773 -0.963209 0.160765 0.215366 -0.981275 0.189573 -0.0340727 -0.766551 0.642035 -0.0138463 -0.359449 0.931548 -0.0549187 0.130945 0.980537 -0.146287 0.57324 0.775877 -0.26346 0.848912 0.37241 -0.375046 0.884103 -0.121774 -0.451146 0.669376 -0.574236 -0.471368 0.262277 -0.863748 -0.430291 -0.228122 -0.912737 -0.338926 -0.670413 -0.708077 -0.221749 -0.946087 -0.304604 -0.110167 -0.981275 0.189573 -0.0340727 -0.937289 0.206344 -0.280913 -0.74315 0.61543 -0.262629 -0.375078 0.877186 -0.299767 0.0683079 0.921481 -0.382371 0.468192 0.736442 -0.488313 0.717436 0.371652 -0.589203 0.749254 -0.0751514 -0.658005 0.555115 -0.484238 -0.676284 0.187045 -0.745991 -0.639149 -0.256341 -0.790286 -0.556541 -0.656235 -0.605242 -0.450598 -0.905476 -0.240449 -0.349711 -0.937289 0.206344 -0.280913 -0.834814 0.210103 -0.508864 -0.673314 0.550411 -0.493657 -0.367129 0.768157 -0.524548 0.00171256 0.805006 -0.593264 0.334369 0.651075 -0.681395 0.541696 0.347623 -0.765326 0.568163 -0.024058 -0.822565 0.40667 -0.364366 -0.837769 0.100488 -0.582114 -0.806874 -0.268352 -0.61896 -0.738157 -0.601006 -0.465028 -0.650031 -0.808344 -0.161574 -0.566104 -0.834814 0.210103 -0.508864 -0.68304 0.200987 -0.702183 -0.563519 0.452847 -0.690924 -0.336915 0.613998 -0.713789 -0.0639366 0.641266 -0.76465 0.182263 0.527349 -0.829869 0.335715 0.302762 -0.891981 0.355295 0.02769 -0.934344 0.235771 -0.224168 -0.945601 0.00916379 -0.385323 -0.922736 -0.263805 -0.412593 -0.87188 -0.510003 -0.298673 -0.806654 -0.663457 -0.0740873 -0.744537 -0.68304 0.200987 -0.702183 -0.504577 0.181581 -0.844056 -0.430635 0.337375 -0.837097 -0.290463 0.437064 -0.851238 -0.121602 0.45393 -0.882701 0.0307019 0.383459 -0.923047 0.125621 0.244531 -0.96147 0.137737 0.0743787 -0.987672 0.063799 -0.0814239 -0.994636 -0.0763844 -0.181119 -0.98049 -0.245239 -0.197982 -0.949032 -0.397538 -0.127514 -0.908683 -0.492465 0.0114185 -0.870257 -0.504577 0.181581 -0.844056 -0.194553 0.135744 -0.971454 -0.194553 0.135744 -0.971454 -0.194553 0.135744 -0.971454 -0.194553 0.135744 -0.971454 -0.194553 0.135744 -0.971454 -0.194553 0.135744 -0.971454 -0.194553 0.135744 -0.971454 -0.194553 0.135744 -0.971454 -0.194553 0.135744 -0.971454 -0.194553 0.135744 -0.971454 -0.194553 0.135744 -0.971454 -0.194553 0.135744 -0.971454 0.137735 -0.0743745 0.987673 0.0637999 0.0814215 0.994636 -0.194551 -0.135745 0.971454 -0.0763841 0.18111 0.980492 -0.194551 -0.135745 0.971454 -0.245238 0.197984 0.949031 -0.194551 -0.135745 0.971454 -0.397534 0.127515 0.908684 -0.194551 -0.135745 0.971454 -0.49246 -0.0114255 0.87026 -0.194551 -0.135745 0.971454 -0.504572 -0.181585 0.844058 -0.194551 -0.135745 0.971454 -0.430635 -0.337378 0.837096 -0.194551 -0.135745 0.971454 -0.290464 -0.437068 0.851236 -0.194551 -0.135745 0.971454 -0.121608 -0.453931 0.882699 -0.194551 -0.135745 0.971454 0.0306964 -0.383456 0.923049 -0.194551 -0.135745 0.971454 0.12562 -0.244527 0.961471 -0.194551 -0.135745 0.971454 0.137735 -0.0743745 0.987673 -0.194551 -0.135745 0.971454 0.355297 -0.0276894 0.934343 0.235774 0.224167 0.9456 0.0091634 0.385322 0.922736 -0.263805 0.412596 0.871878 -0.510003 0.298677 0.806653 -0.663457 0.0740863 0.744537 -0.683039 -0.200989 0.702183 -0.563516 -0.452846 0.690927 -0.336913 -0.613998 0.71379 -0.063941 -0.641268 0.764648 0.182262 -0.527349 0.829869 0.335716 -0.302759 0.891982 0.355297 -0.0276894 0.934343 0.568163 0.0240589 0.822564 0.406671 0.364366 0.837769 0.100488 0.582115 0.806873 -0.268353 0.618961 0.738156 -0.601007 0.46503 0.650029 -0.808345 0.161576 0.566102 -0.834815 -0.210102 0.508863 -0.673312 -0.550411 0.493658 -0.367129 -0.768157 0.524549 0.0017077 -0.805004 0.593266 0.334367 -0.651071 0.681399 0.541696 -0.347619 0.765328 0.568163 0.0240589 0.822564 0.749254 0.0751498 0.658005 0.555115 0.484238 0.676285 0.187045 0.745991 0.63915 -0.256341 0.790284 0.556543 -0.656234 0.60524 0.450601 -0.905476 0.240448 0.349712 -0.937289 -0.206342 0.280913 -0.743151 -0.615429 0.26263 -0.375078 -0.877186 0.299769 0.0683066 -0.92148 0.382373 0.468192 -0.736441 0.488315 0.717437 -0.37165 0.589204 0.749254 0.0751498 0.658005 0.884103 0.121774 0.451146 0.669377 0.574236 0.471368 0.262277 0.863748 0.430291 -0.228121 0.912738 0.338926 -0.670413 0.708077 0.221751 -0.946087 0.304603 0.110168 -0.981275 -0.189573 0.0340727 -0.766551 -0.642034 0.013847 -0.359449 -0.931547 0.0549201 0.130945 -0.980538 0.146286 0.57324 -0.775876 0.263461 0.848913 -0.372409 0.375045 0.884103 0.121774 0.451146 0.963209 0.160765 0.215366 0.741456 0.628035 0.23625 0.321033 0.927021 0.193829 -0.185409 0.977614 0.0994728 -0.642173 0.766257 -0.0215338 -0.926869 0.349581 -0.136773 -0.963209 -0.160766 -0.215366 -0.741456 -0.628035 -0.23625 -0.321034 -0.92702 -0.19383 0.185409 -0.977614 -0.0994738 0.642173 -0.766257 0.0215345 0.926869 -0.349581 0.136773 0.963209 0.160765 0.215366 0.981275 0.189573 -0.0340728 0.76655 0.642035 -0.0138463 0.359448 0.931548 -0.0549187 -0.130945 0.980537 -0.146287 -0.57324 0.775877 -0.263461 -0.848912 0.37241 -0.375046 -0.884103 -0.121774 -0.451146 -0.669376 -0.574236 -0.471368 -0.262277 -0.863748 -0.430291 0.228122 -0.912737 -0.338926 0.670413 -0.708077 -0.221749 0.946087 -0.304604 -0.110167 0.981275 0.189573 -0.0340728 0.937289 0.206344 -0.280913 0.74315 0.61543 -0.262629 0.375078 0.877186 -0.299767 -0.0683079 0.921481 -0.382371 -0.468192 0.736442 -0.488313 -0.717436 0.371652 -0.589203 -0.749254 -0.0751514 -0.658005 -0.555115 -0.484238 -0.676284 -0.187045 -0.745991 -0.639149 0.256341 -0.790286 -0.556541 0.656235 -0.605242 -0.450598 0.905476 -0.240449 -0.349711 0.937289 0.206344 -0.280913 0.834814 0.210103 -0.508864 0.673314 0.550411 -0.493657 0.367129 0.768157 -0.524548 -0.00171257 0.805006 -0.593264 -0.334369 0.651075 -0.681395 -0.541696 0.347623 -0.765326 -0.568163 -0.024058 -0.822565 -0.40667 -0.364366 -0.837769 -0.100488 -0.582114 -0.806874 0.268352 -0.61896 -0.738157 0.601006 -0.465028 -0.650031 0.808344 -0.161574 -0.566104 0.834814 0.210103 -0.508864 0.68304 0.200987 -0.702183 0.563519 0.452847 -0.690924 0.336915 0.613998 -0.713789 0.0639366 0.641266 -0.76465 -0.182263 0.527349 -0.829869 -0.335715 0.302762 -0.891981 -0.355295 0.02769 -0.934344 -0.235771 -0.224168 -0.945601 -0.00916379 -0.385323 -0.922736 0.263805 -0.412593 -0.87188 0.510003 -0.298673 -0.806654 0.663457 -0.0740873 -0.744537 0.68304 0.200987 -0.702183 0.504577 0.181581 -0.844056 0.430635 0.337375 -0.837097 0.290463 0.437064 -0.851238 0.121602 0.45393 -0.882701 -0.0307019 0.383459 -0.923047 -0.125621 0.244531 -0.96147 -0.137737 0.0743787 -0.987672 -0.063799 -0.0814239 -0.994636 0.0763844 -0.181119 -0.98049 0.245239 -0.197982 -0.949032 0.397538 -0.127514 -0.908683 0.492465 0.0114185 -0.870257 0.504577 0.181581 -0.844056 0.194553 0.135744 -0.971454 0.194553 0.135744 -0.971454 0.194553 0.135744 -0.971454 0.194553 0.135744 -0.971454 0.194553 0.135744 -0.971454 0.194553 0.135744 -0.971454 0.194553 0.135744 -0.971454 0.194553 0.135744 -0.971454 0.194553 0.135744 -0.971454 0.194553 0.135744 -0.971454 0.194553 0.135744 -0.971454 0.194553 0.135744 -0.971454 </float_array>
          <technique_common>
            <accessor count="334" offset="0" source="#meshId2-normals-array" stride="3">
              <param name="X" type="float" />
              <param name="Y" type="float" />
              <param name="Z" type="float" />
            </accessor>
          </technique_common>
        </source>
        <source id="meshId2-tangents" name="meshId2-tangents">
          <float_array id="meshId2-tangents-array" count="1002"> 0.902276 0.401913 0.156091 0.88218 0.457207 -0.112785 0.932806 0.35909 0.0304386 0.933068 0.331084 -0.1406 0.981225 0.161006 -0.106181 0.980404 -0.00435102 -0.196951 0.954838 -0.218723 -0.201109 0.87511 -0.42336 -0.234413 0.740849 -0.628899 -0.235856 0.560786 -0.797169 -0.223698 0.328271 -0.923623 -0.197887 0.0754892 -0.985369 -0.152807 -0.183525 -0.977848 -0.100657 -0.429372 -0.902238 -0.0400833 -0.647687 -0.761452 0.0263041 -0.819697 -0.566454 0.0850062 -0.927377 -0.3478 0.137867 -0.977501 -0.10912 0.180514 -0.973286 0.119947 0.195771 -0.913759 0.335011 0.229808 -0.852622 0.491985 0.176028 -0.747362 0.620925 0.236436 -0.731145 0.677877 0.0768743 -0.658638 0.715825 0.231928 -0.689666 0.722924 -0.0417386 0.801708 0.504953 0.319824 0.905874 0.402995 0.130333 0.979005 0.191369 -0.070191 0.960581 -0.194556 -0.198576 0.745426 -0.621419 -0.241202 0.326513 -0.924004 -0.199011 -0.184778 -0.977669 -0.100102 -0.648269 -0.760817 0.0300708 -0.928027 -0.344517 0.141684 -0.972685 0.131284 0.191438 -0.841496 0.520227 0.145769 -0.676344 0.736572 -0.00454707 -0.572183 0.796859 -0.193965 0.583227 0.716949 0.381878 0.824864 0.540634 0.165272 0.96959 0.239187 -0.0518076 0.963239 -0.182413 -0.197224 0.743459 -0.623801 -0.241124 0.32856 -0.921727 -0.206078 -0.18946 -0.977496 -0.0927752 -0.642892 -0.765604 0.0232341 -0.927673 -0.343663 0.146008 -0.97101 0.143145 0.191439 -0.808668 0.569513 0.147346 -0.554193 0.832266 -0.0142327 -0.331576 0.908147 -0.255589 0.386259 0.85665 0.341987 0.744352 0.652054 0.144099 0.954288 0.292387 -0.0619942 0.964834 -0.174546 -0.196544 0.741449 -0.628056 -0.236217 0.324789 -0.923008 -0.206321 -0.185283 -0.977597 -0.0998736 -0.643793 -0.764612 0.0299701 -0.926901 -0.350317 0.134658 -0.966707 0.155868 0.202936 -0.77593 0.607045 0.171547 -0.440874 0.897099 0.029035 -0.104626 0.967634 -0.229647 0.24094 0.946012 0.216818 0.680946 0.727928 0.0802065 0.940143 0.329254 -0.0878816 0.965189 -0.166253 -0.201918 0.741315 -0.626468 -0.24081 0.321295 -0.925647 -0.199868 -0.185224 -0.977282 -0.103014 -0.642121 -0.765998 0.0304628 -0.927219 -0.349906 0.133532 -0.965015 0.159875 0.207813 -0.752539 0.62572 0.205329 -0.358789 0.927096 0.108462 0.0743434 0.989806 -0.12148 0.174593 0.983534 0.046673 0.643361 0.765405 -0.0155661 0.928959 0.34806 -0.126052 0.963727 -0.161127 -0.212763 0.741084 -0.627768 -0.238122 0.319631 -0.926022 -0.200796 -0.184897 -0.977968 -0.0969074 -0.64178 -0.766528 0.0235119 -0.927332 -0.349254 0.134449 -0.963245 0.160788 0.215191 -0.739462 0.626631 0.246026 -0.3175 0.92444 0.211198 0.176524 0.982706 0.0559257 0.192525 0.970633 -0.14424 0.638934 0.760328 -0.116896 0.922331 0.345718 -0.172581 0.961091 -0.161754 -0.223919 0.741027 -0.628106 -0.237405 0.319875 -0.926892 -0.196344 -0.18505 -0.977758 -0.0987217 -0.640512 -0.767527 0.0254545 -0.928686 -0.347088 0.130663 -0.961944 0.157508 0.223284 -0.738931 0.610038 0.286067 -0.323912 0.890905 0.318385 0.175484 0.952845 0.247571 0.293867 0.901211 -0.31853 0.666931 0.713029 -0.216315 0.922772 0.322483 -0.210943 0.957374 -0.168362 -0.23471 0.741614 -0.627951 -0.235979 0.321432 -0.926987 -0.193329 -0.189401 -0.97636 -0.104155 -0.640747 -0.767392 0.0235287 -0.926634 -0.349991 0.13732 -0.961731 0.150894 0.228701 -0.751275 0.579726 0.315443 -0.378036 0.831466 0.407128 0.0669305 0.897489 0.435928 0.455857 0.782055 -0.424953 0.725839 0.619172 -0.299638 0.929366 0.279488 -0.241173 0.954961 -0.177353 -0.237896 0.743659 -0.626414 -0.233616 0.329186 -0.925488 -0.187374 -0.192532 -0.975716 -0.104448 -0.652593 -0.757602 0.0127175 -0.926435 -0.35046 0.137459 -0.962149 0.134434 0.237056 -0.776679 0.531708 0.337722 -0.470922 0.754527 0.457079 -0.133582 0.819387 0.55746 0.654374 0.595437 -0.466101 0.80472 0.48997 -0.335194 0.941535 0.219172 -0.255883 0.952383 -0.189689 -0.238715 0.743833 -0.625921 -0.234382 0.329626 -0.924827 -0.189849 -0.19043 -0.976455 -0.101351 -0.657431 -0.753372 0.0146771 -0.929179 -0.344275 0.134538 -0.964529 0.121813 0.234193 -0.808525 0.48651 0.331051 -0.596033 0.65386 0.46606 -0.401909 0.69932 0.591119 0.798311 0.470427 -0.376028 0.869839 0.402503 -0.285258 0.955997 0.170893 -0.238465 0.945708 -0.217064 -0.241908 0.736973 -0.632537 -0.238261 0.32711 -0.92516 -0.192557 -0.191345 -0.976393 -0.100214 -0.656318 -0.754229 0.0196452 -0.928295 -0.345991 0.136231 -0.96722 0.116507 0.225634 -0.828569 0.475382 0.295779 -0.67483 0.626443 0.390095 -0.584577 0.647587 0.488775 0.885075 0.451219 -0.114204 0.935313 0.324063 -0.142033 0.980078 -0.0134318 -0.198157 0.871346 -0.430889 -0.234714 0.554965 -0.801392 -0.223124 0.0748316 -0.985438 -0.152685 -0.443442 -0.895566 -0.0363322 -0.822046 -0.562893 0.0859762 -0.977539 -0.108652 0.180589 -0.912886 0.337284 0.229953 -0.746282 0.622235 0.236405 -0.658499 0.715956 0.23192 -0.902276 0.401913 0.156091 -0.932806 0.35909 0.0304386 -0.88218 0.457207 -0.112785 -0.981225 0.161006 -0.106181 -0.933068 0.331084 -0.1406 -0.954838 -0.218723 -0.201109 -0.980404 -0.00435102 -0.196951 -0.740849 -0.628899 -0.235856 -0.87511 -0.42336 -0.234413 -0.328271 -0.923623 -0.197887 -0.560786 -0.797169 -0.223698 0.183525 -0.977848 -0.100657 -0.0754892 -0.985369 -0.152807 0.647687 -0.761452 0.0263041 0.429372 -0.902238 -0.0400833 0.927377 -0.3478 0.137867 0.819697 -0.566454 0.0850062 0.973286 0.119947 0.195771 0.977501 -0.10912 0.180514 0.852622 0.491985 0.176028 0.913759 0.335011 0.229808 0.731145 0.677877 0.0768743 0.747362 0.620925 0.236436 0.689666 0.722924 -0.0417385 0.658638 0.715825 0.231928 -0.801708 0.504953 0.319824 -0.905874 0.402995 0.130333 -0.979005 0.191369 -0.070191 -0.960581 -0.194556 -0.198576 -0.745426 -0.621419 -0.241202 -0.326513 -0.924004 -0.199011 0.184778 -0.977669 -0.100102 0.648269 -0.760817 0.0300708 0.928027 -0.344517 0.141684 0.972685 0.131284 0.191438 0.841496 0.520227 0.145769 0.676344 0.736572 -0.00454705 0.572183 0.796859 -0.193965 -0.583227 0.716949 0.381878 -0.824864 0.540634 0.165272 -0.96959 0.239187 -0.0518076 -0.963238 -0.182413 -0.197224 -0.743459 -0.623801 -0.241124 -0.32856 -0.921727 -0.206078 0.18946 -0.977496 -0.0927752 0.642892 -0.765604 0.0232341 0.927673 -0.343663 0.146008 0.97101 0.143145 0.191439 0.808668 0.569513 0.147346 0.554193 0.832266 -0.0142327 0.331576 0.908147 -0.255589 -0.386259 0.85665 0.341987 -0.744352 0.652054 0.144099 -0.954288 0.292387 -0.0619942 -0.964834 -0.174546 -0.196544 -0.741449 -0.628056 -0.236217 -0.324789 -0.923008 -0.206321 0.185283 -0.977597 -0.0998736 0.643793 -0.764612 0.0299701 0.926901 -0.350317 0.134658 0.966707 0.155868 0.202936 0.77593 0.607045 0.171547 0.440874 0.897099 0.029035 0.104626 0.967634 -0.229647 -0.24094 0.946012 0.216818 -0.680946 0.727928 0.0802065 -0.940143 0.329254 -0.0878816 -0.965189 -0.166253 -0.201918 -0.741315 -0.626468 -0.24081 -0.321295 -0.925647 -0.199868 0.185224 -0.977282 -0.103014 0.642121 -0.765998 0.0304628 0.927219 -0.349906 0.133532 0.965015 0.159875 0.207813 0.752538 0.62572 0.205329 0.358789 0.927096 0.108462 -0.0743434 0.989806 -0.12148 -0.174593 0.983534 0.046673 -0.643361 0.765405 -0.0155661 -0.928959 0.34806 -0.126052 -0.963727 -0.161127 -0.212763 -0.741084 -0.627768 -0.238122 -0.319631 -0.926022 -0.200796 0.184897 -0.977968 -0.0969074 0.64178 -0.766528 0.0235119 0.927332 -0.349254 0.134449 0.963244 0.160788 0.215191 0.739462 0.626631 0.246026 0.3175 0.92444 0.211198 -0.176524 0.982706 0.0559258 -0.192525 0.970633 -0.14424 -0.638934 0.760328 -0.116896 -0.922331 0.345718 -0.172581 -0.961091 -0.161754 -0.223919 -0.741027 -0.628106 -0.237405 -0.319875 -0.926892 -0.196344 0.18505 -0.977758 -0.0987217 0.640512 -0.767527 0.0254546 0.928686 -0.347088 0.130663 0.961944 0.157508 0.223284 0.738931 0.610038 0.286068 0.323912 0.890905 0.318385 -0.175484 0.952845 0.247571 -0.293867 0.901211 -0.31853 -0.666931 0.713029 -0.216315 -0.922772 0.322483 -0.210943 -0.957374 -0.168362 -0.23471 -0.741614 -0.627951 -0.235979 -0.321432 -0.926987 -0.193329 0.189401 -0.97636 -0.104155 0.640747 -0.767392 0.0235287 0.926634 -0.34999 0.13732 0.961731 0.150894 0.228701 0.751275 0.579726 0.315443 0.378036 0.831466 0.407128 -0.0669305 0.897489 0.435928 -0.455857 0.782055 -0.424953 -0.725839 0.619172 -0.299638 -0.929366 0.279488 -0.241173 -0.954961 -0.177353 -0.237896 -0.743659 -0.626414 -0.233616 -0.329186 -0.925488 -0.187374 0.192532 -0.975716 -0.104448 0.652593 -0.757602 0.0127175 0.926435 -0.35046 0.137459 0.962149 0.134434 0.237056 0.776679 0.531708 0.337722 0.470922 0.754527 0.457079 0.133582 0.819387 0.55746 -0.654374 0.595437 -0.466101 -0.80472 0.48997 -0.335194 -0.941535 0.219172 -0.255883 -0.952383 -0.189689 -0.238715 -0.743833 -0.625921 -0.234382 -0.329626 -0.924827 -0.189849 0.19043 -0.976455 -0.101351 0.657431 -0.753372 0.0146771 0.929179 -0.344275 0.134538 0.964529 0.121813 0.234193 0.808525 0.48651 0.331051 0.596033 0.65386 0.46606 0.401909 0.69932 0.591119 -0.798311 0.470427 -0.376028 -0.869839 0.402503 -0.285258 -0.955997 0.170893 -0.238465 -0.945708 -0.217064 -0.241908 -0.736973 -0.632537 -0.238261 -0.32711 -0.92516 -0.192557 0.191345 -0.976393 -0.100214 0.656318 -0.754229 0.0196452 0.928295 -0.345991 0.136231 0.96722 0.116507 0.225634 0.828569 0.475382 0.295779 0.67483 0.626443 0.390095 0.584577 0.647587 0.488775 -0.885075 0.451219 -0.114204 -0.935313 0.324063 -0.142033 -0.980078 -0.0134318 -0.198157 -0.871346 -0.430889 -0.234714 -0.554965 -0.801392 -0.223124 -0.0748316 -0.985438 -0.152685 0.443442 -0.895566 -0.0363322 0.822046 -0.562893 0.0859762 0.977539 -0.108652 0.180589 0.912886 0.337284 0.229953 0.746282 0.622235 0.236405 0.658499 0.715956 0.23192 </float_array>
          <technique_common>
            <accessor count="334" offset="0" source="#meshId2-tangents-array" stride="3">
              <param name="X" type="float" />
              <param name="Y" type="float" />
              <param name="Z" type="float" />
            </accessor>
          </technique_common>
        </source>
        <source id="meshId2-bitangents" name="meshId2-bitangents">
          <float_array id="meshId2-bitangents-array" count="1002"> -0.408568 0.912652 0.0117487 -0.428846 0.87894 0.208701 -0.354685 0.929744 -0.0988604 -0.302547 0.933786 0.191071 -0.177095 0.970194 -0.165411 0.0309618 0.990734 0.132238 0.167759 0.955491 -0.242682 0.443095 0.895734 0.0364264 0.541395 0.766959 -0.344478 0.804779 0.588299 -0.0789661 0.806053 0.383132 -0.451096 0.977983 0.103063 -0.181457 0.843638 -0.104117 -0.52672 0.881924 -0.409317 -0.233816 0.628534 -0.553504 -0.546423 0.538745 -0.812836 -0.221473 0.235803 -0.829462 -0.50635 0.0815011 -0.984716 -0.15392 -0.194743 -0.882927 -0.427219 -0.356643 -0.932384 -0.0588611 -0.521625 -0.781609 -0.342045 -0.635295 -0.772027 0.0193511 -0.670557 -0.693318 -0.263939 -0.726875 -0.684958 0.0498579 -0.710908 -0.686913 -0.150865 -0.480655 0.862703 -0.157209 -0.351856 0.887324 -0.298083 -0.20363 0.902721 -0.378986 0.0876973 0.889895 -0.447656 0.429228 0.724314 -0.539567 0.673212 0.375136 -0.637227 0.706622 -0.0613741 -0.704925 0.512052 -0.464852 -0.722299 0.158919 -0.710151 -0.685879 -0.223149 -0.756003 -0.615357 -0.508592 -0.671763 -0.53858 -0.655632 -0.604814 -0.452048 -0.739169 -0.603531 -0.298965 -0.580549 0.69671 -0.421376 -0.392707 0.758256 -0.520412 -0.223152 0.77713 -0.588448 0.0125753 0.763946 -0.645158 0.293359 0.628187 -0.720639 0.488494 0.352581 -0.798161 0.516903 -0.018959 -0.855834 0.365158 -0.333012 -0.869346 0.068111 -0.540214 -0.838767 -0.239032 -0.575741 -0.781912 -0.483998 -0.501758 -0.716927 -0.632009 -0.431849 -0.643484 -0.753159 -0.417959 -0.507999 -0.53798 0.510396 -0.670876 -0.371196 0.583386 -0.722409 -0.233126 0.598337 -0.76658 -0.0581832 0.587354 -0.807236 0.140034 0.489111 -0.860907 0.273177 0.300401 -0.913856 0.295228 0.041562 -0.954522 0.182366 -0.191352 -0.964431 -0.0131052 -0.328364 -0.94446 -0.246601 -0.355781 -0.901448 -0.422763 -0.298582 -0.85564 -0.539365 -0.238934 -0.807463 -0.653966 -0.240909 -0.717141 -0.400387 0.300388 -0.865712 -0.297065 0.374665 -0.878282 -0.217583 0.381486 -0.898402 -0.127951 0.373189 -0.91889 -0.031592 0.325829 -0.944901 0.0410963 0.224489 -0.97361 0.0528272 0.0947736 -0.994096 -0.00895139 -0.0322427 -0.99944 -0.105174 -0.0989207 -0.989522 -0.227155 -0.113956 -0.967168 -0.324163 -0.0805612 -0.942565 -0.388095 -0.0424877 -0.92064 -0.46134 -0.0738612 -0.884144 -0.204316 0.0825574 -0.975417 -0.190603 0.140453 -0.971568 -0.184317 0.139593 -0.972903 -0.191972 0.135313 -0.972027 -0.195981 0.136957 -0.970996 -0.19685 0.142395 -0.970038 -0.195042 0.133163 -0.971713 -0.195859 0.134188 -0.971408 -0.192333 0.136582 -0.971779 -0.194379 0.135716 -0.971493 -0.202013 0.142067 -0.969024 -0.20027 0.152327 -0.967827 -0.202651 0.0918855 -0.974931 0.00572829 -0.148099 -0.988956 -0.0645233 -0.0984533 -0.993048 -0.141781 -0.112687 -0.983463 -0.243223 -0.111274 -0.963567 -0.349678 -0.0591414 -0.935001 -0.420748 0.0467109 -0.905974 -0.42909 0.170765 -0.886973 -0.376404 0.284878 -0.881569 -0.262209 0.365335 -0.893183 -0.150417 0.376964 -0.913933 -0.0672822 0.355641 -0.932198 0.00116729 0.336905 -0.941538 0.0793988 0.236957 -0.96827 0.187435 -0.381105 -0.905332 0.054135 -0.33591 -0.940337 -0.0883659 -0.355737 -0.930399 -0.280657 -0.35004 -0.893702 -0.480421 -0.251656 -0.840158 -0.618035 -0.0506874 -0.784515 -0.634623 0.202665 -0.745776 -0.530368 0.420266 -0.736265 -0.326135 0.566572 -0.756724 -0.0967603 0.593868 -0.798723 0.0703037 0.545528 -0.835139 0.192879 0.500848 -0.843771 0.342067 0.389789 -0.855017 0.308676 -0.586726 -0.748646 0.140735 -0.560066 -0.816407 -0.0386536 -0.576039 -0.816508 -0.296725 -0.566136 -0.769054 -0.578937 -0.428612 -0.693631 -0.773435 -0.150435 -0.615766 -0.800077 0.217713 -0.558997 -0.639329 0.54155 -0.545877 -0.362794 0.733703 -0.574509 -0.0474951 0.773832 -0.631608 0.188577 0.707839 -0.680737 0.353289 0.636068 -0.686006 0.53408 0.53335 -0.655969 0.324425 -0.777856 -0.538228 0.186741 -0.744889 -0.640522 -0.000669613 -0.758268 -0.651943 -0.298126 -0.743502 -0.598603 -0.643034 -0.574565 -0.506342 -0.882407 -0.230285 -0.410276 -0.915151 0.213936 -0.341657 -0.715679 0.618207 -0.324998 -0.369516 0.856154 -0.361189 0.00957999 0.902734 -0.430092 0.29357 0.821037 -0.489606 0.452294 0.75298 -0.477966 0.609858 0.685971 -0.396885 0.328787 -0.863555 -0.382325 0.240695 -0.850981 -0.466794 0.0412463 -0.883046 -0.46747 -0.301412 -0.864194 -0.40289 -0.675225 -0.672945 -0.302019 -0.936599 -0.290317 -0.196208 -0.97181 0.20279 -0.120254 -0.751782 0.651543 -0.101559 -0.363915 0.92059 -0.141703 0.0658972 0.973257 -0.220065 0.394255 0.87049 -0.294636 0.549621 0.779383 -0.300796 0.635352 0.74004 -0.22061 0.422836 -0.882029 -0.20793 0.295532 -0.936246 -0.190011 -0.0399471 -0.990653 -0.130427 -0.45045 -0.892137 -0.0344496 -0.808803 -0.582532 0.0805798 -0.978033 -0.102401 0.181562 -0.874933 0.423715 0.23443 -0.535154 0.815307 0.221101 -0.0810364 0.984768 0.153834 0.358871 0.931565 0.0582995 0.636563 0.770972 -0.0197539 0.727 0.684822 -0.0499038 0.408568 0.912652 0.0117487 0.354685 0.929744 -0.0988604 0.428846 0.87894 0.208701 0.177095 0.970194 -0.165411 0.302547 0.933786 0.191071 -0.167759 0.955491 -0.242682 -0.0309618 0.990734 0.132238 -0.541395 0.766959 -0.344478 -0.443095 0.895734 0.0364264 -0.806053 0.383132 -0.451096 -0.804779 0.588299 -0.0789661 -0.843638 -0.104117 -0.52672 -0.977983 0.103063 -0.181457 -0.628534 -0.553503 -0.546423 -0.881924 -0.409317 -0.233816 -0.235802 -0.829462 -0.50635 -0.538745 -0.812836 -0.221473 0.194743 -0.882927 -0.427219 -0.0815011 -0.984716 -0.15392 0.521625 -0.781609 -0.342045 0.356643 -0.932384 -0.0588611 0.670557 -0.693318 -0.263939 0.635295 -0.772027 0.0193511 0.710908 -0.686913 -0.150865 0.726875 -0.684958 0.0498579 0.480655 0.862703 -0.157209 0.351856 0.887324 -0.298082 0.20363 0.902721 -0.378986 -0.0876973 0.889895 -0.447656 -0.429228 0.724314 -0.539567 -0.673212 0.375136 -0.637227 -0.706622 -0.0613741 -0.704925 -0.512052 -0.464852 -0.722299 -0.158919 -0.710151 -0.685879 0.223149 -0.756003 -0.615357 0.508592 -0.671763 -0.53858 0.655632 -0.604814 -0.452048 0.739169 -0.603531 -0.298965 0.580549 0.69671 -0.421376 0.392706 0.758256 -0.520413 0.223152 0.77713 -0.588449 -0.0125753 0.763946 -0.645158 -0.293359 0.628187 -0.720639 -0.488494 0.352581 -0.798161 -0.516903 -0.018959 -0.855834 -0.365158 -0.333012 -0.869346 -0.068111 -0.540214 -0.838767 0.239032 -0.575741 -0.781912 0.483998 -0.501758 -0.716927 0.632009 -0.431849 -0.643484 0.753159 -0.417959 -0.507999 0.53798 0.510396 -0.670876 0.371196 0.583386 -0.722409 0.233126 0.598337 -0.76658 0.0581832 0.587354 -0.807236 -0.140034 0.489111 -0.860907 -0.273177 0.300401 -0.913856 -0.295228 0.041562 -0.954522 -0.182366 -0.191352 -0.964431 0.0131052 -0.328364 -0.94446 0.246601 -0.355781 -0.901448 0.422763 -0.298582 -0.85564 0.539365 -0.238934 -0.807463 0.653966 -0.240909 -0.717141 0.400387 0.300388 -0.865712 0.297065 0.374665 -0.878282 0.217583 0.381486 -0.898402 0.127951 0.373189 -0.91889 0.0315919 0.325829 -0.944901 -0.0410963 0.224489 -0.97361 -0.0528272 0.0947736 -0.994096 0.00895139 -0.0322427 -0.99944 0.105174 -0.0989207 -0.989522 0.227156 -0.113956 -0.967168 0.324163 -0.0805612 -0.942565 0.388095 -0.0424877 -0.92064 0.46134 -0.0738612 -0.884144 0.204316 0.0825573 -0.975417 0.190603 0.140453 -0.971568 0.184317 0.139593 -0.972903 0.191972 0.135313 -0.972027 0.195981 0.136957 -0.970996 0.19685 0.142395 -0.970038 0.195042 0.133163 -0.971713 0.195859 0.134188 -0.971408 0.192333 0.136582 -0.971779 0.194379 0.135716 -0.971493 0.202013 0.142067 -0.969024 0.20027 0.152327 -0.967827 0.202651 0.0918855 -0.974931 -0.0057283 -0.148099 -0.988956 0.0645233 -0.0984532 -0.993048 0.141781 -0.112687 -0.983463 0.243223 -0.111274 -0.963567 0.349678 -0.0591415 -0.935001 0.420748 0.0467109 -0.905974 0.42909 0.170765 -0.886973 0.376404 0.284878 -0.881569 0.262209 0.365335 -0.893183 0.150416 0.376964 -0.913933 0.0672822 0.355641 -0.932198 -0.00116727 0.336905 -0.941538 -0.0793988 0.236957 -0.96827 -0.187435 -0.381105 -0.905332 -0.054135 -0.33591 -0.940337 0.0883659 -0.355737 -0.930399 0.280657 -0.35004 -0.893702 0.480421 -0.251656 -0.840158 0.618035 -0.0506874 -0.784515 0.634623 0.202665 -0.745776 0.530368 0.420266 -0.736265 0.326135 0.566572 -0.756724 0.0967603 0.593868 -0.798723 -0.0703037 0.545528 -0.835139 -0.192879 0.500848 -0.843771 -0.342067 0.389789 -0.855017 -0.308676 -0.586726 -0.748646 -0.140735 -0.560066 -0.816407 0.0386536 -0.576039 -0.816508 0.296725 -0.566136 -0.769054 0.578936 -0.428612 -0.693631 0.773435 -0.150435 -0.615766 0.800077 0.217713 -0.558997 0.639329 0.54155 -0.545877 0.362794 0.733703 -0.574509 0.0474951 0.773832 -0.631608 -0.188577 0.707839 -0.680737 -0.353289 0.636068 -0.686006 -0.53408 0.53335 -0.655969 -0.324425 -0.777856 -0.538228 -0.186741 -0.744889 -0.640522 0.000669628 -0.758268 -0.651943 0.298126 -0.743502 -0.598603 0.643034 -0.574565 -0.506342 0.882407 -0.230285 -0.410276 0.915151 0.213936 -0.341657 0.715679 0.618207 -0.324998 0.369516 0.856154 -0.361189 -0.00957998 0.902734 -0.430092 -0.29357 0.821037 -0.489606 -0.452294 0.75298 -0.477966 -0.609858 0.685971 -0.396885 -0.328787 -0.863555 -0.382325 -0.240695 -0.850981 -0.466794 -0.0412462 -0.883046 -0.46747 0.301412 -0.864194 -0.40289 0.675225 -0.672945 -0.302019 0.936599 -0.290317 -0.196208 0.97181 0.20279 -0.120254 0.751782 0.651543 -0.101559 0.363915 0.92059 -0.141703 -0.0658971 0.973257 -0.220065 -0.394255 0.87049 -0.294636 -0.549621 0.779383 -0.300796 -0.635352 0.74004 -0.22061 -0.422836 -0.882029 -0.20793 -0.295532 -0.936246 -0.190011 0.0399471 -0.990653 -0.130427 0.45045 -0.892137 -0.0344496 0.808803 -0.582532 0.0805798 0.978033 -0.102401 0.181562 0.874933 0.423715 0.23443 0.535154 0.815307 0.221101 0.0810364 0.984768 0.153834 -0.358871 0.931565 0.0582995 -0.636563 0.770972 -0.0197539 -0.727 0.684822 -0.0499038 </float_array>
          <technique_common>
            <accessor count="334" offset="0" source="#meshId2-bitangents-array" stride="3">
              <param name="X" type="float" />
              <param name="Y" type="float" />
              <param name="Z" type="float" />
            </accessor>
          </technique_common>
        </source>
        <source id="meshId2-tex0" name="meshId2-tex0">
          <float_array id="meshId2-tex0-array" count="668"> 0.250394 0.949086 0.253595 0.946618 0.252178 0.950404 0.254396 0.946892 0.255048 0.950994 0.257127 0.947222 0.258755 0.951209 0.260939 0.94734 0.26306 0.951244 0.265374 0.947344 0.267734 0.951216 0.27014 0.947324 0.272563 0.951205 0.274973 0.94732 0.277377 0.951207 0.2797 0.947335 0.281976 0.951236 0.284048 0.947338 0.286165 0.951212 0.287767 0.947246 0.289732 0.951045 0.290356 0.946953 0.292526 0.950478 0.291101 0.946698 0.294299 0.949167 0.245413 0.951206 0.248498 0.953604 0.25263 0.954652 0.257238 0.954908 0.262124 0.954905 0.267213 0.954835 0.27238 0.954835 0.27755 0.95484 0.282601 0.954921 0.287475 0.9549 0.292075 0.954613 0.296188 0.953578 0.299179 0.951245 0.240949 0.954597 0.245679 0.957115 0.250903 0.958232 0.256191 0.95847 0.261515 0.958471 0.266866 0.958358 0.272275 0.958392 0.277666 0.958364 0.283035 0.958482 0.288413 0.958435 0.293784 0.958136 0.299044 0.957028 0.303599 0.954449 0.237683 0.958835 0.243803 0.960827 0.249736 0.961596 0.255571 0.961833 0.261229 0.961864 0.266773 0.961873 0.272294 0.961664 0.277818 0.961868 0.283398 0.961755 0.289079 0.961807 0.294909 0.961578 0.300885 0.960799 0.30689 0.958615 0.235731 0.963556 0.242678 0.964518 0.249148 0.964981 0.255236 0.965146 0.261039 0.965131 0.266712 0.965049 0.272306 0.965045 0.277907 0.965049 0.283574 0.965109 0.289393 0.965056 0.295474 0.964943 0.301951 0.964516 0.309015 0.96327 0.235149 0.968437 0.242363 0.9683 0.248915 0.968311 0.255108 0.96832 0.260991 0.968301 0.266692 0.968281 0.272311 0.968224 0.277935 0.968298 0.283634 0.968282 0.289508 0.968253 0.295717 0.968237 0.302344 0.968256 0.309584 0.968266 0.235891 0.97327 0.242644 0.972103 0.249166 0.971617 0.255216 0.971519 0.261054 0.971465 0.266721 0.971485 0.272308 0.971456 0.277912 0.971521 0.283595 0.971481 0.289427 0.971421 0.295537 0.97155 0.302035 0.972023 0.308825 0.973147 0.237772 0.978001 0.24385 0.975782 0.24975 0.975061 0.255609 0.974766 0.261267 0.974731 0.266826 0.974767 0.272311 0.974709 0.277812 0.97472 0.283412 0.97476 0.289103 0.974729 0.294931 0.974916 0.300851 0.975691 0.306956 0.97793 0.241118 0.982046 0.2457 0.979567 0.250939 0.978411 0.256239 0.978129 0.261561 0.978114 0.266914 0.978169 0.272301 0.978231 0.277687 0.97812 0.28305 0.97803 0.288429 0.978088 0.293805 0.978368 0.299047 0.979471 0.303617 0.982066 0.245517 0.985462 0.248566 0.983049 0.252692 0.981975 0.257299 0.981691 0.262184 0.981672 0.267254 0.981717 0.272431 0.981747 0.277582 0.981671 0.282623 0.981593 0.287497 0.981618 0.292096 0.981895 0.296204 0.982926 0.299195 0.985261 0.250494 0.987554 0.252267 0.986225 0.255129 0.985619 0.25883 0.985385 0.263128 0.985332 0.26779 0.985345 0.272621 0.985355 0.277421 0.985319 0.282009 0.985281 0.286194 0.985305 0.289757 0.985466 0.29255 0.98603 0.294322 0.987341 0.253711 0.99 0.254503 0.989724 0.257225 0.98938 0.261026 0.989245 0.265449 0.989225 0.270198 0.989237 0.275049 0.989224 0.279747 0.989187 0.28408 0.98918 0.287799 0.989268 0.290384 0.989558 0.291124 0.989809 0.250394 0.949086 0.252178 0.950404 0.253595 0.946618 0.255048 0.950994 0.254396 0.946892 0.258755 0.951209 0.257127 0.947222 0.26306 0.951244 0.260939 0.94734 0.267734 0.951216 0.265374 0.947344 0.272563 0.951205 0.27014 0.947324 0.277377 0.951207 0.274973 0.94732 0.281976 0.951236 0.2797 0.947335 0.286165 0.951212 0.284048 0.947338 0.289732 0.951045 0.287767 0.947246 0.292526 0.950478 0.290356 0.946953 0.294299 0.949167 0.291101 0.946698 0.245413 0.951206 0.248498 0.953604 0.25263 0.954652 0.257238 0.954908 0.262124 0.954905 0.267213 0.954835 0.27238 0.954835 0.27755 0.95484 0.282601 0.954921 0.287475 0.9549 0.292075 0.954613 0.296188 0.953578 0.299179 0.951245 0.240949 0.954597 0.245679 0.957115 0.250903 0.958232 0.256191 0.95847 0.261515 0.958471 0.266866 0.958358 0.272275 0.958392 0.277666 0.958364 0.283035 0.958482 0.288413 0.958435 0.293784 0.958136 0.299044 0.957028 0.303599 0.954449 0.237683 0.958835 0.243803 0.960827 0.249736 0.961596 0.255571 0.961833 0.261229 0.961864 0.266773 0.961873 0.272294 0.961664 0.277818 0.961868 0.283398 0.961755 0.289079 0.961807 0.294909 0.961578 0.300885 0.960799 0.30689 0.958615 0.235731 0.963556 0.242678 0.964518 0.249148 0.964981 0.255236 0.965146 0.261039 0.965131 0.266712 0.965049 0.272306 0.965045 0.277907 0.965049 0.283574 0.965109 0.289393 0.965056 0.295474 0.964943 0.301951 0.964516 0.309015 0.96327 0.235149 0.968437 0.242363 0.9683 0.248915 0.968311 0.255108 0.96832 0.260991 0.968301 0.266692 0.968281 0.272311 0.968224 0.277935 0.968298 0.283634 0.968282 0.289508 0.968253 0.295717 0.968237 0.302344 0.968256 0.309584 0.968266 0.235891 0.97327 0.242644 0.972103 0.249166 0.971617 0.255216 0.971519 0.261054 0.971465 0.266721 0.971485 0.272308 0.971456 0.277912 0.971521 0.283595 0.971481 0.289427 0.971421 0.295537 0.97155 0.302035 0.972023 0.308825 0.973147 0.237772 0.978001 0.24385 0.975782 0.24975 0.975061 0.255609 0.974766 0.261267 0.974731 0.266826 0.974767 0.272311 0.974709 0.277812 0.97472 0.283412 0.97476 0.289103 0.974729 0.294931 0.974916 0.300851 0.975691 0.306956 0.97793 0.241118 0.982046 0.2457 0.979567 0.250939 0.978411 0.256239 0.978129 0.261561 0.978114 0.266914 0.978169 0.272301 0.978231 0.277687 0.97812 0.28305 0.97803 0.288429 0.978088 0.293805 0.978368 0.299047 0.979471 0.303617 0.982066 0.245517 0.985462 0.248566 0.983049 0.252692 0.981975 0.257299 0.981691 0.262184 0.981672 0.267254 0.981717 0.272431 0.981747 0.277582 0.981671 0.282623 0.981593 0.287497 0.981618 0.292096 0.981895 0.296204 0.982926 0.299195 0.985261 0.250494 0.987554 0.252267 0.986225 0.255129 0.985619 0.25883 0.985385 0.263128 0.985332 0.26779 0.985345 0.272621 0.985355 0.277421 0.985319 0.282009 0.985281 0.286194 0.985305 0.289757 0.985466 0.29255 0.98603 0.294322 0.987341 0.253711 0.99 0.254503 0.989724 0.257225 0.98938 0.261026 0.989245 0.265449 0.989225 0.270198 0.989237 0.275049 0.989224 0.279747 0.989187 0.28408 0.98918 0.287799 0.989268 0.290384 0.989558 0.291124 0.989809 </float_array>
          <technique_common>
            <accessor count="334" offset="0" source="#meshId2-tex0-array" stride="2">
              <param name="S" type="float" />
              <param name="T" type="float" />
            </accessor>
          </technique_common>
        </source>
        <vertices id="meshId2-vertices">
          <input semantic="POSITION" source="#meshId2-positions" />
        </vertices>
        <polylist count="528" material="defaultMaterial">
          <input offset="0" semantic="VERTEX" source="#meshId2-vertices" />
          <input offset="0" semantic="NORMAL" source="#meshId2-normals" />
          <input offset="0" semantic="TANGENT" source="#meshId2-tangents" />
          <input offset="0" semantic="BINORMAL" source="#meshId2-bitangents" />
          <input offset="0" semantic="TEXCOORD" source="#meshId2-tex0" set="0" />
          <vcount>3 3 3 3 3 3 3 3 3 3 3 3 3 3 3 3 3 3 3 3 3 3 3 3 3 3 3 3 3 3 3 3 3 3 3 3 3 3 3 3 3 3 3 3 3 3 3 3 3 3 3 3 3 3 3 3 3 3 3 3 3 3 3 3 3 3 3 3 3 3 3 3 3 3 3 3 3 3 3 3 3 3 3 3 3 3 3 3 3 3 3 3 3 3 3 3 3 3 3 3 3 3 3 3 3 3 3 3 3 3 3 3 3 3 3 3 3 3 3 3 3 3 3 3 3 3 3 3 3 3 3 3 3 3 3 3 3 3 3 3 3 3 3 3 3 3 3 3 3 3 3 3 3 3 3 3 3 3 3 3 3 3 3 3 3 3 3 3 3 3 3 3 3 3 3 3 3 3 3 3 3 3 3 3 3 3 3 3 3 3 3 3 3 3 3 3 3 3 3 3 3 3 3 3 3 3 3 3 3 3 3 3 3 3 3 3 3 3 3 3 3 3 3 3 3 3 3 3 3 3 3 3 3 3 3 3 3 3 3 3 3 3 3 3 3 3 3 3 3 3 3 3 3 3 3 3 3 3 3 3 3 3 3 3 3 3 3 3 3 3 3 3 3 3 3 3 3 3 3 3 3 3 3 3 3 3 3 3 3 3 3 3 3 3 3 3 3 3 3 3 3 3 3 3 3 3 3 3 3 3 3 3 3 3 3 3 3 3 3 3 3 3 3 3 3 3 3 3 3 3 3 3 3 3 3 3 3 3 3 3 3 3 3 3 3 3 3 3 3 3 3 3 3 3 3 3 3 3 3 3 3 3 3 3 3 3 3 3 3 3 3 3 3 3 3 3 3 3 3 3 3 3 3 3 3 3 3 3 3 3 3 3 3 3 3 3 3 3 3 3 3 3 3 3 3 3 3 3 3 3 3 3 3 3 3 3 3 3 3 3 3 3 3 3 3 3 3 3 3 3 3 3 3 3 3 3 3 3 3 3 3 3 3 3 3 3 3 3 3 3 3 3 3 3 3 3 3 3 3 3 3 3 3 3 3 3 3 3 3 3 3 3 3 3 3 3 3 3 3 3 3 3 3 3 3 3 3 3 3 3 3 3 3 3 3 3 3 3 3 3 3 3 3 3 3 3 3 3 3 3 3 3 3 3 3 3 3 3 3 3 3 3 3 3 3 3 3 3 </vcount>
          <p>0 1 2 2 3 4 4 5 6 6 7 8 8 9 10 10 11 12 12 13 14 14 15 16 16 17 18 18 19 20 20 21 22 22 23 24 26 25 0 0 2 26 27 26 2 2 4 27 28 27 4 4 6 28 29 28 6 6 8 29 30 29 8 8 10 30 31 30 10 10 12 31 32 31 12 12 14 32 33 32 14 14 16 33 34 33 16 16 18 34 35 34 18 18 20 35 36 35 20 20 22 36 37 36 22 22 24 37 39 38 25 25 26 39 40 39 26 26 27 40 41 40 27 27 28 41 42 41 28 28 29 42 43 42 29 29 30 43 44 43 30 30 31 44 45 44 31 31 32 45 46 45 32 32 33 46 47 46 33 33 34 47 48 47 34 34 35 48 49 48 35 35 36 49 50 49 36 36 37 50 52 51 38 38 39 52 53 52 39 39 40 53 54 53 40 40 41 54 55 54 41 41 42 55 56 55 42 42 43 56 57 56 43 43 44 57 58 57 44 44 45 58 59 58 45 45 46 59 60 59 46 46 47 60 61 60 47 47 48 61 62 61 48 48 49 62 63 62 49 49 50 63 65 64 51 51 52 65 66 65 52 52 53 66 67 66 53 53 54 67 68 67 54 54 55 68 69 68 55 55 56 69 70 69 56 56 57 70 71 70 57 57 58 71 72 71 58 58 59 72 73 72 59 59 60 73 74 73 60 60 61 74 75 74 61 61 62 75 76 75 62 62 63 76 78 77 64 64 65 78 79 78 65 65 66 79 80 79 66 66 67 80 81 80 67 67 68 81 82 81 68 68 69 82 83 82 69 69 70 83 84 83 70 70 71 84 85 84 71 71 72 85 86 85 72 72 73 86 87 86 73 73 74 87 88 87 74 74 75 88 89 88 75 75 76 89 91 90 77 77 78 91 92 91 78 78 79 92 93 92 79 79 80 93 94 93 80 80 81 94 95 94 81 81 82 95 96 95 82 82 83 96 97 96 83 83 84 97 98 97 84 84 85 98 99 98 85 85 86 99 100 99 86 86 87 100 101 100 87 87 88 101 102 101 88 88 89 102 104 103 90 90 91 104 105 104 91 91 92 105 106 105 92 92 93 106 107 106 93 93 94 107 108 107 94 94 95 108 109 108 95 95 96 109 110 109 96 96 97 110 111 110 97 97 98 111 112 111 98 98 99 112 113 112 99 99 100 113 114 113 100 100 101 114 115 114 101 101 102 115 117 116 103 103 104 117 118 117 104 104 105 118 119 118 105 105 106 119 120 119 106 106 107 120 121 120 107 107 108 121 122 121 108 108 109 122 123 122 109 109 110 123 124 123 110 110 111 124 125 124 111 111 112 125 126 125 112 112 113 126 127 126 113 113 114 127 128 127 114 114 115 128 130 129 116 116 117 130 131 130 117 117 118 131 132 131 118 118 119 132 133 132 119 119 120 133 134 133 120 120 121 134 135 134 121 121 122 135 136 135 122 122 123 136 137 136 123 123 124 137 138 137 124 124 125 138 139 138 125 125 126 139 140 139 126 126 127 140 141 140 127 127 128 141 143 142 129 129 130 143 144 143 130 130 131 144 145 144 131 131 132 145 146 145 132 132 133 146 147 146 133 133 134 147 148 147 134 134 135 148 149 148 135 135 136 149 150 149 136 136 137 150 151 150 137 137 138 151 152 151 138 138 139 152 153 152 139 139 140 153 154 153 140 140 141 154 142 143 155 143 144 156 144 145 157 145 146 158 146 147 159 147 148 160 148 149 161 149 150 162 150 151 163 151 152 164 152 153 165 153 154 166 167 168 169 168 170 171 170 172 173 172 174 175 174 176 177 176 178 179 178 180 181 180 182 183 182 184 185 184 186 187 186 188 189 188 190 191 167 192 193 193 168 167 168 193 194 194 170 168 170 194 195 195 172 170 172 195 196 196 174 172 174 196 197 197 176 174 176 197 198 198 178 176 178 198 199 199 180 178 180 199 200 200 182 180 182 200 201 201 184 182 184 201 202 202 186 184 186 202 203 203 188 186 188 203 204 204 190 188 192 205 206 206 193 192 193 206 207 207 194 193 194 207 208 208 195 194 195 208 209 209 196 195 196 209 210 210 197 196 197 210 211 211 198 197 198 211 212 212 199 198 199 212 213 213 200 199 200 213 214 214 201 200 201 214 215 215 202 201 202 215 216 216 203 202 203 216 217 217 204 203 205 218 219 219 206 205 206 219 220 220 207 206 207 220 221 221 208 207 208 221 222 222 209 208 209 222 223 223 210 209 210 223 224 224 211 210 211 224 225 225 212 211 212 225 226 226 213 212 213 226 227 227 214 213 214 227 228 228 215 214 215 228 229 229 216 215 216 229 230 230 217 216 218 231 232 232 219 218 219 232 233 233 220 219 220 233 234 234 221 220 221 234 235 235 222 221 222 235 236 236 223 222 223 236 237 237 224 223 224 237 238 238 225 224 225 238 239 239 226 225 226 239 240 240 227 226 227 240 241 241 228 227 228 241 242 242 229 228 229 242 243 243 230 229 231 244 245 245 232 231 232 245 246 246 233 232 233 246 247 247 234 233 234 247 248 248 235 234 235 248 249 249 236 235 236 249 250 250 237 236 237 250 251 251 238 237 238 251 252 252 239 238 239 252 253 253 240 239 240 253 254 254 241 240 241 254 255 255 242 241 242 255 256 256 243 242 244 257 258 258 245 244 245 258 259 259 246 245 246 259 260 260 247 246 247 260 261 261 248 247 248 261 262 262 249 248 249 262 263 263 250 249 250 263 264 264 251 250 251 264 265 265 252 251 252 265 266 266 253 252 253 266 267 267 254 253 254 267 268 268 255 254 255 268 269 269 256 255 257 270 271 271 258 257 258 271 272 272 259 258 259 272 273 273 260 259 260 273 274 274 261 260 261 274 275 275 262 261 262 275 276 276 263 262 263 276 277 277 264 263 264 277 278 278 265 264 265 278 279 279 266 265 266 279 280 280 267 266 267 280 281 281 268 267 268 281 282 282 269 268 270 283 284 284 271 270 271 284 285 285 272 271 272 285 286 286 273 272 273 286 287 287 274 273 274 287 288 288 275 274 275 288 289 289 276 275 276 289 290 290 277 276 277 290 291 291 278 277 278 291 292 292 279 278 279 292 293 293 280 279 280 293 294 294 281 280 281 294 295 295 282 281 283 296 297 297 284 283 284 297 298 298 285 284 285 298 299 299 286 285 286 299 300 300 287 286 287 300 301 301 288 287 288 301 302 302 289 288 289 302 303 303 290 289 290 303 304 304 291 290 291 304 305 305 292 291 292 305 306 306 293 292 293 306 307 307 294 293 294 307 308 308 295 294 296 309 310 310 297 296 297 310 311 311 298 297 298 311 312 312 299 298 299 312 313 313 300 299 300 313 314 314 301 300 301 314 315 315 302 301 302 315 316 316 303 302 303 316 317 317 304 303 304 317 318 318 305 304 305 318 319 319 306 305 306 319 320 320 307 306 307 320 321 321 308 307 309 322 310 310 323 311 311 324 312 312 325 313 313 326 314 314 327 315 315 328 316 316 329 317 317 330 318 318 331 319 319 332 320 320 333 321 </p>
        </polylist>
      </mesh>
    </geometry>
  </library_geometries>
  <library_visual_scenes>
    <visual_scene id="root" name="root">
      <node id="Body_merged" name="Body_merged">
        <matrix>1 0 0 0 0 1 0 0 0 0 1 0 0 0 0 1</matrix>
        <instance_geometry url="#meshId0">
          <bind_material>
            <technique_common>
              <instance_material symbol="defaultMaterial" target="#teeth" />
            </technique_common>
          </bind_material>
        </instance_geometry>
      </node>
      <node id="Body_merged" name="Body_merged">
        <matrix>1 0 0 0 0 1 0 0 0 0 1 0 0 0 0 1</matrix>
        <instance_geometry url="#meshId1">
          <bind_material>
            <technique_common>
              <instance_material symbol="defaultMaterial" target="#body" />
            </technique_common>
          </bind_material>
        </instance_geometry>
      </node>
      <node id="Body_merged" name="Body_merged">
        <matrix>1 0 0 0 0 1 0 0 0 0 1 0 0 0 0 1</matrix>
        <instance_geometry url="#meshId2">
          <bind_material>
            <technique_common>
              <instance_material symbol="defaultMaterial" target="#eyes" />
            </technique_common>
          </bind_material>
        </instance_geometry>
      </node>
    </visual_scene>
  </library_visual_scenes>
  <scene>
    <instance_visual_scene url="#root" />
  </scene>
</COLLADA>
